archive_path	bytes	group	current_path_status	current_path	candidate_depot_manifests	archive_sha256
content/citadel/maps/climbrope.vmap	89453	source-content	no-current-path-match-in-checked-sources			229954aeedf115a78a4330f439116638575d962814811c90f59013033ffd8d5f
content/citadel/maps/editor/21876_23088_6b60.dmx	173342	source-content	no-current-path-match-in-checked-sources			9fa75363b9827b596103223c05222048507d3a1aff44529215cf0d6c94b25b64
content/citadel/maps/editor/toolscene_default.vmap	97927	source-content	no-current-path-match-in-checked-sources			83c7b4f3b4d9efd84eb408a6430e4a63c019115d1c3132ecc06f1ba000f047fb
content/citadel/maps/editor/toolscene_default_light.vmap	64391	source-content	no-current-path-match-in-checked-sources			fb4059e7c5ea19e5b216c8fdb56a60c48374c3f270671a44a7f505967dcd88a9
content/citadel/maps/editor/toolscene_headlight.vmap	44434	source-content	no-current-path-match-in-checked-sources			04f48a8003620ff2c0eae2c6befb6b7dec80672fe37eb4c6f679f4990c8affef
content/citadel/maps/editor/toolscene_lighting_basic_field.vmap	151803	source-content	no-current-path-match-in-checked-sources			c786e73cb287b1cbe9b4adf2abc6166914be4e0113d16c7cfe08186550eb0cc9
content/citadel/maps/editor/toolscene_lighting_basic_interior.vmap	101034	source-content	no-current-path-match-in-checked-sources			3b836934b152ee4e0d987081240bf682b4f0e349f94272b74bfa3f41616b5a6a
content/citadel/maps/editor/toolscene_lighting_basic_interior_bakeresourcecache.vpk	527208	source-content	no-current-path-match-in-checked-sources			6e583a4344aa713b72548f7b118b4b5bae2bd6cf7ada7c0c6c1b800013af735a
content/citadel/maps/editor/toolscene_lighting_basic_interior_factory.vmap	89065	source-content	no-current-path-match-in-checked-sources			88520e4b2608915974a7c9422eeb107d2c441eb0678610b21dd9b7a6f59fd484
content/citadel/maps/editor/toolscene_lighting_basic_interior_factory_bakeresourcecache.vpk	527296	source-content	no-current-path-match-in-checked-sources			05076f9be38c9a7dcc62850546a3e93209986cc2c53995db25375ea0a21d35e9
content/citadel/maps/editor/toolscene_lighting_basic_overcast.vmap	61674	source-content	no-current-path-match-in-checked-sources			15b6c2a364e6578953ba2b219eac1168c6df0e61251500f031ac3985841caf57
content/citadel/maps/editor/toolscene_lighting_basic_overcast_bakeresourcecache.vpk	527208	source-content	no-current-path-match-in-checked-sources			32eaa07085196d984ad31a05e83c743a8f3e6cc5e0d2c0a1dc5aac4c1697f763
content/citadel/maps/editor/toolscene_lighting_basic_sunny.vmap	56142	source-content	no-current-path-match-in-checked-sources			0c682d41253da41b15fa417a82ae9c05beafedcf63817dd4c74a9646643dd384
content/citadel/maps/editor/toolscene_lighting_basic_sunny_bakeresourcecache.vpk	527173	source-content	no-current-path-match-in-checked-sources			6786797e620d5bf00371192b51344374dd06f8e5ff1a538c6cb5e4982b4e6af6
content/citadel/maps/editor/toolscene_lighting_basic_sunset.vmap	61270	source-content	no-current-path-match-in-checked-sources			e1ab1815d17fb4190122a55419f0837d5559b085a400efef89e7421727af7494
content/citadel/maps/editor/toolscene_lighting_basic_sunset_bakeresourcecache.vpk	527174	source-content	no-current-path-match-in-checked-sources			6162092441724da7e7450ea9779148130f9e20cb77f33bbe12a69bdea3c6fe15
content/citadel/maps/editor/toolscene_lighting_dark.vmap	37945	source-content	no-current-path-match-in-checked-sources			fc64dcc715dd69911485f8a3cc6c25931102cbb9bd50a42abab8244e38b74e89
content/citadel/maps/editor/toolscene_lighting_de_dust_day_basic.vmap	112729	source-content	no-current-path-match-in-checked-sources			a8042562f5b1225ee8aa2efb7ca574e3b3f9fa95ea4653ba61cd91421c68ffcf
content/citadel/maps/editor/toolscene_lighting_de_nuke_basic_mono.vmap	113578	source-content	no-current-path-match-in-checked-sources			1340d709f7680a670fc5cea8478247cae9e7ab0bb48bb3c78da77631ac8a3077
content/citadel/maps/editor/toolscene_lighting_de_nuke_day_basic.vmap	105462	source-content	no-current-path-match-in-checked-sources			8622f6fd5ee86a2944564eddfb489b427d90a1750707dcbcf27c1406e20e99e0
content/citadel/maps/editor/toolscene_lighting_hazev1.vmap	153583	source-content	no-current-path-match-in-checked-sources			691813715fa3efe338dc14132477320898c42a710a5dc4eba7ddbaed93ecd47b
content/citadel/maps/editor/toolscene_lighting_midtown.vmap	151160	source-content	no-current-path-match-in-checked-sources			5fc6cc6ecc8bb0fc921fa89c7d38a730cf20c44ac8b95107b336d87e9276948a
content/citadel/maps/editor/toolscene_lighting_midtown_bakeresourcecache.vpk	97	source-content	no-current-path-match-in-checked-sources			bb8b61b8f431003366bebf46c7b8e39a6583985e4f83089e4a07e8c0ea5d6be6
content/citadel/maps/editor/toolscene_lighting_studio.vmap	144093	source-content	no-current-path-match-in-checked-sources			220b86a494c6b2f0a180dc8d20c7b38ca42c22cdcda8a6061e1028f63ae87459
content/citadel/maps/editor/toolscene_lighting_sunset_field.vmap	151891	source-content	no-current-path-match-in-checked-sources			1b6e997421321177a8da24c5d3ed13fd17b275e368e0bf69bad28913ae1ee1c8
content/citadel/maps/editor/toolscene_thumbnail.vmap	173335	source-content	no-current-path-match-in-checked-sources			83e51ff6340a1e6168329b96ddcdb5de1bb2e6c04f86451af346d25ffb7798af
content/citadel/maps/editor/zoo/smartprop_zoo.vmap	5210729	source-content	no-current-path-match-in-checked-sources			af0a65eb720e469df9ca19271313c4fc8a7772bee6b83b3c582ac4bcd4682137
content/citadel/maps/my_terrain.vmap	903533	source-content	no-current-path-match-in-checked-sources			ec146fc57a4b2ca0d5e85200627a9ad1a42786cf88fe4fceb3d6d87e7ea3ea66
content/citadel/maps/navgenproj.vmap	538855	source-content	no-current-path-match-in-checked-sources			c57955224f0e61585215109eec8e63e3105db176c78211250b25944c269044ba
content/citadel/maps/navgenprojshared.vmap	442753	source-content	no-current-path-match-in-checked-sources			8cd3739874f2e4c70d59bc66ff8fbc1c0a4df4068333a3d477c06d22cba3c649
content/citadel/maps/volumetric_test.vmap	84914	source-content	no-current-path-match-in-checked-sources			ea72e703d942178efd63a8db477e74c36feb37980afad796f7f00f16b3feea09
content/citadel/materials/default/default_22e6f7_metal.png	80	source-content	no-current-path-match-in-checked-sources			e38fb97c98a3730869078469c0feffb24032f13d0560871515544ee5b7d84fbd
content/citadel/materials/default/default_7be61377_rough.png	80	source-content	no-current-path-match-in-checked-sources			5a0e9cd772c0a44775d4635dfc1a53492b4992dfe4d69859f5d026515c9c41ad
content/citadel/materials/default/default_97460bfa_trans.png	80	source-content	no-current-path-match-in-checked-sources			f72551755a44847062571261b622fc2ce15d592b70295c1cb5a18a4afeb947b6
content/citadel/materials/default/default_ao_d0be5543_ao.png	80	source-content	no-current-path-match-in-checked-sources			f72551755a44847062571261b622fc2ce15d592b70295c1cb5a18a4afeb947b6
content/citadel/materials/default/default_be119c4_disp.png	80	source-content	no-current-path-match-in-checked-sources			5a0e9cd772c0a44775d4635dfc1a53492b4992dfe4d69859f5d026515c9c41ad
content/citadel/materials/default/default_c2a0de8b_rough.png	80	source-content	no-current-path-match-in-checked-sources			5a0e9cd772c0a44775d4635dfc1a53492b4992dfe4d69859f5d026515c9c41ad
content/citadel/materials/default/default_e4c3be4f_disp.png	80	source-content	no-current-path-match-in-checked-sources			5a0e9cd772c0a44775d4635dfc1a53492b4992dfe4d69859f5d026515c9c41ad
content/citadel/materials/default/default_mask_641ae09b_disp.png	80	source-content	no-current-path-match-in-checked-sources			5a0e9cd772c0a44775d4635dfc1a53492b4992dfe4d69859f5d026515c9c41ad
content/citadel/materials/default/default_mask_641ae09b_mask.png	80	source-content	no-current-path-match-in-checked-sources			f72551755a44847062571261b622fc2ce15d592b70295c1cb5a18a4afeb947b6
content/citadel/materials/default/default_mask_8d0774e6_mask.png	80	source-content	no-current-path-match-in-checked-sources			f72551755a44847062571261b622fc2ce15d592b70295c1cb5a18a4afeb947b6
content/citadel/materials/default/default_mask_c822cba3_disp.png	80	source-content	no-current-path-match-in-checked-sources			5a0e9cd772c0a44775d4635dfc1a53492b4992dfe4d69859f5d026515c9c41ad
content/citadel/materials/default/default_metal_c7502e1_metal.png	80	source-content	no-current-path-match-in-checked-sources			e38fb97c98a3730869078469c0feffb24032f13d0560871515544ee5b7d84fbd
content/citadel/materials/editor/env_cubemap_model_vmat_g_tcolor_7ab53e0a.png	84	source-content	no-current-path-match-in-checked-sources			ee23435eaa47a49e32c0709bc6fd1f02b9a1d69c680557ef3027175b62f37e6c
content/citadel/materials/editor/env_cubemap_model_vmat_g_tcolor_ad935c3d.png	80	source-content	no-current-path-match-in-checked-sources			f72551755a44847062571261b622fc2ce15d592b70295c1cb5a18a4afeb947b6
content/citadel/materials/editor/env_cubemap_model_vmat_g_tnormalroughness_a1e47e21.png	84	source-content	no-current-path-match-in-checked-sources			c9c25b8c7b6088cbe5102eacbd1c8557d9ceb77727766a42a3aa22a084f76a9c
content/citadel/materials/editor/sky_default_grey.png	118787	source-content	no-current-path-match-in-checked-sources			f342985e1e0dadccc0e5bef8f1721f1a09af6ba18751bce4c2b937ae514c8857
content/citadel/materials/editor/sky_default_grey.vmat	253	source-content	no-current-path-match-in-checked-sources			2c03c49ec74217343d1f2c7b6da4c23d39a00d93d18062b796716d2acb94b524
content/citadel/materials/editor/sky_default_grey_exr_98c96aa.png	118787	source-content	no-current-path-match-in-checked-sources			f342985e1e0dadccc0e5bef8f1721f1a09af6ba18751bce4c2b937ae514c8857
content/citadel/materials/editor/toolscene_dust2_environment.vmat	346	source-content	no-current-path-match-in-checked-sources			6331bbb4e4465d5d9e9d4489e0d153855ca07aedb1ce9de242ef09e3a6484394
content/citadel/materials/editor/toolscene_lighting_de_dust_cubemap.png	477298	source-content	no-current-path-match-in-checked-sources			6c57681aaf3849795d88566f43401a85b1ddb253bfe0b1c64929fbabceb9a617
content/citadel/materials/editor/toolscene_lighting_de_nuke_2_cubemap.png	331334	source-content	no-current-path-match-in-checked-sources			1feb75126f1c067be83d38046ee844763dca6c44cf8693b24d45a9ffb0318666
content/citadel/materials/editor/toolscene_lighting_de_nuke_cubemap.png	510568	source-content	no-current-path-match-in-checked-sources			41c1896bcb4b21e3711d16403557e217b4ae0004a29e4f07c937d16487fd29fd
content/citadel/materials/editor/toolscene_nuke_environment.vmat	290	source-content	no-current-path-match-in-checked-sources			20b703a5725dc903969c1ac0e986b904425fdec86869709d538e5fdde1cb9d4c
content/citadel/materials/editor/toolscene_nuke_environment_2.vmat	294	source-content	no-current-path-match-in-checked-sources			f3f88eca0e04ec217c5a8dfae4fc38c9661fc933259d2c936ed0a7a9f9759f1c
content/citadel/materials/skybox/hazev1_skybox.png	625135	source-content	no-current-path-match-in-checked-sources			bc7d10936aec65d85682599af9773a1b307b06046c2e200e44f47a18985244f1
content/citadel/materials/skybox/hazev1_skybox.vmat	341	source-content	no-current-path-match-in-checked-sources			d81e3032df6327a00873f6ee2f90aaf6f17df797d89f90e12e4c0ba38cb4355c
content/citadel/materials/skybox/lightingtest_interior_basic.png	7837949	source-content	no-current-path-match-in-checked-sources			3fe931c99597891ed74ef1c5e1dfcf86bfa7d21fd77806fed2328da125fad248
content/citadel/materials/skybox/light_test_interior_basic.vmat	362	source-content	no-current-path-match-in-checked-sources			2986cb58ad6f6ca7a08424318eb8eef2a49fe13f9095507ca4b952476e0787d5
content/citadel/materials/skybox/sky_dl_dusk03.vmat	339	source-content	no-current-path-match-in-checked-sources			7bf40214ce5f4b464e0ca64ed0ad5eefa1d41ae6819e04619fd7b2f63e3619f9
content/citadel/materials/skybox/sky_dl_dusk03_exr_9dd50fb1.png	3802322	source-content	no-current-path-match-in-checked-sources			db86cc65a52a4250f2cb6636abfe3333be61e329e120809168dc219c138f34b1
content/citadel/materials/skybox/sky_dl_dusk_03_exr_41948c35_bk.exr	7636343	source-content	no-current-path-match-in-checked-sources			62ef909fca3dc5ad3622a69ac690fb44d55338b0965e73cf57d6d851cbc7ad21
content/citadel/materials/skybox/sky_dl_dusk_03_exr_41948c35_dn.exr	10970204	source-content	no-current-path-match-in-checked-sources			d3de60224c6192fbe4bbe789fc5fb16d7fec638a37f1a3d3e486ab0fcd14ff93
content/citadel/materials/skybox/sky_dl_dusk_03_exr_41948c35_ft.exr	7534537	source-content	no-current-path-match-in-checked-sources			571b2bb1904d1845c5a83bcc13d7e13915122594f20430df2f431f8991db79a6
content/citadel/materials/skybox/sky_dl_dusk_03_exr_41948c35_lf.exr	9002373	source-content	no-current-path-match-in-checked-sources			818570ae9e5c0468eacf4ea1aa1f2cb6fbda9697b9948c5c5732f0ea4f0e730c
content/citadel/materials/skybox/sky_dl_dusk_03_exr_41948c35_rt.exr	9782226	source-content	no-current-path-match-in-checked-sources			c7534be39d32e66c1727b43de82661d3bc74a27950ae9d047689ceefdcb83674
content/citadel/materials/skybox/sky_dl_dusk_03_exr_41948c35_up.exr	8408407	source-content	no-current-path-match-in-checked-sources			a60c6e22d710d70e774fd68eda843d3f74170f98cce3f829ceba92ae046ef168
content/citadel/models/prefabs/camerasettings_t.vmdl_prefab	890	source-content	no-current-path-match-in-checked-sources			c65362187d7d6fea4a71ec47e6aa9979d74d7865dc663847a84119c1caacf17b
content/citadel/models/prefabs/camera_attachmentdata/camera_attachmentdata_abrams.vmdl_prefab	2164	source-content	no-current-path-match-in-checked-sources			4733898a35950ba919ea914fd3cd396102b7f1d99a541403c3108bb0aab735da
content/citadel/models/prefabs/camera_attachmentdata/camera_attachmentdata_archer.vmdl_prefab	2164	source-content	no-current-path-match-in-checked-sources			f888fd1bdf783765095c50f3cbf8599ae8d4f5820b729950e9b5563e8b717231
content/citadel/models/prefabs/camera_attachmentdata/camera_attachmentdata_astro.vmdl_prefab	2164	source-content	no-current-path-match-in-checked-sources			afa809f5495c5f57913258d114e931a0cae7eb19f9872d0f94eddee50fde7611
content/citadel/models/prefabs/camera_attachmentdata/camera_attachmentdata_bebop.vmdl_prefab	2164	source-content	no-current-path-match-in-checked-sources			6f059ebf4569fcf0485c3135c16235513fa63466b2366d627f22381fc681bd3e
content/citadel/models/prefabs/camera_attachmentdata/camera_attachmentdata_bookworm.vmdl_prefab	2164	source-content	no-current-path-match-in-checked-sources			335054a97f27fa8d1709b2f067d09de8ae287783000503623cdd8e813e239caa
content/citadel/models/prefabs/camera_attachmentdata/camera_attachmentdata_chrono.vmdl_prefab	2164	source-content	no-current-path-match-in-checked-sources			335054a97f27fa8d1709b2f067d09de8ae287783000503623cdd8e813e239caa
content/citadel/models/prefabs/camera_attachmentdata/camera_attachmentdata_doorman.vmdl_prefab	1997	source-content	no-current-path-match-in-checked-sources			7db0655aaf37c3dac2c39a5aa16aec0e648b79fffd345c2a2988919502f3aaea
content/citadel/models/prefabs/camera_attachmentdata/camera_attachmentdata_drifter.vmdl_prefab	1997	source-content	no-current-path-match-in-checked-sources			28f84c651596b314f6dfa476669c13da83c3c15fe688b00048a5a4d0f514494f
content/citadel/models/prefabs/camera_attachmentdata/camera_attachmentdata_dynamo.vmdl_prefab	2164	source-content	no-current-path-match-in-checked-sources			421265319b94ab283f80dbfc1e03fd47e6ebab07ecd34dbdada0610206305377
content/citadel/models/prefabs/camera_attachmentdata/camera_attachmentdata_frank.vmdl_prefab	2329	source-content	no-current-path-match-in-checked-sources			0a66b717bf93daaacdcdbcda01acbf28d7e040dbfb6a07f51bf4e17579f97d3b
content/citadel/models/prefabs/camera_attachmentdata/camera_attachmentdata_geist.vmdl_prefab	2329	source-content	no-current-path-match-in-checked-sources			0a66b717bf93daaacdcdbcda01acbf28d7e040dbfb6a07f51bf4e17579f97d3b
content/citadel/models/prefabs/camera_attachmentdata/camera_attachmentdata_gigawatt.vmdl_prefab	2164	source-content	no-current-path-match-in-checked-sources			335054a97f27fa8d1709b2f067d09de8ae287783000503623cdd8e813e239caa
content/citadel/models/prefabs/camera_attachmentdata/camera_attachmentdata_haze.vmdl_prefab	2164	source-content	no-current-path-match-in-checked-sources			6f059ebf4569fcf0485c3135c16235513fa63466b2366d627f22381fc681bd3e
content/citadel/models/prefabs/camera_attachmentdata/camera_attachmentdata_hornet.vmdl_prefab	2164	source-content	no-current-path-match-in-checked-sources			335054a97f27fa8d1709b2f067d09de8ae287783000503623cdd8e813e239caa
content/citadel/models/prefabs/camera_attachmentdata/camera_attachmentdata_inferno.vmdl_prefab	2164	source-content	no-current-path-match-in-checked-sources			6f059ebf4569fcf0485c3135c16235513fa63466b2366d627f22381fc681bd3e
content/citadel/models/prefabs/camera_attachmentdata/camera_attachmentdata_ivy.vmdl_prefab	2329	source-content	no-current-path-match-in-checked-sources			cfb665765b2c99cf86a2bebd2acf59f72d50ba07781df2edd28f748094ef52b6
content/citadel/models/prefabs/camera_attachmentdata/camera_attachmentdata_kelvin.vmdl_prefab	2164	source-content	no-current-path-match-in-checked-sources			335054a97f27fa8d1709b2f067d09de8ae287783000503623cdd8e813e239caa
content/citadel/models/prefabs/camera_attachmentdata/camera_attachmentdata_krill.vmdl_prefab	2164	source-content	no-current-path-match-in-checked-sources			20b5a5fa40bfe03872454b910f879c7fb2e91d828da15c9248502b9a7bf58efc
content/citadel/models/prefabs/camera_attachmentdata/camera_attachmentdata_lash.vmdl_prefab	2329	source-content	no-current-path-match-in-checked-sources			0a66b717bf93daaacdcdbcda01acbf28d7e040dbfb6a07f51bf4e17579f97d3b
content/citadel/models/prefabs/camera_attachmentdata/camera_attachmentdata_magician.vmdl_prefab	2164	source-content	no-current-path-match-in-checked-sources			335054a97f27fa8d1709b2f067d09de8ae287783000503623cdd8e813e239caa
content/citadel/models/prefabs/camera_attachmentdata/camera_attachmentdata_mcginnis.vmdl_prefab	2329	source-content	no-current-path-match-in-checked-sources			d4f71b34a579b9a384f58143d73b17097ce5d3101a94db142063cd25684aec78
content/citadel/models/prefabs/camera_attachmentdata/camera_attachmentdata_mirage.vmdl_prefab	2164	source-content	no-current-path-match-in-checked-sources			335054a97f27fa8d1709b2f067d09de8ae287783000503623cdd8e813e239caa
content/citadel/models/prefabs/camera_attachmentdata/camera_attachmentdata_nano.vmdl_prefab	2329	source-content	no-current-path-match-in-checked-sources			bd8ad914193ad79f66608904e828128668c6d408225cbecbf6fe704f91544f50
content/citadel/models/prefabs/camera_attachmentdata/camera_attachmentdata_pocket.vmdl_prefab	2164	source-content	no-current-path-match-in-checked-sources			26573897109e5d6d158e78197f7e01dcc1f00e3f181ea4cf25ed53f0edad1856
content/citadel/models/prefabs/camera_attachmentdata/camera_attachmentdata_punkgoat.vmdl_prefab	1997	source-content	no-current-path-match-in-checked-sources			46868a7b6b39da166eec58b01b542f80f839eb9ed7746530ef5e8474a99398cf
content/citadel/models/prefabs/camera_attachmentdata/camera_attachmentdata_shiv.vmdl_prefab	2164	source-content	no-current-path-match-in-checked-sources			335054a97f27fa8d1709b2f067d09de8ae287783000503623cdd8e813e239caa
content/citadel/models/prefabs/camera_attachmentdata/camera_attachmentdata_vampirebat.vmdl_prefab	2162	source-content	no-current-path-match-in-checked-sources			ea8a7793fd89c84a5a5c0c8b2da097c0ad14e5441d605d74bc2a11f7b7efb31b
content/citadel/models/prefabs/camera_attachmentdata/camera_attachmentdata_viper.vmdl_prefab	2329	source-content	no-current-path-match-in-checked-sources			0a66b717bf93daaacdcdbcda01acbf28d7e040dbfb6a07f51bf4e17579f97d3b
content/citadel/models/prefabs/camera_attachmentdata/camera_attachmentdata_viscous.vmdl_prefab	2164	source-content	no-current-path-match-in-checked-sources			335054a97f27fa8d1709b2f067d09de8ae287783000503623cdd8e813e239caa
content/citadel/models/prefabs/camera_attachmentdata/camera_attachmentdata_warden.vmdl_prefab	2164	source-content	no-current-path-match-in-checked-sources			335054a97f27fa8d1709b2f067d09de8ae287783000503623cdd8e813e239caa
content/citadel/models/prefabs/camera_attachmentdata/camera_attachmentdata_wraith.vmdl_prefab	2164	source-content	no-current-path-match-in-checked-sources			335054a97f27fa8d1709b2f067d09de8ae287783000503623cdd8e813e239caa
content/citadel/models/prefabs/camera_attachmentdata/camera_attachmentdata_yamato.vmdl_prefab	2164	source-content	no-current-path-match-in-checked-sources			e00e8a223e978a3fbc26531828a5e4edb9fc4d84da3be9a4b99bc98eada51a93
content/citadel/models/prefabs/camera_attachments/camera_attachments_abrams.vmdl_prefab	5779	source-content	no-current-path-match-in-checked-sources			cc948dbc04266aa757c5d894e546a812f4b262d23911a2ea25ce7185c817183a
content/citadel/models/prefabs/camera_attachments/camera_attachments_archer.vmdl_prefab	5735	source-content	no-current-path-match-in-checked-sources			15a5ced29ffde3fea5ea3ed4396bdc91b32aaf5d18174d7a2a2ccba7b4963e6a
content/citadel/models/prefabs/camera_attachments/camera_attachments_astro.vmdl_prefab	5719	source-content	no-current-path-match-in-checked-sources			3b4605ea16c66712e9fe7d916052ae5914f8fc649839881f0c025a472ac5d9a2
content/citadel/models/prefabs/engineer_muzzlesettings_t.vmdl_prefab	861	source-content	no-current-path-match-in-checked-sources			c31e1f6dd7e5c866ef751963f40ffb48a2d8535abf703af8f1dff9cbbbd496ab
content/citadel/models/prefabs/heromodelgamedata_t.vmdl_prefab	1145	source-content	no-current-path-match-in-checked-sources			a126fbb66d96dd7ba11f22bf909a70780bcdf2c4525c6c44419707e2f9b7a6b8
content/citadel/models/prefabs/modelparticlesettings_t.vmdl_prefab	580	source-content	no-current-path-match-in-checked-sources			f43e6b8200a6f7be823038ab5386fc7d1fe05969a36e810cfdd51d8f627abf3a
content/citadel/models/prefabs/modelscenedata_t.vmdl_prefab	1148	source-content	no-current-path-match-in-checked-sources			dd92a842204b9e41fff7d89e518cfbf0d64e73ecd687535f5f6d07a84fc05fbf
content/citadel/models/prefabs/taggedsound_t.vmdl_prefab	666	source-content	no-current-path-match-in-checked-sources			40d076d6de4e511a87b7b510b81af6982112ff134f60c33eb3390a50cd6a6715
content/citadel/models/prefabs/unitstatusoffset_t.vmdl_prefab	625	source-content	no-current-path-match-in-checked-sources			03c59753c1814479e05e9a4f85001d83de060794b090e47d4b50e7399b1a12fe
content/citadel/panorama/layout.xsd	6338120	source-content	no-current-path-match-in-checked-sources			9b78846fd777274a9e5efdd3a7f99d2789dac7110e08f1efb314532b331de3a5
content/citadel/particles/test_particle.vpcf	279	source-content	no-current-path-match-in-checked-sources			cc3f92ee174402cb12e6aa5ee983f640b678e35391697664bb837c5732385876
content/citadel/scripts/propdata.vdata	14365	source-content	no-current-path-match-in-checked-sources			93f6793e7ef5b67251adb32bc63c9e4bc1cd94bb05feced60ea6fc265be3c0bc
content/citadel/scripts/tools/game_asset_tags.vdata	5677	source-content	no-current-path-match-in-checked-sources			a035c1107a2a8c17d2fbe11c829fec69103d91b9cbf34fd59fa841e694682357
content/citadel/toolscenelightrigs.vdata	11640	source-content	no-current-path-match-in-checked-sources			cf7b8a4f15bf84e5ff722e5bf1caf9c982a5c081d2b5119815beefaebed6fd0f
content/citadel_addons/billy_audio_template/soundevents/hero/punkgoat.vsndevts	17938	source-content	no-current-path-match-in-checked-sources			71411a3db6a23740348603b3df61de331a43290a82577c203d6611d5d600d620
content/citadel_addons/billy_audio_template/sounds/abilities/punkgoat/a3/punkgoat_blasted_lp.mp3	513167	source-content	no-current-path-match-in-checked-sources			77210f8b4ce0e618c802c76940afeb60df526b78be3e91db0a8a2291494c1007
content/citadel_addons/billy_audio_template/sounds/encoding.txt	232	source-content	no-current-path-match-in-checked-sources			0f2caebcc7fa1c3386c8314f4ea23d647c9108f4b26bc7f76f6ea54e4c06a112
content/citadel_addons/hero_image_template/panorama/images/heroes/archer.psd	948529	source-content	no-current-path-match-in-checked-sources			ea4f59f5498fd8c681cd6eed1a66c2ac9144afad3564638af9e11e2ea8d7914a
content/citadel_addons/hero_image_template/panorama/images/heroes/archer_card.psd	468871	source-content	no-current-path-match-in-checked-sources			74e98e08fccd6008883a790d1fe5c5e57e12830011a769d971031c490df530d0
content/citadel_addons/hero_image_template/panorama/images/heroes/archer_mm.psd	32830	source-content	no-current-path-match-in-checked-sources			082e95e45ce39ceea16e58f9dc1e11a359465389c9fa94362556b3a967923558
content/citadel_addons/hero_image_template/panorama/images/heroes/archer_sm.psd	85760	source-content	no-current-path-match-in-checked-sources			eb5f30a637112a39fd205cc5e3c8ec95d3d2e105e8ffdb3e6c132790b2d8888f
content/citadel_addons/hero_image_template/panorama/images/heroes/archer_vertical.psd	168039	source-content	no-current-path-match-in-checked-sources			a5e098d6e04ce18cc1dae1a7bbb663cc7d5e7c65cd770d794fea5df198871889
content/citadel_addons/hero_image_template/panorama/image_compiler.vdata	513	source-content	no-current-path-match-in-checked-sources			e29f9def542b9d4e937557ef795fbb2b5c8345304a459cc2f73c459d4faf5096
content/citadel_addons/hero_uipose_template/animgraphs/animgraph2/hero/hero_ui_custom.vnmgraph	150156	source-content	no-current-path-match-in-checked-sources			95a1d0054416c4eb53933922ac6ec55bd3f812db5bac66b71ee10c2367a1dc59
content/citadel_addons/hero_uipose_template/models/heroes_staging/bebop/bebop_ui.vnmskel	488	source-content	no-current-path-match-in-checked-sources			6848355cc2da85bf791964dd6bad185b65d9fe29b2a1278df89e24bddf4279e6
content/citadel_addons/hero_uipose_template/models/heroes_staging/bebop/body.dmx	5800457	source-content	no-current-path-match-in-checked-sources			5cf4dbda2fc493bd9c7786156f5c57e59dc81c17a0ec836455f346f5cdd4512b
content/citadel_addons/hero_uipose_template/models/heroes_staging/bebop/clips_custom/ui_hero_select.dmx	6434852	source-content	no-current-path-match-in-checked-sources			d55f9a9c53f5db9d643235525980c0a5758d83d890ab0b9b3be5bdb37deaf7ba
content/citadel_addons/hero_uipose_template/models/heroes_staging/bebop/clips_custom/ui_hero_select.vnmclip	649	source-content	no-current-path-match-in-checked-sources			8ed59aaad50547cd77846e4d10c78724c46baba3ff25a9a455a8b41bb327a687
content/citadel_addons/hero_uipose_template/models/prefabs/bebop_heromodelgamedata.vmdl_prefab	1160	source-content	no-current-path-match-in-checked-sources			89d81c4e0400e1b90110ff3e601e9ffd1fb3bb33baa306b53975ec6e2079deaf
content/core/materials/skybox/hazev1_skybox.png	625135	source-content	no-current-path-match-in-checked-sources			bc7d10936aec65d85682599af9773a1b307b06046c2e200e44f47a18985244f1
content/core/scripts/detail_prop_types.vdata	1268	source-content	no-current-path-match-in-checked-sources			5b944b110aacc14b351b747baaa51e3c1ab1a208a0bb04e8d7218c5caa01cce4
crashy_projected_particles.txt	26630	helpers-and-local-settings	no-current-path-match-in-checked-sources			1101586d5d29d5313115f65e393a020e7eaac7c4ae87310711b641727f95cd20
csdkcfg.exe	8294400	helpers-and-local-settings	no-current-path-match-in-checked-sources			8c347d3bb67863e37f64809cde49f1a770bf9cb7478d1ae2c72bad4c9d63f34a
game/bin/assettypes_common.txt	36143	binary-profiles	same-name-current-cs2-file-assembled	game/bin/assettypes_common.txt	2347779/2145418671218218617	13f09f51c629b52ef59418b0cb7dee3176a9b0df9676a55700a950fd2cb1598e
game/bin/assettypes_internal.txt	36143	binary-profiles	no-current-path-match-in-checked-sources			13f09f51c629b52ef59418b0cb7dee3176a9b0df9676a55700a950fd2cb1598e
game/bin/built_from_cl.txt	10	binary-profiles	same-name-current-loose-file-listed	game/bin/built_from_cl.txt	2347770/2053759441494650084	4d26800a5d50c1dc56946ce14177566e967746b64a030317e5588b8e0444637c
game/bin/content_built_from_cl.txt	8	binary-profiles	no-current-path-match-in-checked-sources			9e5195eb27bae42b573eb1dc1c9077b31282acbab46b5335c49c101d2a2e93e9
game/bin/enginetools.txt	6295	binary-profiles	no-current-path-match-in-checked-sources			566aeacc1ee2cb21cf96be1ffdaac2a62a150a1a28019b022c2c55dda435b7f6
game/bin/sdkenginetools.txt	6295	binary-profiles	same-name-current-cs2-file-assembled	game/bin/sdkenginetools.txt	2347779/2145418671218218617	566aeacc1ee2cb21cf96be1ffdaac2a62a150a1a28019b022c2c55dda435b7f6
game/bin/win64/animationsystem.dll	7947928	binary-profiles	same-name-current-cs2-file-assembled	game/bin/win64/animationsystem.dll	1422452/1334199870863440742;2347771/5806169188224907599	cebe1ae5b9a4dee236c287b57320e77fa06128efb260e3bbfb3e6fc77fdd2877
game/bin/win64/assetbrowser.dll	2222744	binary-profiles	same-name-current-cs2-file-assembled	game/bin/win64/assetbrowser.dll	2347779/2145418671218218617	b8c66f6cf1e2282425ace2d1f21484d8c07ce17c235cf5fb192e052065665344
game/bin/win64/assetpreview.dll	6132376	binary-profiles	same-name-current-cs2-file-assembled	game/bin/win64/assetpreview.dll	1422452/1334199870863440742;2347771/5806169188224907599	69bbb2a2c702a245041fb6aa8c9cb98bea6e0f5f196564a7b7368864f279f9e4
game/bin/win64/assetrename.dll	29201560	binary-profiles	same-name-current-cs2-file-assembled	game/bin/win64/assetrename.dll	2347779/2145418671218218617	107739b0f2548ef7fcc9a319c5d547d94dc006baca2ec88deb6d265287d0b1a3
game/bin/win64/assetsystem.dll	5524120	binary-profiles	same-name-current-cs2-file-assembled	game/bin/win64/assetsystem.dll	2347779/2145418671218218617	1e89378890006eb0ab58069f3d01e80b9c37b5adc984236ce579e7bc0c34b1e6
game/bin/win64/blake3_dotnet.dll	357376	binary-profiles	no-current-path-match-in-checked-sources			7b4d2b8a0cdb04ecef3c14a9a858e17ed7e933a750f9e3c024105dd33282fcfe
game/bin/win64/bugreporter_filequeue.dll	163992	binary-profiles	same-name-current-cs2-file-assembled	game/bin/win64/bugreporter_filequeue.dll	1422452/1334199870863440742;2347771/5806169188224907599	edf41076bfbf3fe03e96451000b7097071069eba0e830d5cb9e4d8b8d2044704
game/bin/win64/cairo.dll	1271960	binary-profiles	same-name-current-cs2-file-assembled	game/bin/win64/cairo.dll	1422452/1334199870863440742;2347771/5806169188224907599	34f8278f4c180f303fb343c08fcc64d5d27225f00a898a4c58ad3bd5e33787ae
game/bin/win64/cs2.exe	2968216	binary-profiles	same-name-current-cs2-file-assembled	game/bin/win64/cs2.exe	2347771/5806169188224907599	131bff3208eb11077c697856d9cc142c94152f61ff98c95a10d17e30031ab17e
game/bin/win64/cs2_build_econ_items_workshop.exe	395928	binary-profiles	same-name-current-cs2-file-assembled	game/bin/win64/cs2_build_econ_items_workshop.exe	2347779/2145418671218218617	5df3a46212f71815af83c16a344bc60da51a63d669531350e994393f3dc3b7be
game/bin/win64/CSDKCfgVPK.exe	19028480	binary-profiles	no-current-path-match-in-checked-sources			15ec6287918b6a7b64c62ae4d0278c9978f81ed1cfacf2dec2317ed3bd798954
game/bin/win64/csgocfg.exe	1244312	binary-profiles	same-name-current-cs2-file-assembled	game/bin/win64/csgocfg.exe	2347779/2145418671218218617	e57a44cb82b24073d15534da6a2bb86f56cda4ada54b1b7e0e2aea08d71deea2
game/bin/win64/cs_mdl_import.exe	13105304	binary-profiles	same-name-current-cs2-file-assembled	game/bin/win64/cs_mdl_import.exe	2347779/2145418671218218617	5733728f156c11162c1a2a3eb2543efe515b073ca3bac1ed8cee19e40bbd2184
game/bin/win64/deadlock with Tools - server.bat	208	binary-profiles	no-current-path-match-in-checked-sources			6eb6c2500753878351d175dbb23635b8aa30514687ec15c7f4478ce3fca52257
game/bin/win64/deadlock with Tools -client.bat	197	binary-profiles	no-current-path-match-in-checked-sources			133a56f6eb30a0bb84299552f165c1391b886d46e2f0c8eb9f6e11df30edbdd8
game/bin/win64/deadlock with Tools.bat	196	binary-profiles	no-current-path-match-in-checked-sources			bb5db7e919eecb1b9dff5c6efb8d00f83bfd7109c73262ffc6c23b40d357cb01
game/bin/win64/deadlock.exe	1063576	binary-profiles	same-name-current-loose-file-listed	game/bin/win64/deadlock.exe	1422452/1334199870863440742	401af405735ea697d566d187c31ff42d55579f5cbbe41958380aca395633b0ac
game/bin/win64/Deadlock_with_tools.exe	150016	binary-profiles	no-current-path-match-in-checked-sources			151ae3a06e9819af963717b480ef277e519aa00b7ae6b8968cd953dfed5520ec
game/bin/win64/deathlol.png	58068	binary-profiles	no-current-path-match-in-checked-sources			30fb3d6038a35a5128035760e6349d255dd0191ce60ac9b46ff22190af3c7f13
game/bin/win64/dmxconvert.exe	1168024	binary-profiles	same-name-current-cs2-file-assembled	game/bin/win64/dmxconvert.exe	2347779/2145418671218218617	f61d78194f74adbca76b603a733582548ebd8918729174d62674539fd5bb1f54
game/bin/win64/engine2.dll	6638232	binary-profiles	same-name-current-cs2-file-assembled	game/bin/win64/engine2.dll	1422452/1334199870863440742;2347771/5806169188224907599	08ee4753315e5f03d9605d3d8cc03b845ea047f7deedfa4cd34ccc6ea532d0fa
game/bin/win64/exportsystem.dll	3596440	binary-profiles	same-name-current-cs2-file-assembled	game/bin/win64/exportsystem.dll	2347779/2145418671218218617	bbdd774a46aa90ddedc0f274fc5de7f8db66e7d00e659ad532861c4141acc46b
game/bin/win64/filesystem_stdio.dll	2295960	binary-profiles	same-name-current-cs2-file-assembled	game/bin/win64/filesystem_stdio.dll	1422452/1334199870863440742;2347771/5806169188224907599	ef4f1ae832f40297594e9298d96b01738d2eee27387c592511d132043e6fc0c7
game/bin/win64/gfsdk_aftermath_lib.x64.dll	5570136	binary-profiles	same-name-current-cs2-file-assembled	game/bin/win64/gfsdk_aftermath_lib.x64.dll	1422452/1334199870863440742;2347771/5806169188224907599	6327ccc3e588c784d95f66a7b6d2f024fff3341a78b7d818e87b27d15c0bd7b1
game/bin/win64/helpsystem.dll	708248	binary-profiles	same-name-current-cs2-file-assembled	game/bin/win64/helpsystem.dll	1422452/1334199870863440742;2347771/5806169188224907599	130105749afa9775c00dda70a5e1b8ae883903e48eb82d18a247e4db239028ae
game/bin/win64/imemanager.dll	243352	binary-profiles	same-name-current-cs2-file-assembled	game/bin/win64/imemanager.dll	1422452/1334199870863440742;2347771/5806169188224907599	d635833b6b08cc51ca35ae148cb2f9bb422b955348dc1a7dc95f17c688296adc
game/bin/win64/inputsystem.dll	297624	binary-profiles	same-name-current-cs2-file-assembled	game/bin/win64/inputsystem.dll	1422452/1334199870863440742;2347771/5806169188224907599	62afa41c9d2bf9c048f5e5634506a1ad72504458d38f0f347aea9bcf78fb1435
game/bin/win64/lame_enc.dll	983040	binary-profiles	no-current-path-match-in-checked-sources			90780666f78bee4315d6d2422ef78efcf50d29193e5d954660297df6aa37d61b
game/bin/win64/localize.dll	307864	binary-profiles	same-name-current-cs2-file-assembled	game/bin/win64/localize.dll	1422452/1334199870863440742;2347771/5806169188224907599	b5c59efe7a9a507f28a4baa41b31e580b1068fa125443315ceac5c60244db376
game/bin/win64/materialsystem2.dll	1343640	binary-profiles	same-name-current-cs2-file-assembled	game/bin/win64/materialsystem2.dll	1422452/1334199870863440742;2347771/5806169188224907599	e4034bab11e921ccc5a34fb44ca4687246adf821b7b9ceb83a4a689b1856ef59
game/bin/win64/meshsystem.dll	1415320	binary-profiles	same-name-current-cs2-file-assembled	game/bin/win64/meshsystem.dll	1422452/1334199870863440742;2347771/5806169188224907599	e30e34316ef74c145ac2633620051e702a191ff3c84e9edd33295f0ad5e649cf
game/bin/win64/modeldoc_utils.dll	14400152	binary-profiles	same-name-current-cs2-file-assembled	game/bin/win64/modeldoc_utils.dll	2347779/2145418671218218617	c08b723bd8385f33f91c2f53ec759044e8eec0c574a00185873465e94e454c4e
game/bin/win64/navsystem.dll	1293464	binary-profiles	same-name-current-cs2-file-assembled	game/bin/win64/navsystem.dll	1422452/1334199870863440742;2347771/5806169188224907599	7c9db488ecd89cef55cf6fae6db5bfb1fb94632b4a6694748824713cd78ee44b
game/bin/win64/networksystem.dll	2799768	binary-profiles	same-name-current-cs2-file-assembled	game/bin/win64/networksystem.dll	1422452/1334199870863440742;2347771/5806169188224907599	a434e6c14800b461942b16f7fcd02bed061d74ac377a7815a70f362e160d6e33
game/bin/win64/nvngx_dlss.dll	48971808	binary-profiles	same-name-current-loose-file-listed	game/bin/win64/nvngx_dlss.dll	1422452/1334199870863440742	83de996b1589957d6bfb3df77e2f2ba7821f1014c73cfc5f8315241a0e4d3253
game/bin/win64/p4lib.dll	142488	binary-profiles	same-name-current-cs2-file-assembled	game/bin/win64/p4lib.dll	1422452/1334199870863440742;2347771/5806169188224907599	5e342b0aaffbdd99dc13d5ddff8be9f51380ae87ea34ce8af164a5ee5b44878a
game/bin/win64/panorama.dll	5557400	binary-profiles	same-name-current-cs2-file-assembled	game/bin/win64/panorama.dll	1422452/1334199870863440742;2347771/5806169188224907599	aa348d5562d5630b89b6159bbc34a3b20f7fb6b3de837e02ae359ca6d592382c
game/bin/win64/panoramauiclient.dll	2872472	binary-profiles	same-name-current-cs2-file-assembled	game/bin/win64/panoramauiclient.dll	1422452/1334199870863440742;2347771/5806169188224907599	9d9ea2d85c4297fa4c5cf9f7b6ddf0519ad37e6966e2c5a852c3fbba6c3b1b8f
game/bin/win64/panorama_text_pango.dll	2981528	binary-profiles	same-name-current-cs2-file-assembled	game/bin/win64/panorama_text_pango.dll	1422452/1334199870863440742;2347771/5806169188224907599	5ef45cfa71486bc66651f689554d91365bb7f404614bca5e43f09573943a8633
game/bin/win64/particles.dll	6433944	binary-profiles	same-name-current-cs2-file-assembled	game/bin/win64/particles.dll	1422452/1334199870863440742;2347771/5806169188224907599	cc6bba4be97f277f87a78baf9a967f66ed753c6b9d9e09b517e4b880844c171f
game/bin/win64/phonon.dll	52949144	binary-profiles	same-name-current-cs2-file-assembled	game/bin/win64/phonon.dll	1422452/1334199870863440742;2347771/5806169188224907599	2766aa33a3e9a650406d816ece739b45508e428bfe93c48232ae4bd30dc7ae21
game/bin/win64/physicsbuilder.dll	12850328	binary-profiles	same-name-current-cs2-file-assembled	game/bin/win64/physicsbuilder.dll	1422452/1334199870863440742;2347771/5806169188224907599	6acb6af98a8205dbcf80a295e7326d1fcf609ec5e9b930ae7c47cd9434872ff7
game/bin/win64/Project8CfgTool2.deps.json	440	binary-profiles	no-current-path-match-in-checked-sources			bb4098b8c8f3339f46b25b869107beaa1bd26dd0d62a7db21b9ec64f777aa41f
game/bin/win64/Project8CfgTool2.dll	45568	binary-profiles	no-current-path-match-in-checked-sources			5c2b9e6beac544e5769fda2d6f89204b2053ae80c555956570c6896fbc1b7480
game/bin/win64/Project8CfgTool2.pdb	23556	binary-profiles	no-current-path-match-in-checked-sources			b697eff414fe2f6f03730da3571d243be55ab9b2e8ba72b30fbe564b4175a30f
game/bin/win64/Project8CfgTool2.runtimeconfig.json	515	binary-profiles	no-current-path-match-in-checked-sources			89ad1ea5c9c20b6b266547ef27c0ae3840cab5642d3c2aedf06b7026245671dd
game/bin/win64/propertyeditor.dll	1403544	binary-profiles	same-name-current-cs2-file-assembled	game/bin/win64/propertyeditor.dll	1422452/1334199870863440742;2347771/5806169188224907599	2e245296c0be8865cfee0d11b7551eb1b098071938635857762b5b6515f9a8b0
game/bin/win64/pulse_system.dll	1818264	binary-profiles	same-name-current-cs2-file-assembled	game/bin/win64/pulse_system.dll	1422452/1334199870863440742;2347771/5806169188224907599	cb68f90ba59328cd0868f3d613d49c3ca49e260e1dc995e9e8a35824fb1c8cc3
game/bin/win64/rendersystemdx11.dll	4510360	binary-profiles	same-name-current-cs2-file-assembled	game/bin/win64/rendersystemdx11.dll	1422452/1334199870863440742;2347771/5806169188224907599	e49c02d91b53ee6cc7e94b05b6da7dc26f9cbe5a5b2d8db34f0b293357844fec
game/bin/win64/rendersystemempty.dll	1831576	binary-profiles	same-name-current-cs2-file-assembled	game/bin/win64/rendersystemempty.dll	1422452/1334199870863440742;2347771/5806169188224907599	f2995b1396f1119d1a6104df650d85d51a4de204b0e0e2dfd3c401e003399734
game/bin/win64/rendersystemvulkan.dll	6200472	binary-profiles	same-name-current-cs2-file-assembled	game/bin/win64/rendersystemvulkan.dll	1422452/1334199870863440742;2347771/5806169188224907599	0d5a419727eb76591455c24104c8bb975d1858aa7864c721faf190040d7dcb92
game/bin/win64/resourcecompiler.dll	47463064	binary-profiles	same-name-current-cs2-file-assembled	game/bin/win64/resourcecompiler.dll	1422452/1334199870863440742;2347771/5806169188224907599	dcac4c3ad3b618de2be84512419f95625e8da16d41779b8611dcd051d1dd57d6
game/bin/win64/resourcecompiler.exe	165016	binary-profiles	same-name-current-cs2-file-assembled	game/bin/win64/resourcecompiler.exe	2347779/2145418671218218617	a0d3b34ec619c4a122d82ce2a8ff1517d6320519a5564923a607ce341ebc4201
game/bin/win64/resourcecopy.exe	1376920	binary-profiles	same-name-current-cs2-file-assembled	game/bin/win64/resourcecopy.exe	2347779/2145418671218218617	b902f42bdbac1f9eeb710de358ed1ce282775d30284fa1c0779d9b02914e372f
game/bin/win64/resourceinfo.exe	3802264	binary-profiles	same-name-current-cs2-file-assembled	game/bin/win64/resourceinfo.exe	2347779/2145418671218218617	7cac37a46a1aaa85a8a6ebb6dfc2c71b179674fbe10e7673800fb1294e3a23cf
game/bin/win64/resourcesystem.dll	497816	binary-profiles	same-name-current-cs2-file-assembled	game/bin/win64/resourcesystem.dll	1422452/1334199870863440742;2347771/5806169188224907599	fb5d73adaea6af871d45249eae98044274cd87335260cb49edd181f5f7cad7a8
game/bin/win64/scenefilecache.dll	534680	binary-profiles	same-name-current-cs2-file-assembled	game/bin/win64/scenefilecache.dll	1422452/1334199870863440742;2347771/5806169188224907599	990a877c38695b0f0b12e3fb3c69a09c4f47c1c48a530ae1a7075263c50d9edb
game/bin/win64/scenesystem.dll	6708888	binary-profiles	same-name-current-cs2-file-assembled	game/bin/win64/scenesystem.dll	1422452/1334199870863440742;2347771/5806169188224907599	b84aefb64f58fc0c25b44229a6b758db61d1045bc3b6bc016116c219afe1049d
game/bin/win64/schemasystem.dll	447640	binary-profiles	same-name-current-cs2-file-assembled	game/bin/win64/schemasystem.dll	1422452/1334199870863440742;2347771/5806169188224907599	036cf3b775287fe49dc1fa109a514149494f5674eb62153c7879353f9a2ca681
game/bin/win64/SDL3.dll	2587800	binary-profiles	same-name-current-cs2-file-assembled	game/bin/win64/SDL3.dll	1422452/1334199870863440742;2347771/5806169188224907599	a7e17952106aa95de957eb99da3f1d9837d101847c45bf4596cd21c078525a3a
game/bin/win64/soundsystem.dll	4312216	binary-profiles	same-name-current-cs2-file-assembled	game/bin/win64/soundsystem.dll	1422452/1334199870863440742;2347771/5806169188224907599	16c3a8adc21ffa6340267a519af56fbf0e0e0021afbc1c908916d2c5f99985fd
game/bin/win64/source1import.exe	17320088	binary-profiles	same-name-current-cs2-file-assembled	game/bin/win64/source1import.exe	2347779/2145418671218218617	8968449bbc924b7b88d401843503ab26d44fe83f9a8f6a8589e4d556616ead01
game/bin/win64/steamaudio.dll	2481816	binary-profiles	same-name-current-cs2-file-assembled	game/bin/win64/steamaudio.dll	1422452/1334199870863440742;2347771/5806169188224907599	3d7afea6d39654003218fb24af402fa5164a30f6bbf001e6ae7908463317b4c5
game/bin/win64/steamnetworkingsockets.dll	4288832	binary-profiles	same-name-current-cs2-file-assembled	game/bin/win64/steamnetworkingsockets.dll	1422452/1334199870863440742;2347771/5806169188224907599	c7fe6c57f7d79076a036342ce5c87678eec4842de7685fe4962711d006c01e61
game/bin/win64/steam_api64.dll	319584	binary-profiles	same-name-current-cs2-file-assembled	game/bin/win64/steam_api64.dll	1422452/1334199870863440742;2347771/5806169188224907599	272a8976bd5fb936034987d3cbfdbc1e50fdc95f11fa1edad3327f081fb451ca
game/bin/win64/steam_appid.txt	9	binary-profiles	no-current-path-match-in-checked-sources			8549d07dce12b8bcf6b6217243bbf118d61b364ed7343e03eb084bbdf944c49b
game/bin/win64/subtools/bugreporter_subtool.dll	445592	binary-profiles	same-name-current-loose-file-listed	game/bin/win64/subtools/bugreporter_subtool.dll	1422452/1334199870863440742	e9f915a1ac6651666b5e9516ddace111c8f94cd1e2cc843adc47dded63ca0ad5
game/bin/win64/subtools/convarhelper_subtool.dll	345752	binary-profiles	same-name-current-cs2-file-assembled	game/bin/win64/subtools/convarhelper_subtool.dll	2347771/5806169188224907599	77d4c963a6803fcc658b7d859255cc74b10ec047009d886497f53c4482c2d348
game/bin/win64/subtools/dashboard_subtool.dll	222872	binary-profiles	same-name-current-cs2-file-assembled	game/bin/win64/subtools/dashboard_subtool.dll	2347771/5806169188224907599	d5c928052a94c3f31ce7bf63768dc5fd4b549263c526143c7c0c2f3a726313c8
game/bin/win64/subtools/netgraph_subtool.dll	355992	binary-profiles	same-name-current-cs2-file-assembled	game/bin/win64/subtools/netgraph_subtool.dll	1422452/1334199870863440742;2347771/5806169188224907599	51c5b8b8a1b00847bafe229ad947aced8547ac497dda253f2559271b408cc796
game/bin/win64/subtools/soundviewer_subtool.dll	1393816	binary-profiles	same-name-current-cs2-file-assembled	game/bin/win64/subtools/soundviewer_subtool.dll	1422452/1334199870863440742;2347771/5806169188224907599	bbb787b378525bbeef09c1372327aa85959708c4e7186e3610c5ff43c49fb238
game/bin/win64/subtools/vprof_subtool.dll	1340056	binary-profiles	same-name-current-cs2-file-assembled	game/bin/win64/subtools/vprof_subtool.dll	2347771/5806169188224907599	b17953c0f563c6bf0565d478afad9daa107f833e2b17dbd176d7f35c71e66442
game/bin/win64/tier0.dll	3908248	binary-profiles	same-name-current-cs2-file-assembled	game/bin/win64/tier0.dll	1422452/1334199870863440742;2347771/5806169188224907599	144310b13bdedacfec1d4f1d371e7bc2054cbe2f65b1376ab6bb6ead75202ca5
game/bin/win64/toolframework2.dll	12573848	binary-profiles	same-name-current-cs2-file-assembled	game/bin/win64/toolframework2.dll	1422452/1334199870863440742;2347771/5806169188224907599	32a4fcb8400c48a691eb39c294856111c6a0ceed426c47984888dc384bd2f6a9
game/bin/win64/tools/cs2_item_editor.dll	6665368	binary-profiles	same-name-current-cs2-file-assembled	game/bin/win64/tools/cs2_item_editor.dll	2347779/2145418671218218617	deaba85a57afd90a3a3915e3e786f8aba37d5ed95878d3f61ee79944a18a6f73
game/bin/win64/tools/cs2_workshop_manager.dll	2337944	binary-profiles	same-name-current-cs2-file-assembled	game/bin/win64/tools/cs2_workshop_manager.dll	2347779/2145418671218218617	3baa39b4dda1dda6c5927bf318cbe4aed1508824e389f818711a1310f08e252a
game/bin/win64/tools/hammer.dll	36688024	binary-profiles	same-name-current-cs2-file-assembled	game/bin/win64/tools/hammer.dll	2347779/2145418671218218617	117ef636bd28c70b91d4e8343d57f7695adf601ecdd8189be56cd939c08b5171
game/bin/win64/tools/met.dll	4403352	binary-profiles	same-name-current-cs2-file-assembled	game/bin/win64/tools/met.dll	2347779/2145418671218218617	2b682fa1a6d0fbf2128347509891f690df9a62d1191156df19c7ce22f5dc8675
game/bin/win64/tools/modeldoc_editor.dll	19792536	binary-profiles	same-name-current-cs2-file-assembled	game/bin/win64/tools/modeldoc_editor.dll	2347779/2145418671218218617	fdc687eab5c43be86a8ee6c999e0c3fb1a3341162a562a0cf74b5f4544bf847e
game/bin/win64/tools/multichunk_workshop_manager.dll	2337944	binary-profiles	no-current-path-match-in-checked-sources			30bff1bfa065fba50faa987b7c1b76ff946d050802ca27d7f17731591d13b7c6
game/bin/win64/tools/pet.dll	8497816	binary-profiles	same-name-current-cs2-file-assembled	game/bin/win64/tools/pet.dll	2347779/2145418671218218617	68c3f43f0ede58ae99f94bceb40c071602fc42e02427e3bff4f66da4326198d7
game/bin/win64/tools/postprocessingeditor.dll	6693016	binary-profiles	same-name-current-cs2-file-assembled	game/bin/win64/tools/postprocessingeditor.dll	2347779/2145418671218218617	377b968f603c352dcae6b8f1a781ca5734b06ef67158b6747eb86a8d311d5fb1
game/bin/win64/tools/sfm.dll	11177112	binary-profiles	same-name-current-cs2-file-assembled	game/bin/win64/tools/sfm.dll	2347779/2145418671218218617	a1c1b871d3916f1c00636dc935363baf2b5c33961336c1bcd05610d49e3fba80
game/bin/win64/tools/subrecteditor.dll	1536152	binary-profiles	same-name-current-cs2-file-assembled	game/bin/win64/tools/subrecteditor.dll	2347779/2145418671218218617	f0b97405ba0bf0dd21a34f01b0680773c3abd0efef488cbdd45fe019d67d6f06
game/bin/win64/toolscenenodes.dll	14596760	binary-profiles	same-name-current-cs2-file-assembled	game/bin/win64/toolscenenodes.dll	2347779/2145418671218218617	a50c58f4636a614ffd9d3a4f81bd7db924a62cb3f8d3249e90b080968f859fef
game/bin/win64/v8system.dll	221336	binary-profiles	same-name-current-cs2-file-assembled	game/bin/win64/v8system.dll	1422452/1334199870863440742;2347771/5806169188224907599	432c05c5efcf50a700a255c139d35d9538e2e04edb2e4a44a3f6e47d65a1435d
game/bin/win64/valve_avi.dll	188568	binary-profiles	same-name-current-cs2-file-assembled	game/bin/win64/valve_avi.dll	1422452/1334199870863440742;2347771/5806169188224907599	b5738ab7db07b3a217fd8272204b174751a4c0d9234b5e95c7b3428cf6e5c815
game/bin/win64/valve_webm.dll	11364504	binary-profiles	same-name-current-cs2-file-assembled	game/bin/win64/valve_webm.dll	1422452/1334199870863440742;2347771/5806169188224907599	93ec73f5be3700e56877baf7264c60765fa1eb6a6c936c0eae32bbe59949a35a
game/bin/win64/valve_wmf.dll	172184	binary-profiles	same-name-current-cs2-file-assembled	game/bin/win64/valve_wmf.dll	1422452/1334199870863440742;2347771/5806169188224907599	c9fb6dd45619e963c56564512ed0e2c24e4e11d8924d979419ff8ee40741a524
game/bin/win64/vconcomm.dll	245400	binary-profiles	same-name-current-cs2-file-assembled	game/bin/win64/vconcomm.dll	1422452/1334199870863440742;2347771/5806169188224907599	d57c61e592f955a88c5fc0497d9a35ab63110b03bb96e695cd3d139912d33323
game/bin/win64/vconsole2.exe	3907736	binary-profiles	same-name-current-cs2-file-assembled	game/bin/win64/vconsole2.exe	1422452/1334199870863440742;2347771/5806169188224907599	8153fe22434cbcb95014c4c6762d9e32b8f643c6db9a8c8c8d14b9059c5d0325
game/bin/win64/vfx_dx11.dll	1311384	binary-profiles	same-name-current-cs2-file-assembled	game/bin/win64/vfx_dx11.dll	1422452/1334199870863440742;2347771/5806169188224907599	2369a5149028c8f4f8c60c2b90394a72f153a5528256335c0b6d01b1a07a8537
game/bin/win64/visbuilder.dll	1797784	binary-profiles	same-name-current-cs2-file-assembled	game/bin/win64/visbuilder.dll	1422452/1334199870863440742;2347771/5806169188224907599	6837abd68f681716c09c97d4ce6ceefa58a4f4a994d9fec94c4f3bd7e4453525
game/bin/win64/vphysics2.dll	4263576	binary-profiles	same-name-current-cs2-file-assembled	game/bin/win64/vphysics2.dll	1422452/1334199870863440742;2347771/5806169188224907599	0ddf67280e17ba66fc1862682b85f26dc26a20cc7c7448f0f06a8af06069157f
game/bin/win64/vrad3.dll	2523800	binary-profiles	same-name-current-cs2-file-assembled	game/bin/win64/vrad3.dll	2347779/2145418671218218617	975a541586a3349a3346c628b42bc6771ef1cf6aa78be590dc050d737788ac39
game/bin/win64/vrad3.exe	165016	binary-profiles	same-name-current-cs2-file-assembled	game/bin/win64/vrad3.exe	2347779/2145418671218218617	a0d3b34ec619c4a122d82ce2a8ff1517d6320519a5564923a607ce341ebc4201
game/bin/win64/vscript.dll	1344152	binary-profiles	same-name-current-cs2-file-assembled	game/bin/win64/vscript.dll	1422452/1334199870863440742;2347771/5806169188224907599	b869015c69ccb60110993c16c04be41bcc5534e200d8e9f363978989812cffe6
game/bin/win64/worldrenderer.dll	1775256	binary-profiles	same-name-current-cs2-file-assembled	game/bin/win64/worldrenderer.dll	1422452/1334199870863440742;2347771/5806169188224907599	fe1fe8cbd87ba5c646efe4c2589c4c67919f30ee1b11e73f1c0595a4a83f943c
game/bin_cs2/assettypes_common.txt	36143	binary-profiles	same-name-current-cs2-file-assembled	game/bin/assettypes_common.txt	2347779/2145418671218218617	13f09f51c629b52ef59418b0cb7dee3176a9b0df9676a55700a950fd2cb1598e
game/bin_cs2/assettypes_internal.txt	36143	binary-profiles	no-current-path-match-in-checked-sources			13f09f51c629b52ef59418b0cb7dee3176a9b0df9676a55700a950fd2cb1598e
game/bin_cs2/built_from_cl.txt	10	binary-profiles	same-name-current-loose-file-listed	game/bin/built_from_cl.txt	2347770/2053759441494650084	4d26800a5d50c1dc56946ce14177566e967746b64a030317e5588b8e0444637c
game/bin_cs2/content_built_from_cl.txt	8	binary-profiles	no-current-path-match-in-checked-sources			9e5195eb27bae42b573eb1dc1c9077b31282acbab46b5335c49c101d2a2e93e9
game/bin_cs2/enginetools.txt	6295	binary-profiles	no-current-path-match-in-checked-sources			566aeacc1ee2cb21cf96be1ffdaac2a62a150a1a28019b022c2c55dda435b7f6
game/bin_cs2/sdkenginetools.txt	6295	binary-profiles	same-name-current-cs2-file-assembled	game/bin/sdkenginetools.txt	2347779/2145418671218218617	566aeacc1ee2cb21cf96be1ffdaac2a62a150a1a28019b022c2c55dda435b7f6
game/bin_cs2/win64/animationsystem.dll	7941784	binary-profiles	same-name-current-cs2-file-assembled	game/bin/win64/animationsystem.dll	1422452/1334199870863440742;2347771/5806169188224907599	385a4e6ee26991d211161434488eaabc357a88169b0ac3623129db2b51bdfd57
game/bin_cs2/win64/assetbrowser.dll	2222744	binary-profiles	same-name-current-cs2-file-assembled	game/bin/win64/assetbrowser.dll	2347779/2145418671218218617	b8c66f6cf1e2282425ace2d1f21484d8c07ce17c235cf5fb192e052065665344
game/bin_cs2/win64/assetpreview.dll	6132376	binary-profiles	same-name-current-cs2-file-assembled	game/bin/win64/assetpreview.dll	1422452/1334199870863440742;2347771/5806169188224907599	69bbb2a2c702a245041fb6aa8c9cb98bea6e0f5f196564a7b7368864f279f9e4
game/bin_cs2/win64/assetrename.dll	29201560	binary-profiles	same-name-current-cs2-file-assembled	game/bin/win64/assetrename.dll	2347779/2145418671218218617	107739b0f2548ef7fcc9a319c5d547d94dc006baca2ec88deb6d265287d0b1a3
game/bin_cs2/win64/assetsystem.dll	5525144	binary-profiles	same-name-current-cs2-file-assembled	game/bin/win64/assetsystem.dll	2347779/2145418671218218617	9b3814f2009d622e0f3b8851a59a0f74505bfde62027a6fc3bbf501948cac9f6
game/bin_cs2/win64/bugreporter_filequeue.dll	163992	binary-profiles	same-name-current-cs2-file-assembled	game/bin/win64/bugreporter_filequeue.dll	1422452/1334199870863440742;2347771/5806169188224907599	edf41076bfbf3fe03e96451000b7097071069eba0e830d5cb9e4d8b8d2044704
game/bin_cs2/win64/cairo.dll	1271960	binary-profiles	same-name-current-cs2-file-assembled	game/bin/win64/cairo.dll	1422452/1334199870863440742;2347771/5806169188224907599	34f8278f4c180f303fb343c08fcc64d5d27225f00a898a4c58ad3bd5e33787ae
game/bin_cs2/win64/cs2.exe	2968216	binary-profiles	same-name-current-cs2-file-assembled	game/bin/win64/cs2.exe	2347771/5806169188224907599	131bff3208eb11077c697856d9cc142c94152f61ff98c95a10d17e30031ab17e
game/bin_cs2/win64/cs2_build_econ_items_workshop.exe	395928	binary-profiles	same-name-current-cs2-file-assembled	game/bin/win64/cs2_build_econ_items_workshop.exe	2347779/2145418671218218617	5df3a46212f71815af83c16a344bc60da51a63d669531350e994393f3dc3b7be
game/bin_cs2/win64/csgocfg.exe	1244312	binary-profiles	same-name-current-cs2-file-assembled	game/bin/win64/csgocfg.exe	2347779/2145418671218218617	e57a44cb82b24073d15534da6a2bb86f56cda4ada54b1b7e0e2aea08d71deea2
game/bin_cs2/win64/csmdlimport.bat	290	binary-profiles	no-current-path-match-in-checked-sources			d4dd32c1ac489eb61760a08a96c668f6bbb7f3d8fe1558bc256d0474ddb11ce1
game/bin_cs2/win64/cs_mdl_import.exe	13105304	binary-profiles	same-name-current-cs2-file-assembled	game/bin/win64/cs_mdl_import.exe	2347779/2145418671218218617	5733728f156c11162c1a2a3eb2543efe515b073ca3bac1ed8cee19e40bbd2184
game/bin_cs2/win64/deadlock.exe	1063576	binary-profiles	same-name-current-loose-file-listed	game/bin/win64/deadlock.exe	1422452/1334199870863440742	158a3409491a51003a31a199ac2d70bee69c23a25951372dc9da929c7e965c77
game/bin_cs2/win64/deathlol.png	58068	binary-profiles	no-current-path-match-in-checked-sources			30fb3d6038a35a5128035760e6349d255dd0191ce60ac9b46ff22190af3c7f13
game/bin_cs2/win64/dmxconvert.bat	302	binary-profiles	no-current-path-match-in-checked-sources			b8224d5e56198ced08ed450c3d978cb3f256ac208a7c9b8d367809f4c6797ec2
game/bin_cs2/win64/dmxconvert.exe	1168024	binary-profiles	same-name-current-cs2-file-assembled	game/bin/win64/dmxconvert.exe	2347779/2145418671218218617	f61d78194f74adbca76b603a733582548ebd8918729174d62674539fd5bb1f54
game/bin_cs2/win64/engine2.dll	6568600	binary-profiles	same-name-current-cs2-file-assembled	game/bin/win64/engine2.dll	1422452/1334199870863440742;2347771/5806169188224907599	9d65ca8cbc631a1ce6e60d967eabc854678a4ac77335e05939909471abf1532d
game/bin_cs2/win64/exportsystem.dll	3596440	binary-profiles	same-name-current-cs2-file-assembled	game/bin/win64/exportsystem.dll	2347779/2145418671218218617	bbdd774a46aa90ddedc0f274fc5de7f8db66e7d00e659ad532861c4141acc46b
game/bin_cs2/win64/filesystem_stdio.dll	2295960	binary-profiles	same-name-current-cs2-file-assembled	game/bin/win64/filesystem_stdio.dll	1422452/1334199870863440742;2347771/5806169188224907599	ef4f1ae832f40297594e9298d96b01738d2eee27387c592511d132043e6fc0c7
game/bin_cs2/win64/gfsdk_aftermath_lib.x64.dll	5570136	binary-profiles	same-name-current-cs2-file-assembled	game/bin/win64/gfsdk_aftermath_lib.x64.dll	1422452/1334199870863440742;2347771/5806169188224907599	6327ccc3e588c784d95f66a7b6d2f024fff3341a78b7d818e87b27d15c0bd7b1
game/bin_cs2/win64/glview.exe	212992	binary-profiles	no-current-path-match-in-checked-sources			eceab519dfcc1a1273c25c2f72993866ad17acd1cb7c09ecd296e0e0559dae1f
game/bin_cs2/win64/helpsystem.dll	708248	binary-profiles	same-name-current-cs2-file-assembled	game/bin/win64/helpsystem.dll	1422452/1334199870863440742;2347771/5806169188224907599	130105749afa9775c00dda70a5e1b8ae883903e48eb82d18a247e4db239028ae
game/bin_cs2/win64/imemanager.dll	243352	binary-profiles	same-name-current-cs2-file-assembled	game/bin/win64/imemanager.dll	1422452/1334199870863440742;2347771/5806169188224907599	d635833b6b08cc51ca35ae148cb2f9bb422b955348dc1a7dc95f17c688296adc
game/bin_cs2/win64/inputsystem.dll	297624	binary-profiles	same-name-current-cs2-file-assembled	game/bin/win64/inputsystem.dll	1422452/1334199870863440742;2347771/5806169188224907599	62afa41c9d2bf9c048f5e5634506a1ad72504458d38f0f347aea9bcf78fb1435
game/bin_cs2/win64/lame_enc.dll	983040	binary-profiles	no-current-path-match-in-checked-sources			90780666f78bee4315d6d2422ef78efcf50d29193e5d954660297df6aa37d61b
game/bin_cs2/win64/localize.dll	307864	binary-profiles	same-name-current-cs2-file-assembled	game/bin/win64/localize.dll	1422452/1334199870863440742;2347771/5806169188224907599	b5c59efe7a9a507f28a4baa41b31e580b1068fa125443315ceac5c60244db376
game/bin_cs2/win64/materialsystem2.dll	1350296	binary-profiles	same-name-current-cs2-file-assembled	game/bin/win64/materialsystem2.dll	1422452/1334199870863440742;2347771/5806169188224907599	be93326060eacf345f6a76785c2677c819b75c2a5267641a8aa38aef745d1071
game/bin_cs2/win64/meshsystem.dll	1420952	binary-profiles	same-name-current-cs2-file-assembled	game/bin/win64/meshsystem.dll	1422452/1334199870863440742;2347771/5806169188224907599	648ab20f9dfce78bcf3ddb334a85fec0015538a0d65a323ad565e928f29a1e67
game/bin_cs2/win64/modeldoc_utils.dll	14400152	binary-profiles	same-name-current-cs2-file-assembled	game/bin/win64/modeldoc_utils.dll	2347779/2145418671218218617	c08b723bd8385f33f91c2f53ec759044e8eec0c574a00185873465e94e454c4e
game/bin_cs2/win64/navsystem.dll	1293464	binary-profiles	same-name-current-cs2-file-assembled	game/bin/win64/navsystem.dll	1422452/1334199870863440742;2347771/5806169188224907599	7c9db488ecd89cef55cf6fae6db5bfb1fb94632b4a6694748824713cd78ee44b
game/bin_cs2/win64/networksystem.dll	2799768	binary-profiles	same-name-current-cs2-file-assembled	game/bin/win64/networksystem.dll	1422452/1334199870863440742;2347771/5806169188224907599	a434e6c14800b461942b16f7fcd02bed061d74ac377a7815a70f362e160d6e33
game/bin_cs2/win64/p4lib.dll	142488	binary-profiles	same-name-current-cs2-file-assembled	game/bin/win64/p4lib.dll	1422452/1334199870863440742;2347771/5806169188224907599	5e342b0aaffbdd99dc13d5ddff8be9f51380ae87ea34ce8af164a5ee5b44878a
game/bin_cs2/win64/panorama.dll	5562008	binary-profiles	same-name-current-cs2-file-assembled	game/bin/win64/panorama.dll	1422452/1334199870863440742;2347771/5806169188224907599	3f2e65ca5cd7f11751196093202e19c4dbac11e447114f6e422f9afc24948e87
game/bin_cs2/win64/panoramauiclient.dll	2875544	binary-profiles	same-name-current-cs2-file-assembled	game/bin/win64/panoramauiclient.dll	1422452/1334199870863440742;2347771/5806169188224907599	b4fae31f4d3882657e3451b4268a01562246af1d7bc87420f9fa526c9992f15e
game/bin_cs2/win64/panorama_text_pango.dll	2981528	binary-profiles	same-name-current-cs2-file-assembled	game/bin/win64/panorama_text_pango.dll	1422452/1334199870863440742;2347771/5806169188224907599	84608c691733db2dfe0cff790c3aa85a0413e781dccd8866000a6dd2f88d523b
game/bin_cs2/win64/particles.dll	6253208	binary-profiles	same-name-current-cs2-file-assembled	game/bin/win64/particles.dll	1422452/1334199870863440742;2347771/5806169188224907599	7a930e1bd1be7f67404e9569030ebc8ae20d42f6c8a0e77c8735dc7329e6a569
game/bin_cs2/win64/phonon.dll	52949144	binary-profiles	same-name-current-cs2-file-assembled	game/bin/win64/phonon.dll	1422452/1334199870863440742;2347771/5806169188224907599	2766aa33a3e9a650406d816ece739b45508e428bfe93c48232ae4bd30dc7ae21
game/bin_cs2/win64/physicsbuilder.dll	12850328	binary-profiles	same-name-current-cs2-file-assembled	game/bin/win64/physicsbuilder.dll	1422452/1334199870863440742;2347771/5806169188224907599	6acb6af98a8205dbcf80a295e7326d1fcf609ec5e9b930ae7c47cd9434872ff7
game/bin_cs2/win64/propertyeditor.dll	1403544	binary-profiles	same-name-current-cs2-file-assembled	game/bin/win64/propertyeditor.dll	1422452/1334199870863440742;2347771/5806169188224907599	2e245296c0be8865cfee0d11b7551eb1b098071938635857762b5b6515f9a8b0
game/bin_cs2/win64/pulse_system.dll	1818264	binary-profiles	same-name-current-cs2-file-assembled	game/bin/win64/pulse_system.dll	1422452/1334199870863440742;2347771/5806169188224907599	cb68f90ba59328cd0868f3d613d49c3ca49e260e1dc995e9e8a35824fb1c8cc3
game/bin_cs2/win64/rendersystemdx11.dll	4510872	binary-profiles	same-name-current-cs2-file-assembled	game/bin/win64/rendersystemdx11.dll	1422452/1334199870863440742;2347771/5806169188224907599	7144c6f1945e1bd75882b80bc9b1ce8f6c74bcfba8127b4a1acbf175b5461da5
game/bin_cs2/win64/rendersystemempty.dll	1831064	binary-profiles	same-name-current-cs2-file-assembled	game/bin/win64/rendersystemempty.dll	1422452/1334199870863440742;2347771/5806169188224907599	c8cee6905085f276974caee944926275d6f0f8fc24934ee32938c5e108dced73
game/bin_cs2/win64/rendersystemvulkan.dll	6198936	binary-profiles	same-name-current-cs2-file-assembled	game/bin/win64/rendersystemvulkan.dll	1422452/1334199870863440742;2347771/5806169188224907599	f9d1b25db92005b763aa2819fe04457e7d3e4f1879579a5185185815e4e36aeb
game/bin_cs2/win64/resourcecompiler.dll	47463064	binary-profiles	same-name-current-cs2-file-assembled	game/bin/win64/resourcecompiler.dll	1422452/1334199870863440742;2347771/5806169188224907599	dcac4c3ad3b618de2be84512419f95625e8da16d41779b8611dcd051d1dd57d6
game/bin_cs2/win64/resourcecompiler.exe	165016	binary-profiles	same-name-current-cs2-file-assembled	game/bin/win64/resourcecompiler.exe	2347779/2145418671218218617	a0d3b34ec619c4a122d82ce2a8ff1517d6320519a5564923a607ce341ebc4201
game/bin_cs2/win64/resourcecopy.exe	1376920	binary-profiles	same-name-current-cs2-file-assembled	game/bin/win64/resourcecopy.exe	2347779/2145418671218218617	b902f42bdbac1f9eeb710de358ed1ce282775d30284fa1c0779d9b02914e372f
game/bin_cs2/win64/resourceinfo.exe	3802264	binary-profiles	same-name-current-cs2-file-assembled	game/bin/win64/resourceinfo.exe	2347779/2145418671218218617	7cac37a46a1aaa85a8a6ebb6dfc2c71b179674fbe10e7673800fb1294e3a23cf
game/bin_cs2/win64/resourcesystem.dll	497816	binary-profiles	same-name-current-cs2-file-assembled	game/bin/win64/resourcesystem.dll	1422452/1334199870863440742;2347771/5806169188224907599	fb5d73adaea6af871d45249eae98044274cd87335260cb49edd181f5f7cad7a8
game/bin_cs2/win64/scenefilecache.dll	534680	binary-profiles	same-name-current-cs2-file-assembled	game/bin/win64/scenefilecache.dll	1422452/1334199870863440742;2347771/5806169188224907599	990a877c38695b0f0b12e3fb3c69a09c4f47c1c48a530ae1a7075263c50d9edb
game/bin_cs2/win64/scenesystem.dll	6708888	binary-profiles	same-name-current-cs2-file-assembled	game/bin/win64/scenesystem.dll	1422452/1334199870863440742;2347771/5806169188224907599	7cba19baccb4c1cc7cd02ed3f5dadaacd249cba1c10e5f9bf071057ff5ef1d1e
game/bin_cs2/win64/schemasystem.dll	447640	binary-profiles	same-name-current-cs2-file-assembled	game/bin/win64/schemasystem.dll	1422452/1334199870863440742;2347771/5806169188224907599	036cf3b775287fe49dc1fa109a514149494f5674eb62153c7879353f9a2ca681
game/bin_cs2/win64/sdf_postweep.png	403	binary-profiles	no-current-path-match-in-checked-sources			a998b2177270c29d9176daea114b1d7d6c212e219b4614cb310f4d15105e4abe
game/bin_cs2/win64/sdf_presweep.png	133	binary-profiles	no-current-path-match-in-checked-sources			27b20d6eda50d44ebb007e13f69d871cf0c86a9e382b7dfcfa3dcb3bba4f4b7f
game/bin_cs2/win64/SDL3.dll	2587800	binary-profiles	same-name-current-cs2-file-assembled	game/bin/win64/SDL3.dll	1422452/1334199870863440742;2347771/5806169188224907599	a7e17952106aa95de957eb99da3f1d9837d101847c45bf4596cd21c078525a3a
game/bin_cs2/win64/ServerConfig.vdf	489	binary-profiles	no-current-path-match-in-checked-sources			74869d4b320691e5cd97a797ba7b1eb87652330eb004024fb5c84ca3d3f9d4b4
game/bin_cs2/win64/soundsystem.dll	4312216	binary-profiles	same-name-current-cs2-file-assembled	game/bin/win64/soundsystem.dll	1422452/1334199870863440742;2347771/5806169188224907599	16c3a8adc21ffa6340267a519af56fbf0e0e0021afbc1c908916d2c5f99985fd
game/bin_cs2/win64/source1import.exe	17320088	binary-profiles	same-name-current-cs2-file-assembled	game/bin/win64/source1import.exe	2347779/2145418671218218617	8968449bbc924b7b88d401843503ab26d44fe83f9a8f6a8589e4d556616ead01
game/bin_cs2/win64/steamaudio.dll	2481816	binary-profiles	same-name-current-cs2-file-assembled	game/bin/win64/steamaudio.dll	1422452/1334199870863440742;2347771/5806169188224907599	3d7afea6d39654003218fb24af402fa5164a30f6bbf001e6ae7908463317b4c5
game/bin_cs2/win64/steamnetworkingsockets.dll	4288832	binary-profiles	same-name-current-cs2-file-assembled	game/bin/win64/steamnetworkingsockets.dll	1422452/1334199870863440742;2347771/5806169188224907599	c7fe6c57f7d79076a036342ce5c87678eec4842de7685fe4962711d006c01e61
game/bin_cs2/win64/steam_api64.dll	319584	binary-profiles	same-name-current-cs2-file-assembled	game/bin/win64/steam_api64.dll	1422452/1334199870863440742;2347771/5806169188224907599	272a8976bd5fb936034987d3cbfdbc1e50fdc95f11fa1edad3327f081fb451ca
game/bin_cs2/win64/steam_appid.txt	9	binary-profiles	no-current-path-match-in-checked-sources			8549d07dce12b8bcf6b6217243bbf118d61b364ed7343e03eb084bbdf944c49b
game/bin_cs2/win64/subtools/convarhelper_subtool.dll	345752	binary-profiles	same-name-current-cs2-file-assembled	game/bin/win64/subtools/convarhelper_subtool.dll	2347771/5806169188224907599	77d4c963a6803fcc658b7d859255cc74b10ec047009d886497f53c4482c2d348
game/bin_cs2/win64/subtools/dashboard_subtool.dll	222872	binary-profiles	same-name-current-cs2-file-assembled	game/bin/win64/subtools/dashboard_subtool.dll	2347771/5806169188224907599	d5c928052a94c3f31ce7bf63768dc5fd4b549263c526143c7c0c2f3a726313c8
game/bin_cs2/win64/subtools/netgraph_subtool.dll	355992	binary-profiles	same-name-current-cs2-file-assembled	game/bin/win64/subtools/netgraph_subtool.dll	1422452/1334199870863440742;2347771/5806169188224907599	51c5b8b8a1b00847bafe229ad947aced8547ac497dda253f2559271b408cc796
game/bin_cs2/win64/subtools/soundviewer_subtool.dll	1393816	binary-profiles	same-name-current-cs2-file-assembled	game/bin/win64/subtools/soundviewer_subtool.dll	1422452/1334199870863440742;2347771/5806169188224907599	bbb787b378525bbeef09c1372327aa85959708c4e7186e3610c5ff43c49fb238
game/bin_cs2/win64/subtools/vprof_subtool.dll	1340056	binary-profiles	same-name-current-cs2-file-assembled	game/bin/win64/subtools/vprof_subtool.dll	2347771/5806169188224907599	b17953c0f563c6bf0565d478afad9daa107f833e2b17dbd176d7f35c71e66442
game/bin_cs2/win64/tier0.dll	3901080	binary-profiles	same-name-current-cs2-file-assembled	game/bin/win64/tier0.dll	1422452/1334199870863440742;2347771/5806169188224907599	d4a95c57ed16d8a04b88b841a82ac9ab82871d74f26a71b847157d9ab72eb8c5
game/bin_cs2/win64/toolframework2.dll	12573848	binary-profiles	same-name-current-cs2-file-assembled	game/bin/win64/toolframework2.dll	1422452/1334199870863440742;2347771/5806169188224907599	32a4fcb8400c48a691eb39c294856111c6a0ceed426c47984888dc384bd2f6a9
game/bin_cs2/win64/tools/cs2_item_editor.dll	6665368	binary-profiles	same-name-current-cs2-file-assembled	game/bin/win64/tools/cs2_item_editor.dll	2347779/2145418671218218617	deaba85a57afd90a3a3915e3e786f8aba37d5ed95878d3f61ee79944a18a6f73
game/bin_cs2/win64/tools/cs2_workshop_manager.dll	2337944	binary-profiles	same-name-current-cs2-file-assembled	game/bin/win64/tools/cs2_workshop_manager.dll	2347779/2145418671218218617	3baa39b4dda1dda6c5927bf318cbe4aed1508824e389f818711a1310f08e252a
game/bin_cs2/win64/tools/hammer.dll	36688024	binary-profiles	same-name-current-cs2-file-assembled	game/bin/win64/tools/hammer.dll	2347779/2145418671218218617	117ef636bd28c70b91d4e8343d57f7695adf601ecdd8189be56cd939c08b5171
game/bin_cs2/win64/tools/met.dll	4403352	binary-profiles	same-name-current-cs2-file-assembled	game/bin/win64/tools/met.dll	2347779/2145418671218218617	2b682fa1a6d0fbf2128347509891f690df9a62d1191156df19c7ce22f5dc8675
game/bin_cs2/win64/tools/modeldoc_editor.dll	19792536	binary-profiles	same-name-current-cs2-file-assembled	game/bin/win64/tools/modeldoc_editor.dll	2347779/2145418671218218617	fdc687eab5c43be86a8ee6c999e0c3fb1a3341162a562a0cf74b5f4544bf847e
game/bin_cs2/win64/tools/multichunk_workshop_manager.dll	2337944	binary-profiles	no-current-path-match-in-checked-sources			30bff1bfa065fba50faa987b7c1b76ff946d050802ca27d7f17731591d13b7c6
game/bin_cs2/win64/tools/pet.dll	8497816	binary-profiles	same-name-current-cs2-file-assembled	game/bin/win64/tools/pet.dll	2347779/2145418671218218617	68c3f43f0ede58ae99f94bceb40c071602fc42e02427e3bff4f66da4326198d7
game/bin_cs2/win64/tools/postprocessingeditor.dll	6693016	binary-profiles	same-name-current-cs2-file-assembled	game/bin/win64/tools/postprocessingeditor.dll	2347779/2145418671218218617	377b968f603c352dcae6b8f1a781ca5734b06ef67158b6747eb86a8d311d5fb1
game/bin_cs2/win64/tools/sfm.dll	11177112	binary-profiles	same-name-current-cs2-file-assembled	game/bin/win64/tools/sfm.dll	2347779/2145418671218218617	a1c1b871d3916f1c00636dc935363baf2b5c33961336c1bcd05610d49e3fba80
game/bin_cs2/win64/tools/subrecteditor.dll	1536152	binary-profiles	same-name-current-cs2-file-assembled	game/bin/win64/tools/subrecteditor.dll	2347779/2145418671218218617	f0b97405ba0bf0dd21a34f01b0680773c3abd0efef488cbdd45fe019d67d6f06
game/bin_cs2/win64/toolscenenodes.dll	14608024	binary-profiles	same-name-current-cs2-file-assembled	game/bin/win64/toolscenenodes.dll	2347779/2145418671218218617	243c7ebfdbfcae8edba2b4147dfbd35cb268843db967f1d6ea14d29d8277a784
game/bin_cs2/win64/v8system.dll	221336	binary-profiles	same-name-current-cs2-file-assembled	game/bin/win64/v8system.dll	1422452/1334199870863440742;2347771/5806169188224907599	432c05c5efcf50a700a255c139d35d9538e2e04edb2e4a44a3f6e47d65a1435d
game/bin_cs2/win64/valve_avi.dll	188568	binary-profiles	same-name-current-cs2-file-assembled	game/bin/win64/valve_avi.dll	1422452/1334199870863440742;2347771/5806169188224907599	b5738ab7db07b3a217fd8272204b174751a4c0d9234b5e95c7b3428cf6e5c815
game/bin_cs2/win64/valve_webm.dll	11364504	binary-profiles	same-name-current-cs2-file-assembled	game/bin/win64/valve_webm.dll	1422452/1334199870863440742;2347771/5806169188224907599	93ec73f5be3700e56877baf7264c60765fa1eb6a6c936c0eae32bbe59949a35a
game/bin_cs2/win64/valve_wmf.dll	172184	binary-profiles	same-name-current-cs2-file-assembled	game/bin/win64/valve_wmf.dll	1422452/1334199870863440742;2347771/5806169188224907599	c9fb6dd45619e963c56564512ed0e2c24e4e11d8924d979419ff8ee40741a524
game/bin_cs2/win64/vconcomm.dll	245400	binary-profiles	same-name-current-cs2-file-assembled	game/bin/win64/vconcomm.dll	1422452/1334199870863440742;2347771/5806169188224907599	d57c61e592f955a88c5fc0497d9a35ab63110b03bb96e695cd3d139912d33323
game/bin_cs2/win64/vconsole2.exe	3907736	binary-profiles	same-name-current-cs2-file-assembled	game/bin/win64/vconsole2.exe	1422452/1334199870863440742;2347771/5806169188224907599	8153fe22434cbcb95014c4c6762d9e32b8f643c6db9a8c8c8d14b9059c5d0325
game/bin_cs2/win64/vfx_dx11.dll	1311384	binary-profiles	same-name-current-cs2-file-assembled	game/bin/win64/vfx_dx11.dll	1422452/1334199870863440742;2347771/5806169188224907599	2369a5149028c8f4f8c60c2b90394a72f153a5528256335c0b6d01b1a07a8537
game/bin_cs2/win64/visbuilder.dll	1797784	binary-profiles	same-name-current-cs2-file-assembled	game/bin/win64/visbuilder.dll	1422452/1334199870863440742;2347771/5806169188224907599	6837abd68f681716c09c97d4ce6ceefa58a4f4a994d9fec94c4f3bd7e4453525
game/bin_cs2/win64/vphysics2.dll	4263576	binary-profiles	same-name-current-cs2-file-assembled	game/bin/win64/vphysics2.dll	1422452/1334199870863440742;2347771/5806169188224907599	0ddf67280e17ba66fc1862682b85f26dc26a20cc7c7448f0f06a8af06069157f
game/bin_cs2/win64/vrad3.dll	2523800	binary-profiles	same-name-current-cs2-file-assembled	game/bin/win64/vrad3.dll	2347779/2145418671218218617	975a541586a3349a3346c628b42bc6771ef1cf6aa78be590dc050d737788ac39
game/bin_cs2/win64/vrad3.exe	165016	binary-profiles	same-name-current-cs2-file-assembled	game/bin/win64/vrad3.exe	2347779/2145418671218218617	a0d3b34ec619c4a122d82ce2a8ff1517d6320519a5564923a607ce341ebc4201
game/bin_cs2/win64/vscript.dll	1344152	binary-profiles	same-name-current-cs2-file-assembled	game/bin/win64/vscript.dll	1422452/1334199870863440742;2347771/5806169188224907599	b869015c69ccb60110993c16c04be41bcc5534e200d8e9f363978989812cffe6
game/bin_cs2/win64/worldrenderer.dll	1775256	binary-profiles	same-name-current-cs2-file-assembled	game/bin/win64/worldrenderer.dll	1422452/1334199870863440742;2347771/5806169188224907599	fe1fe8cbd87ba5c646efe4c2589c4c67919f30ee1b11e73f1c0595a4a83f943c
game/bin_cs2/win64/zbuf012.png	115	binary-profiles	no-current-path-match-in-checked-sources			6c5dc512a14811cbe51277270d75dddb0a79e745e2992b9f741ba4aa20a96326
game/bin_cs2/win64/zbuf021.png	127	binary-profiles	no-current-path-match-in-checked-sources			b7371694fb78f1a32207d2e6ae16163939c34beb05db2dd9bea26c7daf084625
game/bin_cs2/win64/zbuf210.png	114	binary-profiles	no-current-path-match-in-checked-sources			9521afd83a072ab66f96b2721683bf1512559421e2cfad21eae4e2b96ff25af1
game/bin_server/assettypes_common.txt	36143	binary-profiles	same-name-current-cs2-file-assembled	game/bin/assettypes_common.txt	2347779/2145418671218218617	13f09f51c629b52ef59418b0cb7dee3176a9b0df9676a55700a950fd2cb1598e
game/bin_server/assettypes_internal.txt	36143	binary-profiles	no-current-path-match-in-checked-sources			13f09f51c629b52ef59418b0cb7dee3176a9b0df9676a55700a950fd2cb1598e
game/bin_server/built_from_cl.txt	10	binary-profiles	same-name-current-loose-file-listed	game/bin/built_from_cl.txt	2347770/2053759441494650084	4d26800a5d50c1dc56946ce14177566e967746b64a030317e5588b8e0444637c
game/bin_server/content_built_from_cl.txt	8	binary-profiles	no-current-path-match-in-checked-sources			9e5195eb27bae42b573eb1dc1c9077b31282acbab46b5335c49c101d2a2e93e9
game/bin_server/enginetools.txt	6295	binary-profiles	no-current-path-match-in-checked-sources			566aeacc1ee2cb21cf96be1ffdaac2a62a150a1a28019b022c2c55dda435b7f6
game/bin_server/sdkenginetools.txt	6295	binary-profiles	same-name-current-cs2-file-assembled	game/bin/sdkenginetools.txt	2347779/2145418671218218617	566aeacc1ee2cb21cf96be1ffdaac2a62a150a1a28019b022c2c55dda435b7f6
game/bin_server/win64/animationsystem.dll	8922776	binary-profiles	same-name-current-cs2-file-assembled	game/bin/win64/animationsystem.dll	1422452/1334199870863440742;2347771/5806169188224907599	67622dae2bb627f43cb65322b8196b2346aa6a5e82e9ced713a96a58e1e82fb6
game/bin_server/win64/assetbrowser.dll	2222744	binary-profiles	same-name-current-cs2-file-assembled	game/bin/win64/assetbrowser.dll	2347779/2145418671218218617	b8c66f6cf1e2282425ace2d1f21484d8c07ce17c235cf5fb192e052065665344
game/bin_server/win64/assetpreview.dll	6223000	binary-profiles	same-name-current-cs2-file-assembled	game/bin/win64/assetpreview.dll	1422452/1334199870863440742;2347771/5806169188224907599	96f62cfbca5996bdeb76bd6a3f8915e0b9db84c420d8b9dd4e3eabfffb993ad6
game/bin_server/win64/assetrename.dll	29201560	binary-profiles	same-name-current-cs2-file-assembled	game/bin/win64/assetrename.dll	2347779/2145418671218218617	107739b0f2548ef7fcc9a319c5d547d94dc006baca2ec88deb6d265287d0b1a3
game/bin_server/win64/assetsystem.dll	5524120	binary-profiles	same-name-current-cs2-file-assembled	game/bin/win64/assetsystem.dll	2347779/2145418671218218617	1e89378890006eb0ab58069f3d01e80b9c37b5adc984236ce579e7bc0c34b1e6
game/bin_server/win64/bugreporter_filequeue.dll	163992	binary-profiles	same-name-current-cs2-file-assembled	game/bin/win64/bugreporter_filequeue.dll	1422452/1334199870863440742;2347771/5806169188224907599	8e7dd1cb1da502450eff618c67da2b7b33a239aaa956707716303bcc5dc51e54
game/bin_server/win64/cairo.dll	1271960	binary-profiles	same-name-current-cs2-file-assembled	game/bin/win64/cairo.dll	1422452/1334199870863440742;2347771/5806169188224907599	805d787ccac74553d4a242b52963c100741809563fe4eb705758518e02fe4c91
game/bin_server/win64/cs2.exe	2968216	binary-profiles	same-name-current-cs2-file-assembled	game/bin/win64/cs2.exe	2347771/5806169188224907599	131bff3208eb11077c697856d9cc142c94152f61ff98c95a10d17e30031ab17e
game/bin_server/win64/cs2_build_econ_items_workshop.exe	395928	binary-profiles	same-name-current-cs2-file-assembled	game/bin/win64/cs2_build_econ_items_workshop.exe	2347779/2145418671218218617	5df3a46212f71815af83c16a344bc60da51a63d669531350e994393f3dc3b7be
game/bin_server/win64/csgocfg.exe	1244312	binary-profiles	same-name-current-cs2-file-assembled	game/bin/win64/csgocfg.exe	2347779/2145418671218218617	e57a44cb82b24073d15534da6a2bb86f56cda4ada54b1b7e0e2aea08d71deea2
game/bin_server/win64/cs_mdl_import.exe	13105304	binary-profiles	same-name-current-cs2-file-assembled	game/bin/win64/cs_mdl_import.exe	2347779/2145418671218218617	5733728f156c11162c1a2a3eb2543efe515b073ca3bac1ed8cee19e40bbd2184
game/bin_server/win64/deadlock with Tools - server.bat	208	binary-profiles	no-current-path-match-in-checked-sources			6eb6c2500753878351d175dbb23635b8aa30514687ec15c7f4478ce3fca52257
game/bin_server/win64/deadlock with Tools -client.bat	197	binary-profiles	no-current-path-match-in-checked-sources			133a56f6eb30a0bb84299552f165c1391b886d46e2f0c8eb9f6e11df30edbdd8
game/bin_server/win64/deadlock.exe	1063576	binary-profiles	same-name-current-loose-file-listed	game/bin/win64/deadlock.exe	1422452/1334199870863440742	401af405735ea697d566d187c31ff42d55579f5cbbe41958380aca395633b0ac
game/bin_server/win64/Deadlock_With_Tools.exe	150016	binary-profiles	no-current-path-match-in-checked-sources			151ae3a06e9819af963717b480ef277e519aa00b7ae6b8968cd953dfed5520ec
game/bin_server/win64/deathlol.png	58068	binary-profiles	no-current-path-match-in-checked-sources			30fb3d6038a35a5128035760e6349d255dd0191ce60ac9b46ff22190af3c7f13
game/bin_server/win64/dmxconvert.exe	1168024	binary-profiles	same-name-current-cs2-file-assembled	game/bin/win64/dmxconvert.exe	2347779/2145418671218218617	f61d78194f74adbca76b603a733582548ebd8918729174d62674539fd5bb1f54
game/bin_server/win64/engine2.dll	6638232	binary-profiles	same-name-current-cs2-file-assembled	game/bin/win64/engine2.dll	1422452/1334199870863440742;2347771/5806169188224907599	08ee4753315e5f03d9605d3d8cc03b845ea047f7deedfa4cd34ccc6ea532d0fa
game/bin_server/win64/exportsystem.dll	3596440	binary-profiles	same-name-current-cs2-file-assembled	game/bin/win64/exportsystem.dll	2347779/2145418671218218617	bbdd774a46aa90ddedc0f274fc5de7f8db66e7d00e659ad532861c4141acc46b
game/bin_server/win64/filesystem_stdio.dll	2294936	binary-profiles	same-name-current-cs2-file-assembled	game/bin/win64/filesystem_stdio.dll	1422452/1334199870863440742;2347771/5806169188224907599	8c7cfc53f29ea572a81927e062f3383b69f8252fc6cf51b399186663922a9b89
game/bin_server/win64/gfsdk_aftermath_lib.x64.dll	5570136	binary-profiles	same-name-current-cs2-file-assembled	game/bin/win64/gfsdk_aftermath_lib.x64.dll	1422452/1334199870863440742;2347771/5806169188224907599	6327ccc3e588c784d95f66a7b6d2f024fff3341a78b7d818e87b27d15c0bd7b1
game/bin_server/win64/helpsystem.dll	707224	binary-profiles	same-name-current-cs2-file-assembled	game/bin/win64/helpsystem.dll	1422452/1334199870863440742;2347771/5806169188224907599	172cdf30202e4ee6f9e86a95239d891112e2dee2307274141d185863583a4190
game/bin_server/win64/imemanager.dll	242840	binary-profiles	same-name-current-cs2-file-assembled	game/bin/win64/imemanager.dll	1422452/1334199870863440742;2347771/5806169188224907599	70c5168ec650c195a1c91a4a30e7f689dd8d6cd6d78e5958e12d33ee3af446cc
game/bin_server/win64/inputsystem.dll	297112	binary-profiles	same-name-current-cs2-file-assembled	game/bin/win64/inputsystem.dll	1422452/1334199870863440742;2347771/5806169188224907599	fbdf1142fd4360b0ead2d2e71537011aa16cd8fdb475de3244664dca9e2ea85e
game/bin_server/win64/lame_enc.dll	983040	binary-profiles	no-current-path-match-in-checked-sources			90780666f78bee4315d6d2422ef78efcf50d29193e5d954660297df6aa37d61b
game/bin_server/win64/localize.dll	307864	binary-profiles	same-name-current-cs2-file-assembled	game/bin/win64/localize.dll	1422452/1334199870863440742;2347771/5806169188224907599	47cb7f275f854d00962b635261f011a435b696f88d406ea028780851723900c3
game/bin_server/win64/materialsystem2.dll	1343640	binary-profiles	same-name-current-cs2-file-assembled	game/bin/win64/materialsystem2.dll	1422452/1334199870863440742;2347771/5806169188224907599	e4034bab11e921ccc5a34fb44ca4687246adf821b7b9ceb83a4a689b1856ef59
game/bin_server/win64/meshsystem.dll	1414808	binary-profiles	same-name-current-cs2-file-assembled	game/bin/win64/meshsystem.dll	1422452/1334199870863440742;2347771/5806169188224907599	3c46924263c11798a5c57089833dffcbee5ee899cb2d31bec510a5ea2bd4d349
game/bin_server/win64/modeldoc_utils.dll	14400152	binary-profiles	same-name-current-cs2-file-assembled	game/bin/win64/modeldoc_utils.dll	2347779/2145418671218218617	c08b723bd8385f33f91c2f53ec759044e8eec0c574a00185873465e94e454c4e
game/bin_server/win64/navsystem.dll	1290904	binary-profiles	same-name-current-cs2-file-assembled	game/bin/win64/navsystem.dll	1422452/1334199870863440742;2347771/5806169188224907599	0344553601fc170004d29cbf19272499363fecfe2445388b948af2f6fb99e08f
game/bin_server/win64/networksystem.dll	2799256	binary-profiles	same-name-current-cs2-file-assembled	game/bin/win64/networksystem.dll	1422452/1334199870863440742;2347771/5806169188224907599	c75b6fed27dc35db01f76d3acac4a94d170c1ceef8e48146b4d7b164e33ec18c
game/bin_server/win64/nvngx_dlss.dll	48971808	binary-profiles	same-name-current-loose-file-listed	game/bin/win64/nvngx_dlss.dll	1422452/1334199870863440742	83de996b1589957d6bfb3df77e2f2ba7821f1014c73cfc5f8315241a0e4d3253
game/bin_server/win64/p4lib.dll	141976	binary-profiles	same-name-current-cs2-file-assembled	game/bin/win64/p4lib.dll	1422452/1334199870863440742;2347771/5806169188224907599	945dfb2a0c40b31a13d6dd7f9a44dc92dd39222e7655c13926a07791542ea49e
game/bin_server/win64/panorama.dll	5557400	binary-profiles	same-name-current-cs2-file-assembled	game/bin/win64/panorama.dll	1422452/1334199870863440742;2347771/5806169188224907599	aa348d5562d5630b89b6159bbc34a3b20f7fb6b3de837e02ae359ca6d592382c
game/bin_server/win64/panoramauiclient.dll	2872472	binary-profiles	same-name-current-cs2-file-assembled	game/bin/win64/panoramauiclient.dll	1422452/1334199870863440742;2347771/5806169188224907599	9d9ea2d85c4297fa4c5cf9f7b6ddf0519ad37e6966e2c5a852c3fbba6c3b1b8f
game/bin_server/win64/panorama_text_pango.dll	2981528	binary-profiles	same-name-current-cs2-file-assembled	game/bin/win64/panorama_text_pango.dll	1422452/1334199870863440742;2347771/5806169188224907599	5ef45cfa71486bc66651f689554d91365bb7f404614bca5e43f09573943a8633
game/bin_server/win64/particles.dll	6434456	binary-profiles	same-name-current-cs2-file-assembled	game/bin/win64/particles.dll	1422452/1334199870863440742;2347771/5806169188224907599	4f5573e8e94d6a5c4b0840b1eb9193372b6d8070c5c173d28d946dd1e08214d0
game/bin_server/win64/phonon.dll	52949144	binary-profiles	same-name-current-cs2-file-assembled	game/bin/win64/phonon.dll	1422452/1334199870863440742;2347771/5806169188224907599	10900c888104cf9a2184ea502815188e17c54ce39cf46195b838f4454ff8325e
game/bin_server/win64/physicsbuilder.dll	12844184	binary-profiles	same-name-current-cs2-file-assembled	game/bin/win64/physicsbuilder.dll	1422452/1334199870863440742;2347771/5806169188224907599	0eb676a8d4cea59470e90cc6712bf5585c31e6ef17240a2586e47b1380c55399
game/bin_server/win64/Project8CfgTool2.deps.json	440	binary-profiles	no-current-path-match-in-checked-sources			bb4098b8c8f3339f46b25b869107beaa1bd26dd0d62a7db21b9ec64f777aa41f
game/bin_server/win64/Project8CfgTool2.dll	45568	binary-profiles	no-current-path-match-in-checked-sources			5c2b9e6beac544e5769fda2d6f89204b2053ae80c555956570c6896fbc1b7480
game/bin_server/win64/Project8CfgTool2.runtimeconfig.json	515	binary-profiles	no-current-path-match-in-checked-sources			89ad1ea5c9c20b6b266547ef27c0ae3840cab5642d3c2aedf06b7026245671dd
game/bin_server/win64/propertyeditor.dll	1401496	binary-profiles	same-name-current-cs2-file-assembled	game/bin/win64/propertyeditor.dll	1422452/1334199870863440742;2347771/5806169188224907599	0cacfe78554ba4742ddee08964598590ab58f7dbb3fbc551941387f0e68f6413
game/bin_server/win64/pulse_system.dll	1927832	binary-profiles	same-name-current-cs2-file-assembled	game/bin/win64/pulse_system.dll	1422452/1334199870863440742;2347771/5806169188224907599	f93b8b64db5dfe4133be4d2bb2264f78e184ecfb2f1e3fb71bb57d12e9dfd7c0
game/bin_server/win64/rendersystemdx11.dll	4510360	binary-profiles	same-name-current-cs2-file-assembled	game/bin/win64/rendersystemdx11.dll	1422452/1334199870863440742;2347771/5806169188224907599	e49c02d91b53ee6cc7e94b05b6da7dc26f9cbe5a5b2d8db34f0b293357844fec
game/bin_server/win64/rendersystemempty.dll	1831576	binary-profiles	same-name-current-cs2-file-assembled	game/bin/win64/rendersystemempty.dll	1422452/1334199870863440742;2347771/5806169188224907599	f2995b1396f1119d1a6104df650d85d51a4de204b0e0e2dfd3c401e003399734
game/bin_server/win64/rendersystemvulkan.dll	6200472	binary-profiles	same-name-current-cs2-file-assembled	game/bin/win64/rendersystemvulkan.dll	1422452/1334199870863440742;2347771/5806169188224907599	0d5a419727eb76591455c24104c8bb975d1858aa7864c721faf190040d7dcb92
game/bin_server/win64/resourcecompiler.dll	47463064	binary-profiles	same-name-current-cs2-file-assembled	game/bin/win64/resourcecompiler.dll	1422452/1334199870863440742;2347771/5806169188224907599	dcac4c3ad3b618de2be84512419f95625e8da16d41779b8611dcd051d1dd57d6
game/bin_server/win64/resourcecompiler.exe	165016	binary-profiles	same-name-current-cs2-file-assembled	game/bin/win64/resourcecompiler.exe	2347779/2145418671218218617	a0d3b34ec619c4a122d82ce2a8ff1517d6320519a5564923a607ce341ebc4201
game/bin_server/win64/resourcecopy.exe	1376920	binary-profiles	same-name-current-cs2-file-assembled	game/bin/win64/resourcecopy.exe	2347779/2145418671218218617	b902f42bdbac1f9eeb710de358ed1ce282775d30284fa1c0779d9b02914e372f
game/bin_server/win64/resourceinfo.exe	3802264	binary-profiles	same-name-current-cs2-file-assembled	game/bin/win64/resourceinfo.exe	2347779/2145418671218218617	7cac37a46a1aaa85a8a6ebb6dfc2c71b179674fbe10e7673800fb1294e3a23cf
game/bin_server/win64/resourcesystem.dll	495768	binary-profiles	same-name-current-cs2-file-assembled	game/bin/win64/resourcesystem.dll	1422452/1334199870863440742;2347771/5806169188224907599	7ac921d4f5064b5898a42d9ad6695916338852fe4b1dd3045ed1206c80746e22
game/bin_server/win64/scenefilecache.dll	534168	binary-profiles	same-name-current-cs2-file-assembled	game/bin/win64/scenefilecache.dll	1422452/1334199870863440742;2347771/5806169188224907599	b7cb079a161348b23a49c1a5c32dbc039ccce56377346b0523c1cd7372c122c4
game/bin_server/win64/scenesystem.dll	6708888	binary-profiles	same-name-current-cs2-file-assembled	game/bin/win64/scenesystem.dll	1422452/1334199870863440742;2347771/5806169188224907599	b84aefb64f58fc0c25b44229a6b758db61d1045bc3b6bc016116c219afe1049d
game/bin_server/win64/schemasystem.dll	446616	binary-profiles	same-name-current-cs2-file-assembled	game/bin/win64/schemasystem.dll	1422452/1334199870863440742;2347771/5806169188224907599	8eee39f2d7da15bedb040c7be4601ff4ac44d2bee5741700dc161c23629f926b
game/bin_server/win64/SDL3.dll	2587800	binary-profiles	same-name-current-cs2-file-assembled	game/bin/win64/SDL3.dll	1422452/1334199870863440742;2347771/5806169188224907599	a7e17952106aa95de957eb99da3f1d9837d101847c45bf4596cd21c078525a3a
game/bin_server/win64/soundsystem.dll	4366488	binary-profiles	same-name-current-cs2-file-assembled	game/bin/win64/soundsystem.dll	1422452/1334199870863440742;2347771/5806169188224907599	bbc3c36bcba8358be65f453a2e293329984512cc58647f9d805d3df4160a93de
game/bin_server/win64/source1import.exe	17320088	binary-profiles	same-name-current-cs2-file-assembled	game/bin/win64/source1import.exe	2347779/2145418671218218617	8968449bbc924b7b88d401843503ab26d44fe83f9a8f6a8589e4d556616ead01
game/bin_server/win64/steamaudio.dll	2479256	binary-profiles	same-name-current-cs2-file-assembled	game/bin/win64/steamaudio.dll	1422452/1334199870863440742;2347771/5806169188224907599	7f1251b55080eba4c62fceb41be3aacb9a23481cbd1baf74011d15fe11f990f5
game/bin_server/win64/steamnetworkingsockets.dll	4288832	binary-profiles	same-name-current-cs2-file-assembled	game/bin/win64/steamnetworkingsockets.dll	1422452/1334199870863440742;2347771/5806169188224907599	c7fe6c57f7d79076a036342ce5c87678eec4842de7685fe4962711d006c01e61
game/bin_server/win64/steam_api64.dll	319584	binary-profiles	same-name-current-cs2-file-assembled	game/bin/win64/steam_api64.dll	1422452/1334199870863440742;2347771/5806169188224907599	272a8976bd5fb936034987d3cbfdbc1e50fdc95f11fa1edad3327f081fb451ca
game/bin_server/win64/steam_appid.txt	9	binary-profiles	no-current-path-match-in-checked-sources			8549d07dce12b8bcf6b6217243bbf118d61b364ed7343e03eb084bbdf944c49b
game/bin_server/win64/subtools/bugreporter_subtool.dll	445592	binary-profiles	same-name-current-loose-file-listed	game/bin/win64/subtools/bugreporter_subtool.dll	1422452/1334199870863440742	e9f915a1ac6651666b5e9516ddace111c8f94cd1e2cc843adc47dded63ca0ad5
game/bin_server/win64/subtools/convarhelper_subtool.dll	345752	binary-profiles	same-name-current-cs2-file-assembled	game/bin/win64/subtools/convarhelper_subtool.dll	2347771/5806169188224907599	77d4c963a6803fcc658b7d859255cc74b10ec047009d886497f53c4482c2d348
game/bin_server/win64/subtools/dashboard_subtool.dll	222872	binary-profiles	same-name-current-cs2-file-assembled	game/bin/win64/subtools/dashboard_subtool.dll	2347771/5806169188224907599	d5c928052a94c3f31ce7bf63768dc5fd4b549263c526143c7c0c2f3a726313c8
game/bin_server/win64/subtools/netgraph_subtool.dll	355480	binary-profiles	same-name-current-cs2-file-assembled	game/bin/win64/subtools/netgraph_subtool.dll	1422452/1334199870863440742;2347771/5806169188224907599	f558d04034993e63f52f4d8ff4da330ccc4e687794f339769a97dba6f9b6b086
game/bin_server/win64/subtools/soundviewer_subtool.dll	1390232	binary-profiles	same-name-current-cs2-file-assembled	game/bin/win64/subtools/soundviewer_subtool.dll	1422452/1334199870863440742;2347771/5806169188224907599	6bc959c2e39d1a585c614a6d2dad325bae359b0153862fbb706bc2ac14ca75af
game/bin_server/win64/subtools/vprof_subtool.dll	1340056	binary-profiles	same-name-current-cs2-file-assembled	game/bin/win64/subtools/vprof_subtool.dll	2347771/5806169188224907599	b17953c0f563c6bf0565d478afad9daa107f833e2b17dbd176d7f35c71e66442
game/bin_server/win64/tier0.dll	3908248	binary-profiles	same-name-current-cs2-file-assembled	game/bin/win64/tier0.dll	1422452/1334199870863440742;2347771/5806169188224907599	144310b13bdedacfec1d4f1d371e7bc2054cbe2f65b1376ab6bb6ead75202ca5
game/bin_server/win64/toolframework2.dll	12606616	binary-profiles	same-name-current-cs2-file-assembled	game/bin/win64/toolframework2.dll	1422452/1334199870863440742;2347771/5806169188224907599	ac466eaa55dfe696c831b468ebc142f03d03ee69d8b6abb1f7e1aec47b657162
game/bin_server/win64/tools/cs2_item_editor.dll	6665368	binary-profiles	same-name-current-cs2-file-assembled	game/bin/win64/tools/cs2_item_editor.dll	2347779/2145418671218218617	deaba85a57afd90a3a3915e3e786f8aba37d5ed95878d3f61ee79944a18a6f73
game/bin_server/win64/tools/cs2_workshop_manager.dll	2337944	binary-profiles	same-name-current-cs2-file-assembled	game/bin/win64/tools/cs2_workshop_manager.dll	2347779/2145418671218218617	3baa39b4dda1dda6c5927bf318cbe4aed1508824e389f818711a1310f08e252a
game/bin_server/win64/tools/hammer.dll	36688024	binary-profiles	same-name-current-cs2-file-assembled	game/bin/win64/tools/hammer.dll	2347779/2145418671218218617	117ef636bd28c70b91d4e8343d57f7695adf601ecdd8189be56cd939c08b5171
game/bin_server/win64/tools/met.dll	4403352	binary-profiles	same-name-current-cs2-file-assembled	game/bin/win64/tools/met.dll	2347779/2145418671218218617	2b682fa1a6d0fbf2128347509891f690df9a62d1191156df19c7ce22f5dc8675
game/bin_server/win64/tools/modeldoc_editor.dll	19792536	binary-profiles	same-name-current-cs2-file-assembled	game/bin/win64/tools/modeldoc_editor.dll	2347779/2145418671218218617	fdc687eab5c43be86a8ee6c999e0c3fb1a3341162a562a0cf74b5f4544bf847e
game/bin_server/win64/tools/multichunk_workshop_manager.dll	2337944	binary-profiles	no-current-path-match-in-checked-sources			30bff1bfa065fba50faa987b7c1b76ff946d050802ca27d7f17731591d13b7c6
game/bin_server/win64/tools/pet.dll	8497816	binary-profiles	same-name-current-cs2-file-assembled	game/bin/win64/tools/pet.dll	2347779/2145418671218218617	68c3f43f0ede58ae99f94bceb40c071602fc42e02427e3bff4f66da4326198d7
game/bin_server/win64/tools/postprocessingeditor.dll	6693016	binary-profiles	same-name-current-cs2-file-assembled	game/bin/win64/tools/postprocessingeditor.dll	2347779/2145418671218218617	377b968f603c352dcae6b8f1a781ca5734b06ef67158b6747eb86a8d311d5fb1
game/bin_server/win64/tools/sfm.dll	11177112	binary-profiles	same-name-current-cs2-file-assembled	game/bin/win64/tools/sfm.dll	2347779/2145418671218218617	a1c1b871d3916f1c00636dc935363baf2b5c33961336c1bcd05610d49e3fba80
game/bin_server/win64/tools/subrecteditor.dll	1536152	binary-profiles	same-name-current-cs2-file-assembled	game/bin/win64/tools/subrecteditor.dll	2347779/2145418671218218617	f0b97405ba0bf0dd21a34f01b0680773c3abd0efef488cbdd45fe019d67d6f06
game/bin_server/win64/toolscenenodes.dll	14596760	binary-profiles	same-name-current-cs2-file-assembled	game/bin/win64/toolscenenodes.dll	2347779/2145418671218218617	a50c58f4636a614ffd9d3a4f81bd7db924a62cb3f8d3249e90b080968f859fef
game/bin_server/win64/v8system.dll	220824	binary-profiles	same-name-current-cs2-file-assembled	game/bin/win64/v8system.dll	1422452/1334199870863440742;2347771/5806169188224907599	50cd36d4a3f7e9cc1a5874f2447a13d81f9d5ba5ee019b1ad725b44855b76835
game/bin_server/win64/valve_avi.dll	188568	binary-profiles	same-name-current-cs2-file-assembled	game/bin/win64/valve_avi.dll	1422452/1334199870863440742;2347771/5806169188224907599	c4af65e159b4cd3ed9ac10179d38c8564dae5ace382846644cf28690f57f9744
game/bin_server/win64/valve_webm.dll	11364504	binary-profiles	same-name-current-cs2-file-assembled	game/bin/win64/valve_webm.dll	1422452/1334199870863440742;2347771/5806169188224907599	a09f43440b715f2125cb43b84bbb792ab86028ee9ce8be008ef4a3cfed10f86a
game/bin_server/win64/valve_wmf.dll	172184	binary-profiles	same-name-current-cs2-file-assembled	game/bin/win64/valve_wmf.dll	1422452/1334199870863440742;2347771/5806169188224907599	5371cf0da1c9065f5cbe8abe5eb011cedd13e932773b82f0dd1c4a000c3289a0
game/bin_server/win64/vconcomm.dll	244888	binary-profiles	same-name-current-cs2-file-assembled	game/bin/win64/vconcomm.dll	1422452/1334199870863440742;2347771/5806169188224907599	042e5126343bdfab92ab62456bb003f87705420c0060ba16c7fc8b5d642f42ac
game/bin_server/win64/vconsole2.exe	3927192	binary-profiles	same-name-current-cs2-file-assembled	game/bin/win64/vconsole2.exe	1422452/1334199870863440742;2347771/5806169188224907599	9526ea18ac88a6874f0e7fb500a382bdd80ff686d7cd158332c27f25d1b26b9e
game/bin_server/win64/vfx_dx11.dll	1311896	binary-profiles	same-name-current-cs2-file-assembled	game/bin/win64/vfx_dx11.dll	1422452/1334199870863440742;2347771/5806169188224907599	a6cb7ecbc68da973ad92654b453189524678715ebb516957df481b0e4e73b5ab
game/bin_server/win64/visbuilder.dll	1791640	binary-profiles	same-name-current-cs2-file-assembled	game/bin/win64/visbuilder.dll	1422452/1334199870863440742;2347771/5806169188224907599	f6a28d2c04ffc7a90e3f75865e2f364de811e1386d7823d4bccd0071d5503f5f
game/bin_server/win64/vphysics2.dll	4253336	binary-profiles	same-name-current-cs2-file-assembled	game/bin/win64/vphysics2.dll	1422452/1334199870863440742;2347771/5806169188224907599	7a45a0921a08d496a05f20a2a6a6cc54fb65952dff6246c57921940c7a1e2d0d
game/bin_server/win64/vrad3.dll	2523800	binary-profiles	same-name-current-cs2-file-assembled	game/bin/win64/vrad3.dll	2347779/2145418671218218617	975a541586a3349a3346c628b42bc6771ef1cf6aa78be590dc050d737788ac39
game/bin_server/win64/vrad3.exe	165016	binary-profiles	same-name-current-cs2-file-assembled	game/bin/win64/vrad3.exe	2347779/2145418671218218617	a0d3b34ec619c4a122d82ce2a8ff1517d6320519a5564923a607ce341ebc4201
game/bin_server/win64/vscript.dll	1344152	binary-profiles	same-name-current-cs2-file-assembled	game/bin/win64/vscript.dll	1422452/1334199870863440742;2347771/5806169188224907599	256cece2058ac7b7e196f89635c3d534d3863cd833bc9de1176498afcd9ee026
game/bin_server/win64/worldrenderer.dll	1819800	binary-profiles	same-name-current-cs2-file-assembled	game/bin/win64/worldrenderer.dll	1422452/1334199870863440742;2347771/5806169188224907599	a351ded9d994b836c8887c665dfcf28a460236508a88bcdf34f5b2b70882b3dd
game/bin_tools/assettypes_common.txt	36143	binary-profiles	same-name-current-cs2-file-assembled	game/bin/assettypes_common.txt	2347779/2145418671218218617	13f09f51c629b52ef59418b0cb7dee3176a9b0df9676a55700a950fd2cb1598e
game/bin_tools/assettypes_internal.txt	36143	binary-profiles	no-current-path-match-in-checked-sources			13f09f51c629b52ef59418b0cb7dee3176a9b0df9676a55700a950fd2cb1598e
game/bin_tools/built_from_cl.txt	10	binary-profiles	same-name-current-loose-file-listed	game/bin/built_from_cl.txt	2347770/2053759441494650084	4d26800a5d50c1dc56946ce14177566e967746b64a030317e5588b8e0444637c
game/bin_tools/content_built_from_cl.txt	8	binary-profiles	no-current-path-match-in-checked-sources			9e5195eb27bae42b573eb1dc1c9077b31282acbab46b5335c49c101d2a2e93e9
game/bin_tools/enginetools.txt	6295	binary-profiles	no-current-path-match-in-checked-sources			566aeacc1ee2cb21cf96be1ffdaac2a62a150a1a28019b022c2c55dda435b7f6
game/bin_tools/sdkenginetools.txt	6295	binary-profiles	same-name-current-cs2-file-assembled	game/bin/sdkenginetools.txt	2347779/2145418671218218617	566aeacc1ee2cb21cf96be1ffdaac2a62a150a1a28019b022c2c55dda435b7f6
game/bin_tools/win64/animationsystem.dll	7947928	binary-profiles	same-name-current-cs2-file-assembled	game/bin/win64/animationsystem.dll	1422452/1334199870863440742;2347771/5806169188224907599	cebe1ae5b9a4dee236c287b57320e77fa06128efb260e3bbfb3e6fc77fdd2877
game/bin_tools/win64/assetbrowser.dll	2222744	binary-profiles	same-name-current-cs2-file-assembled	game/bin/win64/assetbrowser.dll	2347779/2145418671218218617	b8c66f6cf1e2282425ace2d1f21484d8c07ce17c235cf5fb192e052065665344
game/bin_tools/win64/assetpreview.dll	6132376	binary-profiles	same-name-current-cs2-file-assembled	game/bin/win64/assetpreview.dll	1422452/1334199870863440742;2347771/5806169188224907599	69bbb2a2c702a245041fb6aa8c9cb98bea6e0f5f196564a7b7368864f279f9e4
game/bin_tools/win64/assetrename.dll	29201560	binary-profiles	same-name-current-cs2-file-assembled	game/bin/win64/assetrename.dll	2347779/2145418671218218617	107739b0f2548ef7fcc9a319c5d547d94dc006baca2ec88deb6d265287d0b1a3
game/bin_tools/win64/assetsystem.dll	5524120	binary-profiles	same-name-current-cs2-file-assembled	game/bin/win64/assetsystem.dll	2347779/2145418671218218617	1e89378890006eb0ab58069f3d01e80b9c37b5adc984236ce579e7bc0c34b1e6
game/bin_tools/win64/bugreporter_filequeue.dll	163992	binary-profiles	same-name-current-cs2-file-assembled	game/bin/win64/bugreporter_filequeue.dll	1422452/1334199870863440742;2347771/5806169188224907599	edf41076bfbf3fe03e96451000b7097071069eba0e830d5cb9e4d8b8d2044704
game/bin_tools/win64/cairo.dll	1271960	binary-profiles	same-name-current-cs2-file-assembled	game/bin/win64/cairo.dll	1422452/1334199870863440742;2347771/5806169188224907599	34f8278f4c180f303fb343c08fcc64d5d27225f00a898a4c58ad3bd5e33787ae
game/bin_tools/win64/cs2.exe	2968216	binary-profiles	same-name-current-cs2-file-assembled	game/bin/win64/cs2.exe	2347771/5806169188224907599	131bff3208eb11077c697856d9cc142c94152f61ff98c95a10d17e30031ab17e
game/bin_tools/win64/cs2_build_econ_items_workshop.exe	395928	binary-profiles	same-name-current-cs2-file-assembled	game/bin/win64/cs2_build_econ_items_workshop.exe	2347779/2145418671218218617	5df3a46212f71815af83c16a344bc60da51a63d669531350e994393f3dc3b7be
game/bin_tools/win64/csgocfg - Shortcut.lnk	1440	binary-profiles	no-current-path-match-in-checked-sources			4190e2ed8744f77f62836facb105dc6a3d7a0c20ea50d940b57f54b340060fc9
game/bin_tools/win64/csgocfg.exe	1244312	binary-profiles	same-name-current-cs2-file-assembled	game/bin/win64/csgocfg.exe	2347779/2145418671218218617	e57a44cb82b24073d15534da6a2bb86f56cda4ada54b1b7e0e2aea08d71deea2
game/bin_tools/win64/cs_mdl_import.exe	13105304	binary-profiles	same-name-current-cs2-file-assembled	game/bin/win64/cs_mdl_import.exe	2347779/2145418671218218617	5733728f156c11162c1a2a3eb2543efe515b073ca3bac1ed8cee19e40bbd2184
game/bin_tools/win64/deadlock with Tools - server.bat	208	binary-profiles	no-current-path-match-in-checked-sources			6eb6c2500753878351d175dbb23635b8aa30514687ec15c7f4478ce3fca52257
game/bin_tools/win64/deadlock with Tools -client.bat	197	binary-profiles	no-current-path-match-in-checked-sources			133a56f6eb30a0bb84299552f165c1391b886d46e2f0c8eb9f6e11df30edbdd8
game/bin_tools/win64/deadlock with Tools.bat	152	binary-profiles	no-current-path-match-in-checked-sources			b7fd7d3c42461aa465c6957500037adf13b2c9bc7c2f31ebf28fb2f1e08e5404
game/bin_tools/win64/deadlock.exe	1063576	binary-profiles	same-name-current-loose-file-listed	game/bin/win64/deadlock.exe	1422452/1334199870863440742	401af405735ea697d566d187c31ff42d55579f5cbbe41958380aca395633b0ac
game/bin_tools/win64/Deadlock_with_tools.exe	150016	binary-profiles	no-current-path-match-in-checked-sources			151ae3a06e9819af963717b480ef277e519aa00b7ae6b8968cd953dfed5520ec
game/bin_tools/win64/dmxconvert.exe	1168024	binary-profiles	same-name-current-cs2-file-assembled	game/bin/win64/dmxconvert.exe	2347779/2145418671218218617	f61d78194f74adbca76b603a733582548ebd8918729174d62674539fd5bb1f54
game/bin_tools/win64/dmxconvert_bin.bat	296	binary-profiles	no-current-path-match-in-checked-sources			6c47c0c9493a8b05114cd3438ba5ed9d7a2ea887a280cc15aea686e1255c0845
game/bin_tools/win64/engine2.dll	6638232	binary-profiles	same-name-current-cs2-file-assembled	game/bin/win64/engine2.dll	1422452/1334199870863440742;2347771/5806169188224907599	08ee4753315e5f03d9605d3d8cc03b845ea047f7deedfa4cd34ccc6ea532d0fa
game/bin_tools/win64/exportsystem.dll	3596440	binary-profiles	same-name-current-cs2-file-assembled	game/bin/win64/exportsystem.dll	2347779/2145418671218218617	bbdd774a46aa90ddedc0f274fc5de7f8db66e7d00e659ad532861c4141acc46b
game/bin_tools/win64/filesystem_stdio.dll	2295960	binary-profiles	same-name-current-cs2-file-assembled	game/bin/win64/filesystem_stdio.dll	1422452/1334199870863440742;2347771/5806169188224907599	ef4f1ae832f40297594e9298d96b01738d2eee27387c592511d132043e6fc0c7
game/bin_tools/win64/gfsdk_aftermath_lib.x64.dll	5570136	binary-profiles	same-name-current-cs2-file-assembled	game/bin/win64/gfsdk_aftermath_lib.x64.dll	1422452/1334199870863440742;2347771/5806169188224907599	6327ccc3e588c784d95f66a7b6d2f024fff3341a78b7d818e87b27d15c0bd7b1
game/bin_tools/win64/glview.exe	212992	binary-profiles	no-current-path-match-in-checked-sources			eceab519dfcc1a1273c25c2f72993866ad17acd1cb7c09ecd296e0e0559dae1f
game/bin_tools/win64/helpsystem.dll	708248	binary-profiles	same-name-current-cs2-file-assembled	game/bin/win64/helpsystem.dll	1422452/1334199870863440742;2347771/5806169188224907599	130105749afa9775c00dda70a5e1b8ae883903e48eb82d18a247e4db239028ae
game/bin_tools/win64/imemanager.dll	243352	binary-profiles	same-name-current-cs2-file-assembled	game/bin/win64/imemanager.dll	1422452/1334199870863440742;2347771/5806169188224907599	d635833b6b08cc51ca35ae148cb2f9bb422b955348dc1a7dc95f17c688296adc
game/bin_tools/win64/inputsystem.dll	297624	binary-profiles	same-name-current-cs2-file-assembled	game/bin/win64/inputsystem.dll	1422452/1334199870863440742;2347771/5806169188224907599	62afa41c9d2bf9c048f5e5634506a1ad72504458d38f0f347aea9bcf78fb1435
game/bin_tools/win64/lame_enc.dll	983040	binary-profiles	no-current-path-match-in-checked-sources			90780666f78bee4315d6d2422ef78efcf50d29193e5d954660297df6aa37d61b
game/bin_tools/win64/localize.dll	307864	binary-profiles	same-name-current-cs2-file-assembled	game/bin/win64/localize.dll	1422452/1334199870863440742;2347771/5806169188224907599	b5c59efe7a9a507f28a4baa41b31e580b1068fa125443315ceac5c60244db376
game/bin_tools/win64/materialsystem2.dll	1343640	binary-profiles	same-name-current-cs2-file-assembled	game/bin/win64/materialsystem2.dll	1422452/1334199870863440742;2347771/5806169188224907599	e4034bab11e921ccc5a34fb44ca4687246adf821b7b9ceb83a4a689b1856ef59
game/bin_tools/win64/meshsystem.dll	1415320	binary-profiles	same-name-current-cs2-file-assembled	game/bin/win64/meshsystem.dll	1422452/1334199870863440742;2347771/5806169188224907599	e30e34316ef74c145ac2633620051e702a191ff3c84e9edd33295f0ad5e649cf
game/bin_tools/win64/modeldoc_utils.dll	14400152	binary-profiles	same-name-current-cs2-file-assembled	game/bin/win64/modeldoc_utils.dll	2347779/2145418671218218617	c08b723bd8385f33f91c2f53ec759044e8eec0c574a00185873465e94e454c4e
game/bin_tools/win64/navsystem.dll	1293464	binary-profiles	same-name-current-cs2-file-assembled	game/bin/win64/navsystem.dll	1422452/1334199870863440742;2347771/5806169188224907599	7c9db488ecd89cef55cf6fae6db5bfb1fb94632b4a6694748824713cd78ee44b
game/bin_tools/win64/networksystem.dll	2799768	binary-profiles	same-name-current-cs2-file-assembled	game/bin/win64/networksystem.dll	1422452/1334199870863440742;2347771/5806169188224907599	a434e6c14800b461942b16f7fcd02bed061d74ac377a7815a70f362e160d6e33
game/bin_tools/win64/nvngx_dlss.dll	48971808	binary-profiles	same-name-current-loose-file-listed	game/bin/win64/nvngx_dlss.dll	1422452/1334199870863440742	83de996b1589957d6bfb3df77e2f2ba7821f1014c73cfc5f8315241a0e4d3253
game/bin_tools/win64/p4lib.dll	142488	binary-profiles	same-name-current-cs2-file-assembled	game/bin/win64/p4lib.dll	1422452/1334199870863440742;2347771/5806169188224907599	5e342b0aaffbdd99dc13d5ddff8be9f51380ae87ea34ce8af164a5ee5b44878a
game/bin_tools/win64/panorama.dll	5557400	binary-profiles	same-name-current-cs2-file-assembled	game/bin/win64/panorama.dll	1422452/1334199870863440742;2347771/5806169188224907599	aa348d5562d5630b89b6159bbc34a3b20f7fb6b3de837e02ae359ca6d592382c
game/bin_tools/win64/panoramauiclient.dll	2872472	binary-profiles	same-name-current-cs2-file-assembled	game/bin/win64/panoramauiclient.dll	1422452/1334199870863440742;2347771/5806169188224907599	9d9ea2d85c4297fa4c5cf9f7b6ddf0519ad37e6966e2c5a852c3fbba6c3b1b8f
game/bin_tools/win64/panorama_text_pango.dll	2981528	binary-profiles	same-name-current-cs2-file-assembled	game/bin/win64/panorama_text_pango.dll	1422452/1334199870863440742;2347771/5806169188224907599	5ef45cfa71486bc66651f689554d91365bb7f404614bca5e43f09573943a8633
game/bin_tools/win64/particles.dll	6433944	binary-profiles	same-name-current-cs2-file-assembled	game/bin/win64/particles.dll	1422452/1334199870863440742;2347771/5806169188224907599	cc6bba4be97f277f87a78baf9a967f66ed753c6b9d9e09b517e4b880844c171f
game/bin_tools/win64/phonon.dll	52949144	binary-profiles	same-name-current-cs2-file-assembled	game/bin/win64/phonon.dll	1422452/1334199870863440742;2347771/5806169188224907599	2766aa33a3e9a650406d816ece739b45508e428bfe93c48232ae4bd30dc7ae21
game/bin_tools/win64/physicsbuilder.dll	12850328	binary-profiles	same-name-current-cs2-file-assembled	game/bin/win64/physicsbuilder.dll	1422452/1334199870863440742;2347771/5806169188224907599	6acb6af98a8205dbcf80a295e7326d1fcf609ec5e9b930ae7c47cd9434872ff7
game/bin_tools/win64/Project8CfgTool2.deps.json	440	binary-profiles	no-current-path-match-in-checked-sources			bb4098b8c8f3339f46b25b869107beaa1bd26dd0d62a7db21b9ec64f777aa41f
game/bin_tools/win64/Project8CfgTool2.dll	45568	binary-profiles	no-current-path-match-in-checked-sources			5c2b9e6beac544e5769fda2d6f89204b2053ae80c555956570c6896fbc1b7480
game/bin_tools/win64/Project8CfgTool2.pdb	23556	binary-profiles	no-current-path-match-in-checked-sources			b697eff414fe2f6f03730da3571d243be55ab9b2e8ba72b30fbe564b4175a30f
game/bin_tools/win64/Project8CfgTool2.runtimeconfig.json	515	binary-profiles	no-current-path-match-in-checked-sources			89ad1ea5c9c20b6b266547ef27c0ae3840cab5642d3c2aedf06b7026245671dd
game/bin_tools/win64/propertyeditor.dll	1403544	binary-profiles	same-name-current-cs2-file-assembled	game/bin/win64/propertyeditor.dll	1422452/1334199870863440742;2347771/5806169188224907599	2e245296c0be8865cfee0d11b7551eb1b098071938635857762b5b6515f9a8b0
game/bin_tools/win64/pulse_system.dll	1818264	binary-profiles	same-name-current-cs2-file-assembled	game/bin/win64/pulse_system.dll	1422452/1334199870863440742;2347771/5806169188224907599	cb68f90ba59328cd0868f3d613d49c3ca49e260e1dc995e9e8a35824fb1c8cc3
game/bin_tools/win64/rendersystemdx11.dll	4510360	binary-profiles	same-name-current-cs2-file-assembled	game/bin/win64/rendersystemdx11.dll	1422452/1334199870863440742;2347771/5806169188224907599	e49c02d91b53ee6cc7e94b05b6da7dc26f9cbe5a5b2d8db34f0b293357844fec
game/bin_tools/win64/rendersystemempty.dll	1831576	binary-profiles	same-name-current-cs2-file-assembled	game/bin/win64/rendersystemempty.dll	1422452/1334199870863440742;2347771/5806169188224907599	f2995b1396f1119d1a6104df650d85d51a4de204b0e0e2dfd3c401e003399734
game/bin_tools/win64/rendersystemvulkan.dll	6200472	binary-profiles	same-name-current-cs2-file-assembled	game/bin/win64/rendersystemvulkan.dll	1422452/1334199870863440742;2347771/5806169188224907599	0d5a419727eb76591455c24104c8bb975d1858aa7864c721faf190040d7dcb92
game/bin_tools/win64/resourcecompiler.dll	47463064	binary-profiles	same-name-current-cs2-file-assembled	game/bin/win64/resourcecompiler.dll	1422452/1334199870863440742;2347771/5806169188224907599	dcac4c3ad3b618de2be84512419f95625e8da16d41779b8611dcd051d1dd57d6
game/bin_tools/win64/resourcecompiler.exe	165016	binary-profiles	same-name-current-cs2-file-assembled	game/bin/win64/resourcecompiler.exe	2347779/2145418671218218617	a0d3b34ec619c4a122d82ce2a8ff1517d6320519a5564923a607ce341ebc4201
game/bin_tools/win64/resourcecopy.exe	1376920	binary-profiles	same-name-current-cs2-file-assembled	game/bin/win64/resourcecopy.exe	2347779/2145418671218218617	b902f42bdbac1f9eeb710de358ed1ce282775d30284fa1c0779d9b02914e372f
game/bin_tools/win64/resourceinfo.exe	3802264	binary-profiles	same-name-current-cs2-file-assembled	game/bin/win64/resourceinfo.exe	2347779/2145418671218218617	7cac37a46a1aaa85a8a6ebb6dfc2c71b179674fbe10e7673800fb1294e3a23cf
game/bin_tools/win64/resourcesystem.dll	497816	binary-profiles	same-name-current-cs2-file-assembled	game/bin/win64/resourcesystem.dll	1422452/1334199870863440742;2347771/5806169188224907599	fb5d73adaea6af871d45249eae98044274cd87335260cb49edd181f5f7cad7a8
game/bin_tools/win64/scenefilecache.dll	534680	binary-profiles	same-name-current-cs2-file-assembled	game/bin/win64/scenefilecache.dll	1422452/1334199870863440742;2347771/5806169188224907599	990a877c38695b0f0b12e3fb3c69a09c4f47c1c48a530ae1a7075263c50d9edb
game/bin_tools/win64/scenesystem.dll	6708888	binary-profiles	same-name-current-cs2-file-assembled	game/bin/win64/scenesystem.dll	1422452/1334199870863440742;2347771/5806169188224907599	b84aefb64f58fc0c25b44229a6b758db61d1045bc3b6bc016116c219afe1049d
game/bin_tools/win64/schemasystem.dll	447640	binary-profiles	same-name-current-cs2-file-assembled	game/bin/win64/schemasystem.dll	1422452/1334199870863440742;2347771/5806169188224907599	036cf3b775287fe49dc1fa109a514149494f5674eb62153c7879353f9a2ca681
game/bin_tools/win64/SDL3.dll	2587800	binary-profiles	same-name-current-cs2-file-assembled	game/bin/win64/SDL3.dll	1422452/1334199870863440742;2347771/5806169188224907599	a7e17952106aa95de957eb99da3f1d9837d101847c45bf4596cd21c078525a3a
game/bin_tools/win64/soundsystem.dll	4312216	binary-profiles	same-name-current-cs2-file-assembled	game/bin/win64/soundsystem.dll	1422452/1334199870863440742;2347771/5806169188224907599	16c3a8adc21ffa6340267a519af56fbf0e0e0021afbc1c908916d2c5f99985fd
game/bin_tools/win64/source1import.exe	17320088	binary-profiles	same-name-current-cs2-file-assembled	game/bin/win64/source1import.exe	2347779/2145418671218218617	8968449bbc924b7b88d401843503ab26d44fe83f9a8f6a8589e4d556616ead01
game/bin_tools/win64/steamaudio.dll	2481816	binary-profiles	same-name-current-cs2-file-assembled	game/bin/win64/steamaudio.dll	1422452/1334199870863440742;2347771/5806169188224907599	3d7afea6d39654003218fb24af402fa5164a30f6bbf001e6ae7908463317b4c5
game/bin_tools/win64/steamnetworkingsockets.dll	4288832	binary-profiles	same-name-current-cs2-file-assembled	game/bin/win64/steamnetworkingsockets.dll	1422452/1334199870863440742;2347771/5806169188224907599	c7fe6c57f7d79076a036342ce5c87678eec4842de7685fe4962711d006c01e61
game/bin_tools/win64/steam_api64.dll	319584	binary-profiles	same-name-current-cs2-file-assembled	game/bin/win64/steam_api64.dll	1422452/1334199870863440742;2347771/5806169188224907599	272a8976bd5fb936034987d3cbfdbc1e50fdc95f11fa1edad3327f081fb451ca
game/bin_tools/win64/steam_appid.txt	9	binary-profiles	no-current-path-match-in-checked-sources			8549d07dce12b8bcf6b6217243bbf118d61b364ed7343e03eb084bbdf944c49b
game/bin_tools/win64/subtools/bugreporter_subtool.dll	445592	binary-profiles	same-name-current-loose-file-listed	game/bin/win64/subtools/bugreporter_subtool.dll	1422452/1334199870863440742	e9f915a1ac6651666b5e9516ddace111c8f94cd1e2cc843adc47dded63ca0ad5
game/bin_tools/win64/subtools/convarhelper_subtool.dll	345752	binary-profiles	same-name-current-cs2-file-assembled	game/bin/win64/subtools/convarhelper_subtool.dll	2347771/5806169188224907599	77d4c963a6803fcc658b7d859255cc74b10ec047009d886497f53c4482c2d348
game/bin_tools/win64/subtools/dashboard_subtool.dll	222872	binary-profiles	same-name-current-cs2-file-assembled	game/bin/win64/subtools/dashboard_subtool.dll	2347771/5806169188224907599	d5c928052a94c3f31ce7bf63768dc5fd4b549263c526143c7c0c2f3a726313c8
game/bin_tools/win64/subtools/netgraph_subtool.dll	355992	binary-profiles	same-name-current-cs2-file-assembled	game/bin/win64/subtools/netgraph_subtool.dll	1422452/1334199870863440742;2347771/5806169188224907599	51c5b8b8a1b00847bafe229ad947aced8547ac497dda253f2559271b408cc796
game/bin_tools/win64/subtools/soundviewer_subtool.dll	1393816	binary-profiles	same-name-current-cs2-file-assembled	game/bin/win64/subtools/soundviewer_subtool.dll	1422452/1334199870863440742;2347771/5806169188224907599	bbb787b378525bbeef09c1372327aa85959708c4e7186e3610c5ff43c49fb238
game/bin_tools/win64/subtools/vprof_subtool.dll	1340056	binary-profiles	same-name-current-cs2-file-assembled	game/bin/win64/subtools/vprof_subtool.dll	2347771/5806169188224907599	b17953c0f563c6bf0565d478afad9daa107f833e2b17dbd176d7f35c71e66442
game/bin_tools/win64/tier0.dll	3908248	binary-profiles	same-name-current-cs2-file-assembled	game/bin/win64/tier0.dll	1422452/1334199870863440742;2347771/5806169188224907599	144310b13bdedacfec1d4f1d371e7bc2054cbe2f65b1376ab6bb6ead75202ca5
game/bin_tools/win64/toolframework2.dll	12573848	binary-profiles	same-name-current-cs2-file-assembled	game/bin/win64/toolframework2.dll	1422452/1334199870863440742;2347771/5806169188224907599	32a4fcb8400c48a691eb39c294856111c6a0ceed426c47984888dc384bd2f6a9
game/bin_tools/win64/tools/cs2_item_editor.dll	6665368	binary-profiles	same-name-current-cs2-file-assembled	game/bin/win64/tools/cs2_item_editor.dll	2347779/2145418671218218617	deaba85a57afd90a3a3915e3e786f8aba37d5ed95878d3f61ee79944a18a6f73
game/bin_tools/win64/tools/cs2_workshop_manager.dll	2337944	binary-profiles	same-name-current-cs2-file-assembled	game/bin/win64/tools/cs2_workshop_manager.dll	2347779/2145418671218218617	3baa39b4dda1dda6c5927bf318cbe4aed1508824e389f818711a1310f08e252a
game/bin_tools/win64/tools/hammer.dll	36688024	binary-profiles	same-name-current-cs2-file-assembled	game/bin/win64/tools/hammer.dll	2347779/2145418671218218617	117ef636bd28c70b91d4e8343d57f7695adf601ecdd8189be56cd939c08b5171
game/bin_tools/win64/tools/met.dll	4403352	binary-profiles	same-name-current-cs2-file-assembled	game/bin/win64/tools/met.dll	2347779/2145418671218218617	2b682fa1a6d0fbf2128347509891f690df9a62d1191156df19c7ce22f5dc8675
game/bin_tools/win64/tools/modeldoc_editor.dll	19792536	binary-profiles	same-name-current-cs2-file-assembled	game/bin/win64/tools/modeldoc_editor.dll	2347779/2145418671218218617	fdc687eab5c43be86a8ee6c999e0c3fb1a3341162a562a0cf74b5f4544bf847e
game/bin_tools/win64/tools/multichunk_workshop_manager.dll	2337944	binary-profiles	no-current-path-match-in-checked-sources			30bff1bfa065fba50faa987b7c1b76ff946d050802ca27d7f17731591d13b7c6
game/bin_tools/win64/tools/pet.dll	8497816	binary-profiles	same-name-current-cs2-file-assembled	game/bin/win64/tools/pet.dll	2347779/2145418671218218617	68c3f43f0ede58ae99f94bceb40c071602fc42e02427e3bff4f66da4326198d7
game/bin_tools/win64/tools/postprocessingeditor.dll	6693016	binary-profiles	same-name-current-cs2-file-assembled	game/bin/win64/tools/postprocessingeditor.dll	2347779/2145418671218218617	377b968f603c352dcae6b8f1a781ca5734b06ef67158b6747eb86a8d311d5fb1
game/bin_tools/win64/tools/sfm.dll	11177112	binary-profiles	same-name-current-cs2-file-assembled	game/bin/win64/tools/sfm.dll	2347779/2145418671218218617	a1c1b871d3916f1c00636dc935363baf2b5c33961336c1bcd05610d49e3fba80
game/bin_tools/win64/tools/subrecteditor.dll	1536152	binary-profiles	same-name-current-cs2-file-assembled	game/bin/win64/tools/subrecteditor.dll	2347779/2145418671218218617	f0b97405ba0bf0dd21a34f01b0680773c3abd0efef488cbdd45fe019d67d6f06
game/bin_tools/win64/toolscenenodes.dll	14596760	binary-profiles	same-name-current-cs2-file-assembled	game/bin/win64/toolscenenodes.dll	2347779/2145418671218218617	a50c58f4636a614ffd9d3a4f81bd7db924a62cb3f8d3249e90b080968f859fef
game/bin_tools/win64/v8system.dll	221336	binary-profiles	same-name-current-cs2-file-assembled	game/bin/win64/v8system.dll	1422452/1334199870863440742;2347771/5806169188224907599	432c05c5efcf50a700a255c139d35d9538e2e04edb2e4a44a3f6e47d65a1435d
game/bin_tools/win64/valve_avi.dll	188568	binary-profiles	same-name-current-cs2-file-assembled	game/bin/win64/valve_avi.dll	1422452/1334199870863440742;2347771/5806169188224907599	b5738ab7db07b3a217fd8272204b174751a4c0d9234b5e95c7b3428cf6e5c815
game/bin_tools/win64/valve_webm.dll	11364504	binary-profiles	same-name-current-cs2-file-assembled	game/bin/win64/valve_webm.dll	1422452/1334199870863440742;2347771/5806169188224907599	93ec73f5be3700e56877baf7264c60765fa1eb6a6c936c0eae32bbe59949a35a
game/bin_tools/win64/valve_wmf.dll	172184	binary-profiles	same-name-current-cs2-file-assembled	game/bin/win64/valve_wmf.dll	1422452/1334199870863440742;2347771/5806169188224907599	c9fb6dd45619e963c56564512ed0e2c24e4e11d8924d979419ff8ee40741a524
game/bin_tools/win64/vconcomm.dll	245400	binary-profiles	same-name-current-cs2-file-assembled	game/bin/win64/vconcomm.dll	1422452/1334199870863440742;2347771/5806169188224907599	d57c61e592f955a88c5fc0497d9a35ab63110b03bb96e695cd3d139912d33323
game/bin_tools/win64/vconsole2.exe	3907736	binary-profiles	same-name-current-cs2-file-assembled	game/bin/win64/vconsole2.exe	1422452/1334199870863440742;2347771/5806169188224907599	8153fe22434cbcb95014c4c6762d9e32b8f643c6db9a8c8c8d14b9059c5d0325
game/bin_tools/win64/vfx_dx11.dll	1311384	binary-profiles	same-name-current-cs2-file-assembled	game/bin/win64/vfx_dx11.dll	1422452/1334199870863440742;2347771/5806169188224907599	2369a5149028c8f4f8c60c2b90394a72f153a5528256335c0b6d01b1a07a8537
game/bin_tools/win64/visbuilder.dll	1797784	binary-profiles	same-name-current-cs2-file-assembled	game/bin/win64/visbuilder.dll	1422452/1334199870863440742;2347771/5806169188224907599	6837abd68f681716c09c97d4ce6ceefa58a4f4a994d9fec94c4f3bd7e4453525
game/bin_tools/win64/vphysics2.dll	4263576	binary-profiles	same-name-current-cs2-file-assembled	game/bin/win64/vphysics2.dll	1422452/1334199870863440742;2347771/5806169188224907599	0ddf67280e17ba66fc1862682b85f26dc26a20cc7c7448f0f06a8af06069157f
game/bin_tools/win64/vrad3.dll	2523800	binary-profiles	same-name-current-cs2-file-assembled	game/bin/win64/vrad3.dll	2347779/2145418671218218617	975a541586a3349a3346c628b42bc6771ef1cf6aa78be590dc050d737788ac39
game/bin_tools/win64/vrad3.exe	165016	binary-profiles	same-name-current-cs2-file-assembled	game/bin/win64/vrad3.exe	2347779/2145418671218218617	a0d3b34ec619c4a122d82ce2a8ff1517d6320519a5564923a607ce341ebc4201
game/bin_tools/win64/vscript.dll	1344152	binary-profiles	same-name-current-cs2-file-assembled	game/bin/win64/vscript.dll	1422452/1334199870863440742;2347771/5806169188224907599	b869015c69ccb60110993c16c04be41bcc5534e200d8e9f363978989812cffe6
game/bin_tools/win64/worldrenderer.dll	1775256	binary-profiles	same-name-current-cs2-file-assembled	game/bin/win64/worldrenderer.dll	1422452/1334199870863440742;2347771/5806169188224907599	fe1fe8cbd87ba5c646efe4c2589c4c67919f30ee1b11e73f1c0595a4a83f943c
game/citadel/addons/luaunlocker/bin/win64/server.dll	293376	citadel-runtime-and-assets	no-current-path-match-in-checked-sources			8516cdbf82602f314bd08f248f8116c974e02965ae7a0c0dc3abd98dd245505f
game/citadel/addons/luaunlocker/bin/win64/server.exp	716	citadel-runtime-and-assets	no-current-path-match-in-checked-sources			01fda6b04276c152b30d3535d116378e069cc8138c5d7f91ad7d206093eeb913
game/citadel/addons/luaunlocker/bin/win64/server.lib	1726	citadel-runtime-and-assets	no-current-path-match-in-checked-sources			ff119e9a2aadff99289ec53d3ba780238e0f5210ac59f5659d260f10fb33f5c9
game/citadel/addons/luaunlocker/bin/win64/server.pdb	6819840	citadel-runtime-and-assets	no-current-path-match-in-checked-sources			6b1548ed8f02048ad72fbb473718887a007354fa2a61dd0e9987596501576d9f
game/citadel/addons/luaunlocker/panorama_debugger.cfg	74	citadel-runtime-and-assets	no-current-path-match-in-checked-sources			191ecbeceb6334a713c4fd64c65817f8a0363e3f4f42cf008f9114702f171b0d
game/citadel/addons/luaunlocker/scripts/vscripts/test.lua	6463	citadel-runtime-and-assets	no-current-path-match-in-checked-sources			2c38e46c8235272ca35976bbb0d2fec345c3116dcc3dfdaf2f6cadb4dea50ea8
game/citadel/asset_tag_assignments.txt	62084	citadel-runtime-and-assets	no-current-path-match-in-checked-sources			60184e03a8026364ad46c178e9eaf51d4a2e4b580754449ee3934c77ef67650d
game/citadel/bin/win64/client.dll	42851992	citadel-runtime-and-assets	same-name-current-loose-file-listed	game/citadel/bin/win64/client.dll	1422452/1334199870863440742	631dcab00e54e10ccd081225bff08a40d95d89539d93b21b9ddc29f7afd08d15
game/citadel/bin/win64/host.dll	1359000	citadel-runtime-and-assets	same-name-current-loose-file-listed	game/citadel/bin/win64/host.dll	1422452/1334199870863440742	fc7a9810a12a4ea8d76343a5ce60c4ddbcb2726a1b1163aca9861d202768b3d7
game/citadel/bin/win64/modtools.dll	1218712	citadel-runtime-and-assets	no-current-path-match-in-checked-sources			6f5083c52607d3de38d6f4390560f11e50c9c46da4d2622402ed0132348521fb
game/citadel/bin/win64/server.dll	44893848	citadel-runtime-and-assets	same-name-current-loose-file-listed	game/citadel/bin/win64/server.dll	1422452/1334199870863440742	635c76f508518f5c42c4834388e458e458d783e0072801ff1971b0bf10e90f9b
game/citadel/cfg/autoexec.cfg	13	citadel-runtime-and-assets	no-current-path-match-in-checked-sources			ad39b967148606bb465c3dbf76020417933f27aac65ce5f5337e699cba17a268
game/citadel/cfg/boot.vcfg	36	citadel-runtime-and-assets	no-current-path-match-in-checked-sources			d167e49196f57924a7f28337967c93cab03f3d6f906555ea770cd865a7a01697
game/citadel/cfg/citadelkeys_personal.lst	3993	citadel-runtime-and-assets	no-current-path-match-in-checked-sources			5741325b88b40133834a1af25c9d12a03c5127d6c0f6a6acdb7de2581efba4b3
game/citadel/cfg/citadel_botmatch_2v2_test.cfg	148	citadel-runtime-and-assets	same-name-current-loose-file-listed	game/citadel/cfg/citadel_botmatch_2v2_test.cfg	1422456/9192361732058507254	42a402c438701f312809aedeb148ee7985006d3438ec464c7977e8288c7ba9c9
game/citadel/cfg/citadel_botmatch_6v6_spectator.cfg	202	citadel-runtime-and-assets	same-name-current-loose-file-listed	game/citadel/cfg/citadel_botmatch_6v6_spectator.cfg	1422456/9192361732058507254	54a2a06f17d9acb72290b0da5c3f6ac5bb258b59d43fbc521149519c22d5e3b6
game/citadel/cfg/citadel_botmatch_build_test.cfg	251	citadel-runtime-and-assets	same-name-current-loose-file-listed	game/citadel/cfg/citadel_botmatch_build_test.cfg	1422456/9192361732058507254	1eec4c4c8f95d9efd9fa2571a48a5e26a269c85b47cfc0bb87221bcc93e8b069
game/citadel/cfg/citadel_botmatch_practice_1v1.cfg	117	citadel-runtime-and-assets	same-name-current-loose-file-listed	game/citadel/cfg/citadel_botmatch_practice_1v1.cfg	1422456/9192361732058507254	d938bec8553c134aa4e7cebea229db280cf33754a09ac44112e6b6e816096a5c
game/citadel/cfg/citadel_botmatch_practice_6v6.cfg	225	citadel-runtime-and-assets	same-name-current-loose-file-listed	game/citadel/cfg/citadel_botmatch_practice_6v6.cfg	1422456/9192361732058507254	25258d5fb224287c08bbbcb74be59a6f9ca594b7e346caac204a621191e740a4
game/citadel/cfg/citadel_botmatch_test.cfg	618	citadel-runtime-and-assets	same-name-current-loose-file-listed	game/citadel/cfg/citadel_botmatch_test.cfg	1422456/9192361732058507254	dfcbe6b4e8d610d105c09cc4d87ea66e2c637152b1de493ee70cd861b2b5fd3e
game/citadel/cfg/citadel_dev_intro_test.cfg	380	citadel-runtime-and-assets	same-name-current-loose-file-listed	game/citadel/cfg/citadel_dev_intro_test.cfg	1422456/9192361732058507254	b506706d2335b7dd8f92cc50dab0a95a0b4f7c67a9a066226c45a1b88e32d980
game/citadel/cfg/citadel_keys.lst	19264	citadel-runtime-and-assets	same-name-current-deadlock-vpk-member-listed	game/citadel/pak01_dir.vpk!cfg/citadel_keys.lst	1422456/9192361732058507254	191ac548ad283b90219c96d4860550e20bf8d0a67a55ca2c3cf0d73f44996329
game/citadel/cfg/citadel_lane_challenge.cfg	1194	citadel-runtime-and-assets	no-current-path-match-in-checked-sources			26d065911f15c5b91f5dac47b5db26d1df59b9897152e426fd5ee2c2130e2c92
game/citadel/cfg/citadel_lane_challenge_end.cfg	113	citadel-runtime-and-assets	no-current-path-match-in-checked-sources			be652560f927b0f397ca622b03b7a87f6a99a4eab5f774a184e3bc0096c68e91
game/citadel/cfg/machine_convars.vcfg	9245	citadel-runtime-and-assets	no-current-path-match-in-checked-sources			45a96674a580e8d9b874643cd518e848a2d69e348b86eb96577545923b2b511c
game/citadel/cfg/machine_convars_default.vcfg	192	citadel-runtime-and-assets	same-name-current-loose-file-listed	game/citadel/cfg/machine_convars_default.vcfg	1422456/9192361732058507254	c8ce5a4aad041499b5c3aa4f167205b61f5e276f731108fd67392b6d0cae5d4e
game/citadel/cfg/ps5_controller_mapping.vdf	63479	citadel-runtime-and-assets	same-name-current-loose-file-listed	game/citadel/cfg/ps5_controller_mapping.vdf	1422456/9192361732058507254	773e2c25a1d5a7998a23f7a03a85e5d6cf1ee99e18a5d465997663e4ec976665
game/citadel/cfg/ps5_controller_mapping_gyro.vdf	63464	citadel-runtime-and-assets	same-name-current-loose-file-listed	game/citadel/cfg/ps5_controller_mapping_gyro.vdf	1422456/9192361732058507254	28962036aef85abbed675fdd0b933ff3f0a4cf322606c0165556e28c952648e8
game/citadel/cfg/ps5_controller_mapping_gyro_flickstick.vdf	64080	citadel-runtime-and-assets	same-name-current-loose-file-listed	game/citadel/cfg/ps5_controller_mapping_gyro_flickstick.vdf	1422456/9192361732058507254	6d49bd3e04b53c3be5dad48e3b418f771ad6a369d916cad813907d7e3ce99956
game/citadel/cfg/steamdeck_mapping.vdf	63552	citadel-runtime-and-assets	same-name-current-loose-file-listed	game/citadel/cfg/steamdeck_mapping.vdf	1422456/9192361732058507254	20a06adc95def5d08ac6af5c06f06162efa7b322c83943dcf1177bb1fd2f9824
game/citadel/cfg/steamdeck_mapping_gyro.vdf	63535	citadel-runtime-and-assets	same-name-current-loose-file-listed	game/citadel/cfg/steamdeck_mapping_gyro.vdf	1422456/9192361732058507254	68108d3dbe1c32edd6139b8d58dd98fd43c9eb711c14dacb7417498e832e7f5b
game/citadel/cfg/steamdeck_mapping_gyro_flickstick.vdf	64154	citadel-runtime-and-assets	same-name-current-loose-file-listed	game/citadel/cfg/steamdeck_mapping_gyro_flickstick.vdf	1422456/9192361732058507254	3b9a2d54cd182fca2497e332d529d2b863f1d5b25810af531852ea72c43b18e9
game/citadel/cfg/steam_input_manifest.vdf	12848	citadel-runtime-and-assets	same-name-current-loose-file-listed	game/citadel/cfg/steam_input_manifest.vdf	1422456/9192361732058507254	489d6e5530a40bee6c1fbe08dfa628c50953c8ecbd04589852439d0b33a8d991
game/citadel/cfg/switch_pro_mapping.vdf	62877	citadel-runtime-and-assets	same-name-current-loose-file-listed	game/citadel/cfg/switch_pro_mapping.vdf	1422456/9192361732058507254	4ff4b0aa158bb1ee545488d7c5c4c1926cb08164f64772881f6ba7643dd400f3
game/citadel/cfg/switch_pro_mapping_gyro.vdf	62862	citadel-runtime-and-assets	same-name-current-loose-file-listed	game/citadel/cfg/switch_pro_mapping_gyro.vdf	1422456/9192361732058507254	55dcd61c9932368cad022423250d46f3235c3029c867aec33b7807aee17cb539
game/citadel/cfg/switch_pro_mapping_gyro_flickstick.vdf	63478	citadel-runtime-and-assets	same-name-current-loose-file-listed	game/citadel/cfg/switch_pro_mapping_gyro_flickstick.vdf	1422456/9192361732058507254	c541f03964e595c54840c11475e9ff5e028750fd45e9922e59478782765a2cda
game/citadel/cfg/user_convars_0_slot0.vcfg	1425	citadel-runtime-and-assets	no-current-path-match-in-checked-sources			099360493fe083ca8d6d1a848597ebdb3fa4eaf1a331ee551042bb5b9c1c00a3
game/citadel/cfg/user_convars_0_slot0.vcfg_lastclouded	1425	citadel-runtime-and-assets	no-current-path-match-in-checked-sources			099360493fe083ca8d6d1a848597ebdb3fa4eaf1a331ee551042bb5b9c1c00a3
game/citadel/cfg/user_keys_0_slot0.vcfg	97	citadel-runtime-and-assets	no-current-path-match-in-checked-sources			7786f6c43ba7eb7ebc2d90094894c75c135744cf42c114ea6a8013ed69031558
game/citadel/cfg/user_keys_0_slot0.vcfg_lastclouded	97	citadel-runtime-and-assets	no-current-path-match-in-checked-sources			7786f6c43ba7eb7ebc2d90094894c75c135744cf42c114ea6a8013ed69031558
game/citadel/cfg/user_keys_0_slot1.vcfg	16	citadel-runtime-and-assets	no-current-path-match-in-checked-sources			148354379596cb5ee66600eb3c4660bb1d42507d70411d14a12ee90a281e5f75
game/citadel/cfg/user_keys_0_slot2.vcfg	16	citadel-runtime-and-assets	no-current-path-match-in-checked-sources			148354379596cb5ee66600eb3c4660bb1d42507d70411d14a12ee90a281e5f75
game/citadel/cfg/user_keys_0_slot3.vcfg	16	citadel-runtime-and-assets	no-current-path-match-in-checked-sources			148354379596cb5ee66600eb3c4660bb1d42507d70411d14a12ee90a281e5f75
game/citadel/cfg/user_keys_dev_default.vcfg	1044	citadel-runtime-and-assets	same-name-current-loose-file-listed	game/citadel/cfg/user_keys_dev_default.vcfg	1422456/9192361732058507254	e3dad1b76383cdba74d3d0093041a2d4179a389cfbf96b6b2d9cb604c838f286
game/citadel/cfg/video.txt	1628	citadel-runtime-and-assets	no-current-path-match-in-checked-sources			381734f2547ee8234de26da2450955230445d59499a89b504bde386b4ba63a96
game/citadel/cfg/video.txt.bak	340	citadel-runtime-and-assets	no-current-path-match-in-checked-sources			687ebd47f9bc5aa2309e9514bd340f4d1018a51f365a945b6022afe9320b9742
game/citadel/cfg/video_tools.txt	1347	citadel-runtime-and-assets	no-current-path-match-in-checked-sources			edcf3ffd1fe69215d1cec75b384b2b43da11f4514eaa395235860ea8e804b2a6
game/citadel/cfg/video_tools.txt.bak	1345	citadel-runtime-and-assets	no-current-path-match-in-checked-sources			d62d126a2340a0aba707b49ea7311eb58e9888e2bd5b086bd3a0ba2669243aef
game/citadel/citadel.fgd	114917	citadel-runtime-and-assets	no-current-path-match-in-checked-sources			28186e8435ab3e04a5292162c5889a3715397d76c44db4a751bccd6f130d7b4f
game/citadel/console.log	127397	citadel-runtime-and-assets	no-current-path-match-in-checked-sources			0ceeab5e5716f6539f23644d29b32c87d257360d97a33bf62f53641f9a513f95
game/citadel/dev/helper/testgrid.vmat_c	4424	citadel-runtime-and-assets	same-name-current-deadlock-vpk-member-listed	game/citadel/pak01_dir.vpk!dev/helper/testgrid.vmat_c	1422456/9192361732058507254	107bd94c5459c3a2f51a4d8a093bf3929f060208b86aa26b029b7e5c236ca78a
game/citadel/dev/helper/testgrid_morph.vmat_c	4456	citadel-runtime-and-assets	same-name-current-deadlock-vpk-member-listed	game/citadel/pak01_dir.vpk!dev/helper/testgrid_morph.vmat_c	1422456/9192361732058507254	eb892ba66301f18b41a891ffc10be1c518263fedcbd852936f50268e0fafa987
game/citadel/dev/panorama_world_panel_default.vmat_c	4248	citadel-runtime-and-assets	same-name-current-deadlock-vpk-member-listed	game/citadel/pak01_dir.vpk!dev/panorama_world_panel_default.vmat_c	1422456/9192361732058507254	5d97f1fc545249837358516c057b2ea626b218e4e823f20100af4963820abf7c
game/citadel/dev/panorama_world_panel_hint_ui.vmat_c	3928	citadel-runtime-and-assets	same-name-current-deadlock-vpk-member-listed	game/citadel/pak01_dir.vpk!dev/panorama_world_panel_hint_ui.vmat_c	1422456/9192361732058507254	0c7828faa8b88cf887923d64d52a2521316f137531d0b069e806ae5853b68a2a
game/citadel/dev/panorama_world_panel_lit_default.vmat_c	4408	citadel-runtime-and-assets	same-name-current-deadlock-vpk-member-listed	game/citadel/pak01_dir.vpk!dev/panorama_world_panel_lit_default.vmat_c	1422456/9192361732058507254	3a8f0486f16627fedbfde55f1fff33227ebba8c33ea5a197363c21ebed1f75b7
game/citadel/dev/panorama_world_panel_lit_no_backface.vmat_c	4328	citadel-runtime-and-assets	same-name-current-deadlock-vpk-member-listed	game/citadel/pak01_dir.vpk!dev/panorama_world_panel_lit_no_backface.vmat_c	1422456/9192361732058507254	71d828b8632da4f314dd2e844545b5d3e0ec414457b59b6a63531bcecb7d676c
game/citadel/dev/panorama_world_panel_lit_no_depth.vmat_c	4376	citadel-runtime-and-assets	same-name-current-deadlock-vpk-member-listed	game/citadel/pak01_dir.vpk!dev/panorama_world_panel_lit_no_depth.vmat_c	1422456/9192361732058507254	f8d95cd61e79503c76e2e0c9ae10313ce64e7308f813f865b50ba06c2c1cce24
game/citadel/dev/panorama_world_panel_lit_opaque.vmat_c	4136	citadel-runtime-and-assets	same-name-current-deadlock-vpk-member-listed	game/citadel/pak01_dir.vpk!dev/panorama_world_panel_lit_opaque.vmat_c	1422456/9192361732058507254	38ccbde6a985bf3f9d0b17777822e8b383d74960d20026025c22f551b7c70093
game/citadel/dev/panorama_world_panel_no_backface.vmat_c	3912	citadel-runtime-and-assets	same-name-current-deadlock-vpk-member-listed	game/citadel/pak01_dir.vpk!dev/panorama_world_panel_no_backface.vmat_c	1422456/9192361732058507254	cb981f205fa6189d8403bd34a7d85e94a2c2d2498a354b676eb18236db040142
game/citadel/dev/panorama_world_panel_no_depth.vmat_c	3944	citadel-runtime-and-assets	same-name-current-deadlock-vpk-member-listed	game/citadel/pak01_dir.vpk!dev/panorama_world_panel_no_depth.vmat_c	1422456/9192361732058507254	05d794c826033fb8e209ae452ad48a9e2c12314c597b22c62fdb53bc79475345
game/citadel/dev/panorama_world_panel_opaque.vmat_c	3880	citadel-runtime-and-assets	same-name-current-deadlock-vpk-member-listed	game/citadel/pak01_dir.vpk!dev/panorama_world_panel_opaque.vmat_c	1422456/9192361732058507254	025239ec2c9e26b5bbd04064384642468526e8d6096c47b2b38a0c5cff516f3a
game/citadel/dev/point_worldtext_default.vmat_c	4604	citadel-runtime-and-assets	same-name-current-deadlock-vpk-member-listed	game/citadel/pak01_dir.vpk!dev/point_worldtext_default.vmat_c	1422456/9192361732058507254	83a8ee69a7344216a720d1fd8f7c21c8153b0da2ed2615bd1b4de2de497f4c34
game/citadel/dev/point_worldtext_fullbright.vmat_c	4892	citadel-runtime-and-assets	same-name-current-deadlock-vpk-member-listed	game/citadel/pak01_dir.vpk!dev/point_worldtext_fullbright.vmat_c	1422456/9192361732058507254	a76049c35307789ef897abc01551c20b9b07af08d6ce6316ec876b71e3563ead
game/citadel/dev/point_worldtext_translucent.vmat_c	4552	citadel-runtime-and-assets	same-name-current-deadlock-vpk-member-listed	game/citadel/pak01_dir.vpk!dev/point_worldtext_translucent.vmat_c	1422456/9192361732058507254	648fcfbbb80d2b9e82a12691c19ff70cb299f4ef4d4cc1e8319aad4117f72011
game/citadel/dev/point_worldtext_translucent_fullbright.vmat_c	4888	citadel-runtime-and-assets	same-name-current-deadlock-vpk-member-listed	game/citadel/pak01_dir.vpk!dev/point_worldtext_translucent_fullbright.vmat_c	1422456/9192361732058507254	bfec6899cbf1a8d8636a2f2fdb62b1896a572d753f90011d61f958d60b6a29b8
game/citadel/gameinfo.gi	13797	citadel-runtime-and-assets	same-name-current-loose-file-listed	game/citadel/gameinfo.gi	1422456/9192361732058507254	ebb7c3b4a05988c9e9d3cd67cad364fcb53c5a70fcb1d728d247e99aea204ea3
game/citadel/gameinfo_branchspecific.gi	266	citadel-runtime-and-assets	same-name-current-loose-file-listed	game/citadel/gameinfo_branchspecific.gi	1422456/9192361732058507254	00abe1df286fb0940a65e2530d585fa627d494735ebb867a8b85ab8533802ecd
game/citadel/maps/ui/hero_shop/default_shop.vpk	18127	citadel-runtime-and-assets	same-name-current-loose-file-listed	game/citadel/maps/ui/hero_shop/default_shop.vpk	1422456/9192361732058507254	3cb01a4c30ba8f645230b4d868ab586f0091f46cc59e63e617bd71f8b78e67bd
game/citadel/materials/abstract/abstract_self_illum_gradient_png_c0735dd6.vtex_c	176860	citadel-runtime-and-assets	no-current-path-match-in-checked-sources			cc9dacad5b7bc642512eea5d87a5c688de01f884bb0000db5d36dfd2751a86cf
game/citadel/materials/blue_illum.vmat_c	4895	citadel-runtime-and-assets	same-name-current-deadlock-vpk-member-listed	game/citadel/pak01_dir.vpk!materials/blue_illum.vmat_c	1422456/9192361732058507254	98538011563e349f84f45c9a19139a26583595db1a8bdad3b92368d1cc9e4de9
game/citadel/materials/cloth/cotton_tile_01.vmat_c	4392	citadel-runtime-and-assets	same-name-current-deadlock-vpk-member-listed	game/citadel/pak01_dir.vpk!materials/cloth/cotton_tile_01.vmat_c	1422456/9192361732058507254	2e37f17baddb23c47f10f610708100cd33f626f76c83b9a5a48e1f02493bc2bf
game/citadel/materials/cloth/rippedcloth_01.vmat_c	4761	citadel-runtime-and-assets	same-name-current-deadlock-vpk-member-listed	game/citadel/pak01_dir.vpk!materials/cloth/rippedcloth_01.vmat_c	1422456/9192361732058507254	622886205e2c33894a2bec737a5371349b6b19e0f7073ecb4152cab5dfe7bd69
game/citadel/materials/cloth/rug_garden_01.vmat_c	4764	citadel-runtime-and-assets	same-name-current-deadlock-vpk-member-listed	game/citadel/pak01_dir.vpk!materials/cloth/rug_garden_01.vmat_c	1422456/9192361732058507254	fff2375e3cd711f7b9286c6365cb7d7b44fe06233c6d14ce524fd9aa827e6f67
game/citadel/materials/debug/debugempty.vmat_c	3736	citadel-runtime-and-assets	same-name-current-deadlock-vpk-member-listed	game/citadel/pak01_dir.vpk!materials/debug/debugempty.vmat_c	1422456/9192361732058507254	a71c8ecf4c81bae5560da9e2b2cd88681d57d0963da095d631d620244303e380
game/citadel/materials/decaltests/debris_specmask_png_6483c315.vtex_c	1400212	citadel-runtime-and-assets	no-current-path-match-in-checked-sources			e9e8a97299e01dd456d1129fa7ff8cd6d6522afef97fe31186c482d8d123db00
game/citadel/materials/default/default_ao_tga_559f1ac6.vtex_c	2216	citadel-runtime-and-assets	same-name-current-deadlock-vpk-member-listed	game/citadel/pak01_dir.vpk!materials/default/default_ao_tga_559f1ac6.vtex_c	1422456/9192361732058507254	8eb70fbaa2ff6a8a044d3fe2e37356c3b2a018dfd70f86a7ebe7edcc32a7542c
game/citadel/materials/default/default_ao_tga_aecb9162.vtex_c	2224	citadel-runtime-and-assets	no-current-path-match-in-checked-sources			465b4b5a66e3e4b62c7f313c753eadf2c79f8f99a3138f7a16d54bd85d0086dc
game/citadel/materials/default/default_ao_tga_c832464.vtex_c	2216	citadel-runtime-and-assets	same-name-current-deadlock-vpk-member-listed	game/citadel/pak01_dir.vpk!materials/default/default_ao_tga_c832464.vtex_c	1422456/9192361732058507254	5a6c9c36e9e4aedd1b3634b7ee4b52f8fbaa847dae872eea51ae560751ee43ec
game/citadel/materials/default/default_color_tga_22e6f7.vtex_c	2272	citadel-runtime-and-assets	same-name-current-deadlock-vpk-member-listed	game/citadel/pak01_dir.vpk!materials/default/default_color_tga_22e6f7.vtex_c	1422456/9192361732058507254	dcf0c3ab0c75d093b658619ec7439288fce3cf6a7e728e219460f2b2cd788d03
game/citadel/materials/default/default_color_tga_7d72a795.vtex_c	2288	citadel-runtime-and-assets	no-current-path-match-in-checked-sources			fefe7de8b07b804baca46854b009de84c15179aea4ea1a46ded2e2194c2ea60b
game/citadel/materials/default/default_detailmask_tga_86bae0f6.vtex_c	2216	citadel-runtime-and-assets	same-name-current-deadlock-vpk-member-listed	game/citadel/pak01_dir.vpk!materials/default/default_detailmask_tga_86bae0f6.vtex_c	1422456/9192361732058507254	6a26eafd8baac852f3218802b0b4b2ca36c777b2d3cd2efdd727bc7eabe5ffef
game/citadel/materials/default/default_mask_tga_1ea3ef3b.vtex_c	2288	citadel-runtime-and-assets	no-current-path-match-in-checked-sources			9777a0e604ddbca7a7dbf0400bbcca5da70b623ac54d1b99381a9fd2af992dfd
game/citadel/materials/default/default_mask_tga_2aa88af4.vtex_c	2288	citadel-runtime-and-assets	no-current-path-match-in-checked-sources			75fbd56f91c8d23c132fa38235dd094d39d575357a8bd277eefb374d1d6c6602
game/citadel/materials/default/default_mask_tga_344101f8.vtex_c	2216	citadel-runtime-and-assets	same-name-current-deadlock-vpk-member-listed	game/citadel/pak01_dir.vpk!materials/default/default_mask_tga_344101f8.vtex_c	1422456/9192361732058507254	968bf4a6f4349952f1eec6cbd70a6a17e13f3413dab73cfaa3595db8a8a6be79
game/citadel/materials/default/default_mask_tga_625be5d1.vtex_c	2216	citadel-runtime-and-assets	same-name-current-deadlock-vpk-member-listed	game/citadel/pak01_dir.vpk!materials/default/default_mask_tga_625be5d1.vtex_c	1422456/9192361732058507254	c72bf42d2d37421926056b8a1b679fc44525051dcdabec3aed4832fce4c5d446
game/citadel/materials/default/default_mask_tga_8d0774e6.vtex_c	2224	citadel-runtime-and-assets	same-name-current-deadlock-vpk-member-listed	game/citadel/pak01_dir.vpk!materials/default/default_mask_tga_8d0774e6.vtex_c	1422456/9192361732058507254	89d16704717c0512c1c7daf5eec4c4dcc4e66fac582b493c134b8b2c0a4ea690
game/citadel/materials/default/default_metal_tga_9e174e3d.vtex_c	2216	citadel-runtime-and-assets	same-name-current-deadlock-vpk-member-listed	game/citadel/pak01_dir.vpk!materials/default/default_metal_tga_9e174e3d.vtex_c	1422456/9192361732058507254	8d2467bd10328e252a8830dabf1d288d2c716bca79b81a981a7cc74d7a87656d
game/citadel/materials/default/default_normal_tga_5a869113.vtex_c	2384	citadel-runtime-and-assets	no-current-path-match-in-checked-sources			96c47e7f9dd526516ed8637d6139e538948b0ecf4084178f16f8d68b0979ded9
game/citadel/materials/default/default_normal_tga_7be61377.vtex_c	2368	citadel-runtime-and-assets	same-name-current-deadlock-vpk-member-listed	game/citadel/pak01_dir.vpk!materials/default/default_normal_tga_7be61377.vtex_c	1422456/9192361732058507254	7088b516b7ba43d30ad97441b6bd8ef3dd931fa7242fef11d4606cfb4e2b4c23
game/citadel/materials/default/default_selfillum_tga_8c09d64e.vtex_c	2232	citadel-runtime-and-assets	same-name-current-deadlock-vpk-member-listed	game/citadel/pak01_dir.vpk!materials/default/default_selfillum_tga_8c09d64e.vtex_c	1422456/9192361732058507254	a75616f8d9824d0a6190b40fd770f25343b352f7c6e1122aa172410f9ed4555c
game/citadel/materials/default/default_tga_33b1a05d.vtex_c	2368	citadel-runtime-and-assets	no-current-path-match-in-checked-sources			42df24e8be61ce5bbfce48b2297eb0a57dd7592b2b2dedbdaa2f7ff3b2aafa9e
game/citadel/materials/default/default_tga_627587e.vtex_c	2272	citadel-runtime-and-assets	same-name-current-deadlock-vpk-member-listed	game/citadel/pak01_dir.vpk!materials/default/default_tga_627587e.vtex_c	1422456/9192361732058507254	65292adfe8b64ffedbe74cb02273735e4bf2e56eb76212927284838e1c9799c3
game/citadel/materials/default/default_tga_6b1eb98.vtex_c	2216	citadel-runtime-and-assets	same-name-current-deadlock-vpk-member-listed	game/citadel/pak01_dir.vpk!materials/default/default_tga_6b1eb98.vtex_c	1422456/9192361732058507254	f3cef288a3d78e88337fddcdb9d2534ea60812c5beab6290fa1abccf0241d31e
game/citadel/materials/default/default_trans_tga_68f091b7.vtex_c	2216	citadel-runtime-and-assets	same-name-current-deadlock-vpk-member-listed	game/citadel/pak01_dir.vpk!materials/default/default_trans_tga_68f091b7.vtex_c	1422456/9192361732058507254	9e550282b9528dfa087b9ff8d9a7c76b5261cb2ff9862d7123ee8862919701e9
game/citadel/materials/dev/back.vmat_c	4264	citadel-runtime-and-assets	same-name-current-deadlock-vpk-member-listed	game/citadel/pak01_dir.vpk!materials/dev/back.vmat_c	1422456/9192361732058507254	9f61c53560ed7278880aeb0c635d63e08ddcd84ffb4c8742af9348952be49d30
game/citadel/materials/dev/black_paint.vmat_c	4232	citadel-runtime-and-assets	same-name-current-deadlock-vpk-member-listed	game/citadel/pak01_dir.vpk!materials/dev/black_paint.vmat_c	1422456/9192361732058507254	cd7d69b5e1913c65f42532453ba56e7bc5d4becffdc1c0f3d98fcab8e1283b19
game/citadel/materials/dev/blend_dev_01.vmat_c	4664	citadel-runtime-and-assets	same-name-current-deadlock-vpk-member-listed	game/citadel/pak01_dir.vpk!materials/dev/blend_dev_01.vmat_c	1422456/9192361732058507254	92f58f97f60bdb1ade27f74d0b48a56b7b3693cbc1f41a71ab2e88dff7298475
game/citadel/materials/dev/blend_dev_02.vmat_c	4600	citadel-runtime-and-assets	same-name-current-deadlock-vpk-member-listed	game/citadel/pak01_dir.vpk!materials/dev/blend_dev_02.vmat_c	1422456/9192361732058507254	870ac8822defbff0dff86f8743cb67bf364ff3f27c9efa72bef9b603950a45e4
game/citadel/materials/dev/blend_dev_03.vmat_c	3656	citadel-runtime-and-assets	same-name-current-deadlock-vpk-member-listed	game/citadel/pak01_dir.vpk!materials/dev/blend_dev_03.vmat_c	1422456/9192361732058507254	e49dc849be332effa64062adbb02b1e64e0c2fb62da78afdf1a871945c300558
game/citadel/materials/dev/blend_dev_30b_rgb.vmat_c	3656	citadel-runtime-and-assets	same-name-current-deadlock-vpk-member-listed	game/citadel/pak01_dir.vpk!materials/dev/blend_dev_30b_rgb.vmat_c	1422456/9192361732058507254	73333b7a36e809072e8e692812f1f9e750eedac073ccbbe4c930f03e3ac84dd0
game/citadel/materials/dev/blend_dev_rgb.vmat_c	3656	citadel-runtime-and-assets	same-name-current-deadlock-vpk-member-listed	game/citadel/pak01_dir.vpk!materials/dev/blend_dev_rgb.vmat_c	1422456/9192361732058507254	a90e92a8d05dc732aaf22c2ad11aca1ef8e69858b8233dcf6df9b38e28de6b2a
game/citadel/materials/dev/blend_dev_rock_grass_dirt_01.vmat_c	3688	citadel-runtime-and-assets	same-name-current-deadlock-vpk-member-listed	game/citadel/pak01_dir.vpk!materials/dev/blend_dev_rock_grass_dirt_01.vmat_c	1422456/9192361732058507254	6a3986579b094ae0d9245a42badab25fc615068ae1543f9fb062ba8cf9df2d4e
game/citadel/materials/dev/blend_wa_01.vmat_c	4584	citadel-runtime-and-assets	same-name-current-deadlock-vpk-member-listed	game/citadel/pak01_dir.vpk!materials/dev/blend_wa_01.vmat_c	1422456/9192361732058507254	a603eb7f02ea4ee5b664fa87e73e86bebf17e3bbdd582326592a9f49f48040c3
game/citadel/materials/dev/blue_light_illum.vmat_c	4696	citadel-runtime-and-assets	same-name-current-deadlock-vpk-member-listed	game/citadel/pak01_dir.vpk!materials/dev/blue_light_illum.vmat_c	1422456/9192361732058507254	0a8ee91456b5bfbbf7dcac2d8043230f4da5b05414ce07a8615e93ce5e9a97aa
game/citadel/materials/dev/bottom.vmat_c	4264	citadel-runtime-and-assets	same-name-current-deadlock-vpk-member-listed	game/citadel/pak01_dir.vpk!materials/dev/bottom.vmat_c	1422456/9192361732058507254	0c22ab94a3a2c5483a15c3fe44ac7f2beabde4c5e57598c232bb4bc7761da545
game/citadel/materials/dev/brick.vmat_c	3624	citadel-runtime-and-assets	same-name-current-deadlock-vpk-member-listed	game/citadel/pak01_dir.vpk!materials/dev/brick.vmat_c	1422456/9192361732058507254	1e72843678b62776c38d53e0eca7bf7ad8449f79cf7445baa5af22f78f31083f
game/citadel/materials/dev/brick_broken.vmat_c	3656	citadel-runtime-and-assets	same-name-current-deadlock-vpk-member-listed	game/citadel/pak01_dir.vpk!materials/dev/brick_broken.vmat_c	1422456/9192361732058507254	7f4f826873245355909ede8728f259316cb8605a64bcb582fdbcd6945e74ad43
game/citadel/materials/dev/car_temp001.vmat_c	3928	citadel-runtime-and-assets	same-name-current-deadlock-vpk-member-listed	game/citadel/pak01_dir.vpk!materials/dev/car_temp001.vmat_c	1422456/9192361732058507254	7970888778c05a41431592b0abb585e418f01f3c3a9aba20820713ef08c52f53
game/citadel/materials/dev/chrome.vmat_c	4296	citadel-runtime-and-assets	same-name-current-deadlock-vpk-member-listed	game/citadel/pak01_dir.vpk!materials/dev/chrome.vmat_c	1422456/9192361732058507254	22ffc1bb03618c413787bc44f9d845b830ccd505bee4d53c62e51c81590addbc
game/citadel/materials/dev/cinderblock.vmat_c	3656	citadel-runtime-and-assets	same-name-current-deadlock-vpk-member-listed	game/citadel/pak01_dir.vpk!materials/dev/cinderblock.vmat_c	1422456/9192361732058507254	c409bf9ed587ad1c057ca506c91da7d399296880c24570bdfdade057e827375d
game/citadel/materials/dev/color_check.vmat_c	4376	citadel-runtime-and-assets	same-name-current-deadlock-vpk-member-listed	game/citadel/pak01_dir.vpk!materials/dev/color_check.vmat_c	1422456/9192361732058507254	948ad319321b54fb96ad46460a204dd8efb14c444cbe2be398541b4e0dd580dc
game/citadel/materials/dev/compute_linear_depth.vmat_c	1206	citadel-runtime-and-assets	no-current-path-match-in-checked-sources			11072b7587a4f392ffb125542efe6dbbc91e629a29aa8ba4fe6c23bcb39e2cf4
game/citadel/materials/dev/corrugated_metal.vmat_c	4136	citadel-runtime-and-assets	same-name-current-deadlock-vpk-member-listed	game/citadel/pak01_dir.vpk!materials/dev/corrugated_metal.vmat_c	1422456/9192361732058507254	46b22795fd0b5e7ce4c400840c1bf86af5cc1d90b08f64a5bff10804bbb94bd6
game/citadel/materials/dev/cubemap_debug.vmat_c	4296	citadel-runtime-and-assets	same-name-current-deadlock-vpk-member-listed	game/citadel/pak01_dir.vpk!materials/dev/cubemap_debug.vmat_c	1422456/9192361732058507254	0f242830bb6aac776113dff615a77ef3a974f9ff212fb06d5dda99f8ffe5a276
game/citadel/materials/dev/debug_cloth.vmat_c	4360	citadel-runtime-and-assets	same-name-current-deadlock-vpk-member-listed	game/citadel/pak01_dir.vpk!materials/dev/debug_cloth.vmat_c	1422456/9192361732058507254	287158b367b9fbf90707bbc97172451e4532f0aabaca31fc2288bb3c70cab8b9
game/citadel/materials/dev/debug_physics_noedges.vmat_c	4360	citadel-runtime-and-assets	same-name-current-deadlock-vpk-member-listed	game/citadel/pak01_dir.vpk!materials/dev/debug_physics_noedges.vmat_c	1422456/9192361732058507254	1a7742d7c42f252c00c11de6a8eaeea631348e1f0953482f53837c24d87f2a80
game/citadel/materials/dev/debug_physics_seethrough.vmat_c	4649	citadel-runtime-and-assets	same-name-current-deadlock-vpk-member-listed	game/citadel/pak01_dir.vpk!materials/dev/debug_physics_seethrough.vmat_c	1422456/9192361732058507254	701d644ea5f1cf5e78ef88806ea3be865fa940fbe280910d19ba3e384c367763
game/citadel/materials/dev/debug_physics_translucent.vmat_c	4584	citadel-runtime-and-assets	same-name-current-deadlock-vpk-member-listed	game/citadel/pak01_dir.vpk!materials/dev/debug_physics_translucent.vmat_c	1422456/9192361732058507254	53f41c4b126f50d0a3b5bc57fe23083ebf784f6ee913e5e46287aff77103cb46
game/citadel/materials/dev/debug_physics_translucent_seethrough.vmat_c	4600	citadel-runtime-and-assets	same-name-current-deadlock-vpk-member-listed	game/citadel/pak01_dir.vpk!materials/dev/debug_physics_translucent_seethrough.vmat_c	1422456/9192361732058507254	6519ce6fbc16c2dd0ed84acd997c6ec34a7c01908c88a7fc60dcb9b9c7d028ec
game/citadel/materials/dev/debug_physics_wireframe.vmat_c	4072	citadel-runtime-and-assets	same-name-current-deadlock-vpk-member-listed	game/citadel/pak01_dir.vpk!materials/dev/debug_physics_wireframe.vmat_c	1422456/9192361732058507254	9ad6722f63ad007da7b46dac78611ecc3c1b3d95fea57278a5377c251c54018f
game/citadel/materials/dev/default.vmat_c	3896	citadel-runtime-and-assets	same-name-current-deadlock-vpk-member-listed	game/citadel/pak01_dir.vpk!materials/dev/default.vmat_c	1422456/9192361732058507254	491b4b3693c3e6bf308e5368a674568db1ca5e8569ec33f573177b44b0bf3613
game/citadel/materials/dev/default_illum.vmat_c	4264	citadel-runtime-and-assets	same-name-current-deadlock-vpk-member-listed	game/citadel/pak01_dir.vpk!materials/dev/default_illum.vmat_c	1422456/9192361732058507254	276c2e9a127c53ea96cd355f3023fc291ec0b2f6b4d4afeb0562793b4e36deeb
game/citadel/materials/dev/default_layer.vmat_c	3511	citadel-runtime-and-assets	same-name-current-deadlock-vpk-member-listed	game/citadel/pak01_dir.vpk!materials/dev/default_layer.vmat_c	1422456/9192361732058507254	60eda071a9b94de3a374ff1577a3097e9dc44a16043d8aed001769ecc016c774
game/citadel/materials/dev/default_layer_vmat_g_tpacked1_ba37ef5e.vtex_c	2192	citadel-runtime-and-assets	no-current-path-match-in-checked-sources			6ea3b60cb6a27af503eaf4a14bffa449009b44e5bbdda5c9a3b020f03d35fca8
game/citadel/materials/dev/default_ts.vmat_c	3020	citadel-runtime-and-assets	same-name-current-deadlock-vpk-member-listed	game/citadel/pak01_dir.vpk!materials/dev/default_ts.vmat_c	1422456/9192361732058507254	9fb81eddcb9c3e73ddb36beb5db04caa984a00c2e984fbc37455c6e117322ce4
game/citadel/materials/dev/default_ts_vmat_g_tpacked1_ba37ef5e.vtex_c	2192	citadel-runtime-and-assets	no-current-path-match-in-checked-sources			6ea3b60cb6a27af503eaf4a14bffa449009b44e5bbdda5c9a3b020f03d35fca8
game/citadel/materials/dev/dev_postit.vmat_c	4136	citadel-runtime-and-assets	same-name-current-deadlock-vpk-member-listed	game/citadel/pak01_dir.vpk!materials/dev/dev_postit.vmat_c	1422456/9192361732058507254	60f98c4954dcd0c940a64938a62fb9755567846923845b69028c3b346905fa7d
game/citadel/materials/dev/diffuse_sphere.vmat_c	3800	citadel-runtime-and-assets	same-name-current-deadlock-vpk-member-listed	game/citadel/pak01_dir.vpk!materials/dev/diffuse_sphere.vmat_c	1422456/9192361732058507254	c5f80b9061bf5a2e2515e8f13d8927b17008913b719b272e80b51a5a8ce15a0f
game/citadel/materials/dev/flat_dark_green.vmat_c	3960	citadel-runtime-and-assets	same-name-current-deadlock-vpk-member-listed	game/citadel/pak01_dir.vpk!materials/dev/flat_dark_green.vmat_c	1422456/9192361732058507254	e047d59da4a26b810b8d376bc9b81a0be2a396b571c1a337d553e17b63140747
game/citadel/materials/dev/flat_red.vmat_c	3928	citadel-runtime-and-assets	same-name-current-deadlock-vpk-member-listed	game/citadel/pak01_dir.vpk!materials/dev/flat_red.vmat_c	1422456/9192361732058507254	00093432f5d20a4fe60177a0165a2926bb371321473aa0a7634b104e61855c46
game/citadel/materials/dev/front.vmat_c	4264	citadel-runtime-and-assets	same-name-current-deadlock-vpk-member-listed	game/citadel/pak01_dir.vpk!materials/dev/front.vmat_c	1422456/9192361732058507254	a1bf8ac1643f638586b7a324cc7da8275187a4aedd38223e47c7c16a827cfcc7
game/citadel/materials/dev/generic_grey.vmat_c	3992	citadel-runtime-and-assets	same-name-current-deadlock-vpk-member-listed	game/citadel/pak01_dir.vpk!materials/dev/generic_grey.vmat_c	1422456/9192361732058507254	b0bcfaa5b6a2953aa2a4418ac97f6aa686c59acb005725c4a4bb00c6a79f4905
game/citadel/materials/dev/glass.vmat_c	4216	citadel-runtime-and-assets	same-name-current-deadlock-vpk-member-listed	game/citadel/pak01_dir.vpk!materials/dev/glass.vmat_c	1422456/9192361732058507254	a32df1d604cd20e2063b9b13492dc8289bdbfb04dea02da3d6803021fb797179
game/citadel/materials/dev/gradient_dev_01.vmat_c	4280	citadel-runtime-and-assets	same-name-current-deadlock-vpk-member-listed	game/citadel/pak01_dir.vpk!materials/dev/gradient_dev_01.vmat_c	1422456/9192361732058507254	351c7837a9cecf231fcdc6a5446f622a0c8bc851bdcedd4aee4ad7bea70ea03a
game/citadel/materials/dev/gradient_dev_02.vmat_c	4456	citadel-runtime-and-assets	same-name-current-deadlock-vpk-member-listed	game/citadel/pak01_dir.vpk!materials/dev/gradient_dev_02.vmat_c	1422456/9192361732058507254	011ecc4282c74ad2128fa244ea6c54a546557897d85f9df7076e8437f35a29a4
game/citadel/materials/dev/gradient_dev_02_color_psd_73660177.vtex_c	5594548	citadel-runtime-and-assets	same-name-current-deadlock-vpk-member-listed	game/citadel/pak01_dir.vpk!materials/dev/gradient_dev_02_color_psd_73660177.vtex_c	1422456/9192361732058507254	596420e0f884f8622069356d59ce5541ff945b3862f442c10885f6259567db24
game/citadel/materials/dev/gradient_dev_02_trans_png_2061f0f4.vtex_c	5594532	citadel-runtime-and-assets	no-current-path-match-in-checked-sources			7ad1d2268ff920afe9de02fa8722fde58f284b748111ce6fc0151e961e110446
game/citadel/materials/dev/gradient_dev_02_trans_png_a991268b.vtex_c	2798284	citadel-runtime-and-assets	no-current-path-match-in-checked-sources			6c9b481627a856266d171bf0f7b6abc4878f67c7d1e1965c28a532c83fcbfb02
game/citadel/materials/dev/gradient_dev_h_mid_01_png_48ce290.vtex_c	34852	citadel-runtime-and-assets	no-current-path-match-in-checked-sources			5beba60b4e5d20d9e670673bfa70e3796556edc971eb53915111bb717122d29a
game/citadel/materials/dev/gray_25.vmat_c	3928	citadel-runtime-and-assets	same-name-current-deadlock-vpk-member-listed	game/citadel/pak01_dir.vpk!materials/dev/gray_25.vmat_c	1422456/9192361732058507254	3eed497334d2aebd4451171c72604d6a8c5b62a25bdbaf1361ab978600a735ba
game/citadel/materials/dev/gray_2sided.vmat_c	3992	citadel-runtime-and-assets	same-name-current-deadlock-vpk-member-listed	game/citadel/pak01_dir.vpk!materials/dev/gray_2sided.vmat_c	1422456/9192361732058507254	a6a476016049364353fe0156a9eeee03c3a3f1fe041ace6528a4f017ab994580
game/citadel/materials/dev/gray_50.vmat_c	3992	citadel-runtime-and-assets	same-name-current-deadlock-vpk-member-listed	game/citadel/pak01_dir.vpk!materials/dev/gray_50.vmat_c	1422456/9192361732058507254	1de5870e934d5b6a40cf72a36833bf5b83ce00644247b7316e40822c0e09ea46
game/citadel/materials/dev/gray_75.vmat_c	3928	citadel-runtime-and-assets	same-name-current-deadlock-vpk-member-listed	game/citadel/pak01_dir.vpk!materials/dev/gray_75.vmat_c	1422456/9192361732058507254	928810cffc2a4e6893e9e7f2c305f6f7bdf8c8c17e23de8f13824d20784b4ebe
game/citadel/materials/dev/gray_grid_4.vmat_c	3928	citadel-runtime-and-assets	same-name-current-deadlock-vpk-member-listed	game/citadel/pak01_dir.vpk!materials/dev/gray_grid_4.vmat_c	1422456/9192361732058507254	258606d738b5e6ca06c82fedac2d49bc2258a617a22afd8248d8b52d22529c2b
game/citadel/materials/dev/gray_grid_8.vmat_c	4104	citadel-runtime-and-assets	same-name-current-deadlock-vpk-member-listed	game/citadel/pak01_dir.vpk!materials/dev/gray_grid_8.vmat_c	1422456/9192361732058507254	db4a525f4006762ab666dd0950156a74be780c1c181c1d692e779b8f31984403
game/citadel/materials/dev/gray_metal.vmat_c	3992	citadel-runtime-and-assets	same-name-current-deadlock-vpk-member-listed	game/citadel/pak01_dir.vpk!materials/dev/gray_metal.vmat_c	1422456/9192361732058507254	c73b8e24505c7efc2bff5174de184ced6efdbe038b29a6036f517bd0098b1916
game/citadel/materials/dev/gray_paint.vmat_c	4088	citadel-runtime-and-assets	same-name-current-deadlock-vpk-member-listed	game/citadel/pak01_dir.vpk!materials/dev/gray_paint.vmat_c	1422456/9192361732058507254	884a1d14b85182cc9343c8b3ef01829a9678091354a7aaff410c628a323f3037
game/citadel/materials/dev/gray_paint_tint.vmat_c	4184	citadel-runtime-and-assets	same-name-current-deadlock-vpk-member-listed	game/citadel/pak01_dir.vpk!materials/dev/gray_paint_tint.vmat_c	1422456/9192361732058507254	75b9a4b6f1feb7c1f3305566927b1e4ce0748dfa7db667e8d3a04f7e8c790b8c
game/citadel/materials/dev/green_illum.vmat_c	4504	citadel-runtime-and-assets	same-name-current-deadlock-vpk-member-listed	game/citadel/pak01_dir.vpk!materials/dev/green_illum.vmat_c	1422456/9192361732058507254	6a05ed1b11f9170fc01c79277caa0ccff202351e5f961311d64582103896eaaf
game/citadel/materials/dev/invisible.vmat_c	4604	citadel-runtime-and-assets	same-name-current-deadlock-vpk-member-listed	game/citadel/pak01_dir.vpk!materials/dev/invisible.vmat_c	1422456/9192361732058507254	520904d9d15f0c325b96f3f2eb85725e50bd8cc54aa013cb2a4056d453fd3aad
game/citadel/materials/dev/left.vmat_c	4264	citadel-runtime-and-assets	same-name-current-deadlock-vpk-member-listed	game/citadel/pak01_dir.vpk!materials/dev/left.vmat_c	1422456/9192361732058507254	348462d3cb76367ec328b3e5fcebeb72f620a39da5bcc73c9c3ef7bb5091466b
game/citadel/materials/dev/luminaire.vmat_c	4840	citadel-runtime-and-assets	same-name-current-deadlock-vpk-member-listed	game/citadel/pak01_dir.vpk!materials/dev/luminaire.vmat_c	1422456/9192361732058507254	475636fcdfe182849862d000f832e53924144e709bb2f2786dd1fc33aa83f25d
game/citadel/materials/dev/noillum_primary_green.vmat_c	4456	citadel-runtime-and-assets	same-name-current-deadlock-vpk-member-listed	game/citadel/pak01_dir.vpk!materials/dev/noillum_primary_green.vmat_c	1422456/9192361732058507254	7841d83dbcfb908f142168e4969219df03651beab308b3ddd5569b7fd640136d
game/citadel/materials/dev/npr_dummy.vmat_c	2581	citadel-runtime-and-assets	same-name-current-deadlock-vpk-member-listed	game/citadel/pak01_dir.vpk!materials/dev/npr_dummy.vmat_c	1422456/9192361732058507254	657a3d8dde42c529ae2f7fa4cd832ae4d891e549cab43231f535c2852fbc77a0
game/citadel/materials/dev/orange_paint.vmat_c	4024	citadel-runtime-and-assets	same-name-current-deadlock-vpk-member-listed	game/citadel/pak01_dir.vpk!materials/dev/orange_paint.vmat_c	1422456/9192361732058507254	7a5a9e29e85be54d3ba16021aa3bfebede793b264a66ec26275577698e304f49
game/citadel/materials/dev/oriented_volume.vmat_c	4312	citadel-runtime-and-assets	same-name-current-deadlock-vpk-member-listed	game/citadel/pak01_dir.vpk!materials/dev/oriented_volume.vmat_c	1422456/9192361732058507254	87dd80ab158a2b35fb038ffbda135f35ce9b01f2c6529f34e0c0e7014a56bb97
game/citadel/materials/dev/pink_illum.vmat_c	4584	citadel-runtime-and-assets	same-name-current-deadlock-vpk-member-listed	game/citadel/pak01_dir.vpk!materials/dev/pink_illum.vmat_c	1422456/9192361732058507254	536d47ab236fb8ecc561bb993dcb617b1fdd64d31b6db5d4f1f4e3fc753be82b
game/citadel/materials/dev/primary_black.vmat_c	4696	citadel-runtime-and-assets	same-name-current-deadlock-vpk-member-listed	game/citadel/pak01_dir.vpk!materials/dev/primary_black.vmat_c	1422456/9192361732058507254	4cb4f0002b4e2bdf9f089147388830e3e91d859ee56518166791183768591cc8
game/citadel/materials/dev/primary_black_translucent.vmat_c	4696	citadel-runtime-and-assets	same-name-current-deadlock-vpk-member-listed	game/citadel/pak01_dir.vpk!materials/dev/primary_black_translucent.vmat_c	1422456/9192361732058507254	0afcdca5c730323ceecf4663420ed3088e2ff073205cc6aa1450cb6820be7dea
game/citadel/materials/dev/primary_blue.vmat_c	4424	citadel-runtime-and-assets	same-name-current-deadlock-vpk-member-listed	game/citadel/pak01_dir.vpk!materials/dev/primary_blue.vmat_c	1422456/9192361732058507254	423d0e77b71b919a018349a4e813473bf7362aea609ea05464be380849577b66
game/citadel/materials/dev/primary_green.vmat_c	4440	citadel-runtime-and-assets	same-name-current-deadlock-vpk-member-listed	game/citadel/pak01_dir.vpk!materials/dev/primary_green.vmat_c	1422456/9192361732058507254	40f94907b53de7619b67e7a96f1200777bdb4ff06b0bb97a90b7e5dd89503e28
game/citadel/materials/dev/primary_green_additive.vmat_c	4680	citadel-runtime-and-assets	same-name-current-deadlock-vpk-member-listed	game/citadel/pak01_dir.vpk!materials/dev/primary_green_additive.vmat_c	1422456/9192361732058507254	6b9c81be99bd14a61fbf6e98c12704933f5b7930d1832729f7cc99c91aa3d82b
game/citadel/materials/dev/primary_green_illum.vmat_c	4520	citadel-runtime-and-assets	same-name-current-deadlock-vpk-member-listed	game/citadel/pak01_dir.vpk!materials/dev/primary_green_illum.vmat_c	1422456/9192361732058507254	1f782735eedd5af76dd1ef695b8fb1bf3925c299fb3206f68c6a1455613482c3
game/citadel/materials/dev/primary_red.vmat_c	4408	citadel-runtime-and-assets	same-name-current-deadlock-vpk-member-listed	game/citadel/pak01_dir.vpk!materials/dev/primary_red.vmat_c	1422456/9192361732058507254	82e02d40d52984515257a18be055508ce14b01fc9f96b5a65bccd063330e7e9c
game/citadel/materials/dev/primary_red_additive.vmat_c	4648	citadel-runtime-and-assets	same-name-current-deadlock-vpk-member-listed	game/citadel/pak01_dir.vpk!materials/dev/primary_red_additive.vmat_c	1422456/9192361732058507254	790c69fa582b07ef403d5dd9c6e58194acd85a0cb07709c073b755718ad2fea6
game/citadel/materials/dev/primary_red_illum.vmat_c	4232	citadel-runtime-and-assets	same-name-current-deadlock-vpk-member-listed	game/citadel/pak01_dir.vpk!materials/dev/primary_red_illum.vmat_c	1422456/9192361732058507254	9891fde55f6f6f9a84a9f423b42d8caa1b96a9b7afec62d847c898b364ed4122
game/citadel/materials/dev/primary_white.vmat_c	4440	citadel-runtime-and-assets	same-name-current-deadlock-vpk-member-listed	game/citadel/pak01_dir.vpk!materials/dev/primary_white.vmat_c	1422456/9192361732058507254	b6bb667a25dd80a714ba65962682c15144ed96ce6910e3490f22834a6aadcf91
game/citadel/materials/dev/primary_white_emissive.vmat_c	4584	citadel-runtime-and-assets	same-name-current-deadlock-vpk-member-listed	game/citadel/pak01_dir.vpk!materials/dev/primary_white_emissive.vmat_c	1422456/9192361732058507254	dc374d334353d12ba7e364d469ba9c8d036519a3c57d71e7619504b606233875
game/citadel/materials/dev/primary_white_emissive_trans.vmat_c	4872	citadel-runtime-and-assets	same-name-current-deadlock-vpk-member-listed	game/citadel/pak01_dir.vpk!materials/dev/primary_white_emissive_trans.vmat_c	1422456/9192361732058507254	10e2de596714fde65ab6278ecd568c0069e66ecbd08d0b8762b502ba94096db9
game/citadel/materials/dev/primary_white_trans.vmat_c	4632	citadel-runtime-and-assets	same-name-current-deadlock-vpk-member-listed	game/citadel/pak01_dir.vpk!materials/dev/primary_white_trans.vmat_c	1422456/9192361732058507254	847253bf2e6652cdb4a19cba40cf1edaed97e9efc0d9d83f31591edaae74271a
game/citadel/materials/dev/purple_illum.vmat_c	4616	citadel-runtime-and-assets	same-name-current-deadlock-vpk-member-listed	game/citadel/pak01_dir.vpk!materials/dev/purple_illum.vmat_c	1422456/9192361732058507254	e8c2f04b18939a258cf12a09b3100446d258d69b0324687c6878c0fb30d38568
game/citadel/materials/dev/purple_metal.vmat_c	4488	citadel-runtime-and-assets	same-name-current-deadlock-vpk-member-listed	game/citadel/pak01_dir.vpk!materials/dev/purple_metal.vmat_c	1422456/9192361732058507254	446ac105bacec598901771f1cc544889cbfa44c707612887f5bf34da21344300
game/citadel/materials/dev/reflectivity_10.vmat_c	3944	citadel-runtime-and-assets	same-name-current-deadlock-vpk-member-listed	game/citadel/pak01_dir.vpk!materials/dev/reflectivity_10.vmat_c	1422456/9192361732058507254	a42096be1a7a7bb358c00fe92859e785f0a6e1630a4ad970a285370af8a25b8b
game/citadel/materials/dev/reflectivity_10b.vmat_c	3944	citadel-runtime-and-assets	same-name-current-deadlock-vpk-member-listed	game/citadel/pak01_dir.vpk!materials/dev/reflectivity_10b.vmat_c	1422456/9192361732058507254	c3e49a312b84aa5574614fc0fe60856afb31ef946f1a626c49e4ac17893838b4
game/citadel/materials/dev/reflectivity_20.vmat_c	3944	citadel-runtime-and-assets	same-name-current-deadlock-vpk-member-listed	game/citadel/pak01_dir.vpk!materials/dev/reflectivity_20.vmat_c	1422456/9192361732058507254	01668a6a3900b6edc35697f531ec6f2635976a696cac4e37a4e04d6f07c5d16a
game/citadel/materials/dev/reflectivity_20b.vmat_c	3944	citadel-runtime-and-assets	same-name-current-deadlock-vpk-member-listed	game/citadel/pak01_dir.vpk!materials/dev/reflectivity_20b.vmat_c	1422456/9192361732058507254	9e88c805f1c723c7c8688653c0707812e6c0a3a0366b1acb5271a662d17221bb
game/citadel/materials/dev/reflectivity_30.vmat_c	3944	citadel-runtime-and-assets	same-name-current-deadlock-vpk-member-listed	game/citadel/pak01_dir.vpk!materials/dev/reflectivity_30.vmat_c	1422456/9192361732058507254	bec32fe1b4017a32622c1eb220268fc16b52a00199448cb84e30d46dc06057e2
game/citadel/materials/dev/reflectivity_30b.vmat_c	3944	citadel-runtime-and-assets	same-name-current-deadlock-vpk-member-listed	game/citadel/pak01_dir.vpk!materials/dev/reflectivity_30b.vmat_c	1422456/9192361732058507254	7385d1a1cddb0b44f0a16f2d1b5353bfa5643f4c3855bc171153f3a989a80282
game/citadel/materials/dev/reflectivity_40.vmat_c	3944	citadel-runtime-and-assets	same-name-current-deadlock-vpk-member-listed	game/citadel/pak01_dir.vpk!materials/dev/reflectivity_40.vmat_c	1422456/9192361732058507254	eaf4847c11b0616a9442937ba183da737cfa332d2476dc5982ed593c1874045b
game/citadel/materials/dev/reflectivity_40b.vmat_c	3944	citadel-runtime-and-assets	same-name-current-deadlock-vpk-member-listed	game/citadel/pak01_dir.vpk!materials/dev/reflectivity_40b.vmat_c	1422456/9192361732058507254	d050a0d3b419d61335e1da612f071302371086c72766c429987b4a953f5e167a
game/citadel/materials/dev/reflectivity_50.vmat_c	3944	citadel-runtime-and-assets	same-name-current-deadlock-vpk-member-listed	game/citadel/pak01_dir.vpk!materials/dev/reflectivity_50.vmat_c	1422456/9192361732058507254	c16aa3b02b9ac4b422a2bbf42eb2c19fa3912acd793263190511057a5eb2aed7
game/citadel/materials/dev/reflectivity_50b.vmat_c	3944	citadel-runtime-and-assets	same-name-current-deadlock-vpk-member-listed	game/citadel/pak01_dir.vpk!materials/dev/reflectivity_50b.vmat_c	1422456/9192361732058507254	2c06c5e3f72277b7b05d48140b7bc8ed1f69a521a59bab41c24176324c6f225c
game/citadel/materials/dev/reflectivity_60.vmat_c	3944	citadel-runtime-and-assets	same-name-current-deadlock-vpk-member-listed	game/citadel/pak01_dir.vpk!materials/dev/reflectivity_60.vmat_c	1422456/9192361732058507254	1eb353e351c6ed6ccafe6c85c0a6ac2880132d56da469488847243e129d56cf7
game/citadel/materials/dev/reflectivity_60b.vmat_c	3944	citadel-runtime-and-assets	same-name-current-deadlock-vpk-member-listed	game/citadel/pak01_dir.vpk!materials/dev/reflectivity_60b.vmat_c	1422456/9192361732058507254	952bb8fddd5eb128accb0879fe1bfaa57201a53c9c1ea0c36d5497a529c83d0e
game/citadel/materials/dev/reflectivity_70.vmat_c	3944	citadel-runtime-and-assets	same-name-current-deadlock-vpk-member-listed	game/citadel/pak01_dir.vpk!materials/dev/reflectivity_70.vmat_c	1422456/9192361732058507254	db3071852d879dba3fd39a2acced020ca52336e75917db7f1626e3bc1f592034
game/citadel/materials/dev/reflectivity_70b.vmat_c	3944	citadel-runtime-and-assets	same-name-current-deadlock-vpk-member-listed	game/citadel/pak01_dir.vpk!materials/dev/reflectivity_70b.vmat_c	1422456/9192361732058507254	19f4c2088d632145dcf937ec891441ac1796d203b69445ff4c38bc5bbe211424
game/citadel/materials/dev/reflectivity_80.vmat_c	3944	citadel-runtime-and-assets	same-name-current-deadlock-vpk-member-listed	game/citadel/pak01_dir.vpk!materials/dev/reflectivity_80.vmat_c	1422456/9192361732058507254	80fbd812d7f46b2454d9a77d1ee89a92f467a60f91d0d14418c7c9d920820b4d
game/citadel/materials/dev/reflectivity_80b.vmat_c	3944	citadel-runtime-and-assets	same-name-current-deadlock-vpk-member-listed	game/citadel/pak01_dir.vpk!materials/dev/reflectivity_80b.vmat_c	1422456/9192361732058507254	fe4060e546b788e5b251bc96bc872fc8a2597dfe4e39567fc46e1b72cb1b37d9
game/citadel/materials/dev/reflectivity_90.vmat_c	3976	citadel-runtime-and-assets	same-name-current-deadlock-vpk-member-listed	game/citadel/pak01_dir.vpk!materials/dev/reflectivity_90.vmat_c	1422456/9192361732058507254	d8dd6783460593429772616a3207131cc9a5bac3c49fc7bdec6c234ab2d70040
game/citadel/materials/dev/reflectivity_90b.vmat_c	3944	citadel-runtime-and-assets	same-name-current-deadlock-vpk-member-listed	game/citadel/pak01_dir.vpk!materials/dev/reflectivity_90b.vmat_c	1422456/9192361732058507254	1362acdad09c204ae031cdaf58087a2366a2da0fa2e27210ba8303ccc3c8d722
game/citadel/materials/dev/right.vmat_c	4264	citadel-runtime-and-assets	same-name-current-deadlock-vpk-member-listed	game/citadel/pak01_dir.vpk!materials/dev/right.vmat_c	1422456/9192361732058507254	c31e0c1f612458462c1861d4bfda97aefd78f918d15fc012bc51ac6f97a5ab03
game/citadel/materials/dev/roomwalls_white.vmat_c	4408	citadel-runtime-and-assets	same-name-current-deadlock-vpk-member-listed	game/citadel/pak01_dir.vpk!materials/dev/roomwalls_white.vmat_c	1422456/9192361732058507254	c87e249cab4b277156e14d4d5134c3b487a4dfd173fd24cc782372660dd81a9b
game/citadel/materials/dev/satin_metal.vmat_c	4248	citadel-runtime-and-assets	same-name-current-deadlock-vpk-member-listed	game/citadel/pak01_dir.vpk!materials/dev/satin_metal.vmat_c	1422456/9192361732058507254	05c88e988cf907b67fb7de24044d42fb808fa74b5f521abe5be0caa3b2d60d44
game/citadel/materials/dev/satin_metal_boxghost.vmat_c	4424	citadel-runtime-and-assets	same-name-current-deadlock-vpk-member-listed	game/citadel/pak01_dir.vpk!materials/dev/satin_metal_boxghost.vmat_c	1422456/9192361732058507254	1a0683caebb91ec8ffa831cd1735bf5598ac6bdb623eca3157f604e38fd3e7f1
game/citadel/materials/dev/selection_outlines.vmat_c	1206	citadel-runtime-and-assets	no-current-path-match-in-checked-sources			43a6b81c023a03a272b32c2bcdce47182181e0d55d91c3bfd04a13cd7ac009fb
game/citadel/materials/dev/specular_sphere.vmat_c	3768	citadel-runtime-and-assets	same-name-current-deadlock-vpk-member-listed	game/citadel/pak01_dir.vpk!materials/dev/specular_sphere.vmat_c	1422456/9192361732058507254	5affe75b0b2d69d0835d3a0c6254fe5f687a1a0e9570eb022dbac45e2b4bbd17
game/citadel/materials/dev/stainless.vmat_c	4024	citadel-runtime-and-assets	same-name-current-deadlock-vpk-member-listed	game/citadel/pak01_dir.vpk!materials/dev/stainless.vmat_c	1422456/9192361732058507254	00bf81d56872be701214cb29496a3ad789661f1b1c1ad7bed74086580c0a1b30
game/citadel/materials/dev/tire.vmat_c	4152	citadel-runtime-and-assets	same-name-current-deadlock-vpk-member-listed	game/citadel/pak01_dir.vpk!materials/dev/tire.vmat_c	1422456/9192361732058507254	bcddfd274aa6886e1359009ada952148cc728f19d5dd616872e0eef4c69d2c99
game/citadel/materials/dev/tools_clearcolor.vmat_c	1190	citadel-runtime-and-assets	no-current-path-match-in-checked-sources			506f6e180b992232c6cece36598baba0ee1e96941bf99a78fb73604dc6fc77c6
game/citadel/materials/dev/top.vmat_c	4264	citadel-runtime-and-assets	same-name-current-deadlock-vpk-member-listed	game/citadel/pak01_dir.vpk!materials/dev/top.vmat_c	1422456/9192361732058507254	af230584208aa5c84435b33824eeb1d4e355c037af05a732d2782aff2e8fa6d9
game/citadel/materials/dev/vertcolor_gradient_glow.vmat_c	4731	citadel-runtime-and-assets	same-name-current-deadlock-vpk-member-listed	game/citadel/pak01_dir.vpk!materials/dev/vertcolor_gradient_glow.vmat_c	1422456/9192361732058507254	d2b78b802191245988b2875dab2eb3118fd8bc5e872ee5243b7cdb6fcfaf118d
game/citadel/materials/dev/vertcolor_pbr_basic.vmat_c	5339	citadel-runtime-and-assets	same-name-current-deadlock-vpk-member-listed	game/citadel/pak01_dir.vpk!materials/dev/vertcolor_pbr_basic.vmat_c	1422456/9192361732058507254	f3624571f66b7cc902d695b9f56dae948df08c289c8ca961a920567dc102bd57
game/citadel/materials/dev/vertcolor_pbr_basic_vmat_g_ttintmaskrimlightmask_4c581a98.vtex_c	2032	citadel-runtime-and-assets	no-current-path-match-in-checked-sources			1c537389610c823613e0e62979850b5ccc9673f4b40f576d45266455bd9d14b7
game/citadel/materials/dev/vertcolor_pbr_metal.vmat_c	4939	citadel-runtime-and-assets	same-name-current-deadlock-vpk-member-listed	game/citadel/pak01_dir.vpk!materials/dev/vertcolor_pbr_metal.vmat_c	1422456/9192361732058507254	20393e3ddc6f40e7086b6bfb91d1160fd0521d0492a75ac36fb23972747f5066
game/citadel/materials/dev/white_paint.vmat_c	4040	citadel-runtime-and-assets	same-name-current-deadlock-vpk-member-listed	game/citadel/pak01_dir.vpk!materials/dev/white_paint.vmat_c	1422456/9192361732058507254	001045d1801c254015eab956e482f3be3f862d6bb29a942bf5827daca589a5cd
game/citadel/materials/dev/wood.vmat_c	3976	citadel-runtime-and-assets	same-name-current-deadlock-vpk-member-listed	game/citadel/pak01_dir.vpk!materials/dev/wood.vmat_c	1422456/9192361732058507254	aa41eac092502aa7de82a86228e33b50975e20d113be27d76a2aa9d5c598f67a
game/citadel/materials/dev/worn_asphalt.vmat_c	4088	citadel-runtime-and-assets	same-name-current-deadlock-vpk-member-listed	game/citadel/pak01_dir.vpk!materials/dev/worn_asphalt.vmat_c	1422456/9192361732058507254	b89b6f13b5d82be8831ad3731f8fd884866268faf7e3064339e4372aee1d0708
game/citadel/materials/dev/zipline2.vmat_c	2700	citadel-runtime-and-assets	same-name-current-deadlock-vpk-member-listed	game/citadel/pak01_dir.vpk!materials/dev/zipline2.vmat_c	1422456/9192361732058507254	ac450307fcc007ce537e4f433fde8e4b54e5f0af948c8231f2ffb07feabefcc1
game/citadel/materials/dev/zipline2_vmat_g_tcolor_b0010662.vtex_c	2256	citadel-runtime-and-assets	no-current-path-match-in-checked-sources			5c0bc6a2ca1809f9e8b0708f10ee3a65d162430e1104532b5dfc796528831c60
game/citadel/materials/dev/zipline_inner_rope.vmat_c	2204	citadel-runtime-and-assets	same-name-current-deadlock-vpk-member-listed	game/citadel/pak01_dir.vpk!materials/dev/zipline_inner_rope.vmat_c	1422456/9192361732058507254	bc62cce812570a41a8c97cb2278f55d693b44fc354021fd1026327ddbd05be24
game/citadel/materials/dev/zipline_inner_secondary_rope.vmat_c	2220	citadel-runtime-and-assets	same-name-current-deadlock-vpk-member-listed	game/citadel/pak01_dir.vpk!materials/dev/zipline_inner_secondary_rope.vmat_c	1422456/9192361732058507254	9b8f2904b121ea82806196cc31093208dfbc39c525f28097cc6bdaaacefc5bfd
game/citadel/materials/dev/zipline_outer_glow.vmat_c	2220	citadel-runtime-and-assets	same-name-current-deadlock-vpk-member-listed	game/citadel/pak01_dir.vpk!materials/dev/zipline_outer_glow.vmat_c	1422456/9192361732058507254	30ecab731e99a4d8fabebfa0caf8ae10b36e98c4b3335229487d4f1c1610034b
game/citadel/materials/editor/env_cubemap_model.vmat_c	4264	citadel-runtime-and-assets	same-name-current-deadlock-vpk-member-listed	game/citadel/pak01_dir.vpk!materials/editor/env_cubemap_model.vmat_c	1422456/9192361732058507254	f5cbe489641c27fe02d0bc4f2509e675aa6f37be3591d6d249d65acd89afe878
game/citadel/materials/editor/neutral_camp_marker.vmat_c	4568	citadel-runtime-and-assets	same-name-current-deadlock-vpk-member-listed	game/citadel/pak01_dir.vpk!materials/editor/neutral_camp_marker.vmat_c	1422456/9192361732058507254	3d5d11b59b6ae03918b6c8faa4d831b8df071ec701cbe42381365c9bea780d08
game/citadel/materials/editor/sky_default_grey.vmat_c	2188	citadel-runtime-and-assets	no-current-path-match-in-checked-sources			0e45387f33c688efdac1dd779b1240584aa68eff3de667563a495c33662b2a9f
game/citadel/materials/editor/sky_default_grey_exr_98c96aa_png_96388136.vtex_c	2098296	citadel-runtime-and-assets	no-current-path-match-in-checked-sources			60ce1fcc5738da9cca9a6b3045bdd99412247aa83d1ae44e2300c6309c06bd71
game/citadel/materials/editor/sky_default_grey_png_f34190be.vtex_c	2098296	citadel-runtime-and-assets	no-current-path-match-in-checked-sources			5ca4cdef5ce90d1b1e563b708610b671693fd24270840752327dd7d8eb9b10cb
game/citadel/materials/editor/toolscene_dust2_environment.vmat_c	2332	citadel-runtime-and-assets	no-current-path-match-in-checked-sources			80132d9a1b33e5e6ac0729f1180728163fa3d8cd0d0ad046899aa24a1834ee46
game/citadel/materials/editor/toolscene_lighting_de_dust_cubemap_png_f8b0e316.vtex_c	525448	citadel-runtime-and-assets	no-current-path-match-in-checked-sources			e3a33bc86d576f01fa16a59ef274dbe886faf6aee094326f146542695a71fe13
game/citadel/materials/editor/toolscene_lighting_de_nuke_2_cubemap_png_4ab1f1c1.vtex_c	525448	citadel-runtime-and-assets	no-current-path-match-in-checked-sources			5777ef1cf4d8744942101e8808b8ffb9bef8c12648c2403ee1e1c20647429fba
game/citadel/materials/editor/toolscene_lighting_de_nuke_cubemap_png_1a98c01e.vtex_c	525448	citadel-runtime-and-assets	no-current-path-match-in-checked-sources			754ecf1d185bd2d9d51673d779f6e17ff2d40060b29ff3810301194267965fe1
game/citadel/materials/editor/toolscene_nuke_environment.vmat_c	2268	citadel-runtime-and-assets	no-current-path-match-in-checked-sources			7efda3c05a1e69e4efe03e67e734579399332d4cfe60a991b2462a457e21726a
game/citadel/materials/editor/toolscene_nuke_environment_2.vmat_c	2284	citadel-runtime-and-assets	no-current-path-match-in-checked-sources			a766c6b1fcb62c6ca34fc0e0fe16512f2f238b0f28fef9214d917b815af9b024
game/citadel/materials/effects/candle_flame_01.vmat_c	4989	citadel-runtime-and-assets	same-name-current-deadlock-vpk-member-listed	game/citadel/pak01_dir.vpk!materials/effects/candle_flame_01.vmat_c	1422456/9192361732058507254	29095c742867364b30481dcf4518b1e7c4e6b8bb90206bbc562e9b25cda122e7
game/citadel/materials/effects/cosmic_veil.vmat_c	4520	citadel-runtime-and-assets	same-name-current-deadlock-vpk-member-listed	game/citadel/pak01_dir.vpk!materials/effects/cosmic_veil.vmat_c	1422456/9192361732058507254	8fd364a7683a7a128fef1eed86deb26c87c97d10984b2ff7ce8e94e1e375c0d1
game/citadel/materials/effects/fire_cloud1.vmat_c	4024	citadel-runtime-and-assets	same-name-current-deadlock-vpk-member-listed	game/citadel/pak01_dir.vpk!materials/effects/fire_cloud1.vmat_c	1422456/9192361732058507254	719dd23b4dbc2ff799bb62973b6e00989d561561943539cf7d132c07e0349232
game/citadel/materials/effects/fire_embers3.vmat_c	4024	citadel-runtime-and-assets	same-name-current-deadlock-vpk-member-listed	game/citadel/pak01_dir.vpk!materials/effects/fire_embers3.vmat_c	1422456/9192361732058507254	5cce13631b71ba1b529f845184ad4fe1872cbdaa2c16560715063359ee4a36f9
game/citadel/materials/effects/glow_radial.vmat_c	4168	citadel-runtime-and-assets	same-name-current-deadlock-vpk-member-listed	game/citadel/pak01_dir.vpk!materials/effects/glow_radial.vmat_c	1422456/9192361732058507254	92c099a333714fd94676dfa6c4c670368f2a9fa6c54daf189268af226786ea53
game/citadel/materials/effects/laser1.vmat_c	4008	citadel-runtime-and-assets	same-name-current-deadlock-vpk-member-listed	game/citadel/pak01_dir.vpk!materials/effects/laser1.vmat_c	1422456/9192361732058507254	95567552feb5451ee2bcadfb0d37adf8dda867914b7ca5a5ec64221874930ab1
game/citadel/materials/effects/laser1_noz.vmat_c	4008	citadel-runtime-and-assets	same-name-current-deadlock-vpk-member-listed	game/citadel/pak01_dir.vpk!materials/effects/laser1_noz.vmat_c	1422456/9192361732058507254	ab718b6006772f6053993802e69391b570b3ec73e28ccd52d7dd19460740a5f3
game/citadel/materials/effects/muzzleflashx.vmat_c	3832	citadel-runtime-and-assets	same-name-current-deadlock-vpk-member-listed	game/citadel/pak01_dir.vpk!materials/effects/muzzleflashx.vmat_c	1422456/9192361732058507254	52a8397da98c06e6c365e56aeff52cc6e4e17a8874cf6843f45e6772b4d0149d
game/citadel/materials/effects/slime1.vmat_c	3992	citadel-runtime-and-assets	same-name-current-deadlock-vpk-member-listed	game/citadel/pak01_dir.vpk!materials/effects/slime1.vmat_c	1422456/9192361732058507254	052b27e04c7da79edd7e4a48b60bcb21954def71dcbc4feb273f734d532bbaa0
game/citadel/materials/effects/smoke_01.vmat_c	4937	citadel-runtime-and-assets	same-name-current-deadlock-vpk-member-listed	game/citadel/pak01_dir.vpk!materials/effects/smoke_01.vmat_c	1422456/9192361732058507254	eefc9a358bcc0d7de8f8a28bf76d86d8b2cb707886c12707b11c697d92ffcfe4
game/citadel/materials/effects/splash3.vmat_c	4024	citadel-runtime-and-assets	same-name-current-deadlock-vpk-member-listed	game/citadel/pak01_dir.vpk!materials/effects/splash3.vmat_c	1422456/9192361732058507254	b5d4bc5af1dac923eeb33240885b24c66a9c7e17ef0fb3603ec46fddd46abd25
game/citadel/materials/effects/splashwake1.vmat_c	4024	citadel-runtime-and-assets	same-name-current-deadlock-vpk-member-listed	game/citadel/pak01_dir.vpk!materials/effects/splashwake1.vmat_c	1422456/9192361732058507254	98a545facd132db62e8cd21648bbadbccfbd64c14544698353951ea2a6e6acfe
game/citadel/materials/effects/steam_mist_01.vmat_c	4937	citadel-runtime-and-assets	same-name-current-deadlock-vpk-member-listed	game/citadel/pak01_dir.vpk!materials/effects/steam_mist_01.vmat_c	1422456/9192361732058507254	6379b293efa1adc0300c2e21f16100e2b9e9f65614bd529d719a58a4b639678f
game/citadel/materials/effects/yellowflare.vmat_c	3816	citadel-runtime-and-assets	same-name-current-deadlock-vpk-member-listed	game/citadel/pak01_dir.vpk!materials/effects/yellowflare.vmat_c	1422456/9192361732058507254	ff681219cf860cbc0a5e1dcdf2285a8e4bcdf2c4eaf1638cd5c111debffba14c
game/citadel/materials/effects/yellowflare_noz.vmat_c	3832	citadel-runtime-and-assets	same-name-current-deadlock-vpk-member-listed	game/citadel/pak01_dir.vpk!materials/effects/yellowflare_noz.vmat_c	1422456/9192361732058507254	3e0f13dec6adad46c98915b29201fcc03acb52329cf95dcdafad053eb4f12da0
game/citadel/materials/megascans/metal_painted_01/metal_painted_01_color_png_9eb9a630.vtex_c	1400260	citadel-runtime-and-assets	no-current-path-match-in-checked-sources			f311672e38f06135dbcd7ef748ff10656873d6d91d00e8532c9061659d8fde7d
game/citadel/materials/megascans/metal_painted_01/metal_painted_01_mask_png_7dcda890.vtex_c	701148	citadel-runtime-and-assets	no-current-path-match-in-checked-sources			ef969db82155f1f6a9a3ee8e6cd00bf1e3e9714e695aac43fbfa93e6d4a27868
game/citadel/materials/megascans/metal_painted_01/metal_painted_01_normal_png_e7702d51.vtex_c	1400276	citadel-runtime-and-assets	no-current-path-match-in-checked-sources			b248a0ef8fe426bb390df1e969585b52d48c2db632ffc0a90b03142c33e26153
game/citadel/materials/particle/abilities/abrams/abrams_leap_ground_impact_hot_projected.vmat_c	3207	citadel-runtime-and-assets	same-name-current-deadlock-vpk-member-listed	game/citadel/pak01_dir.vpk!materials/particle/abilities/abrams/abrams_leap_ground_impact_hot_projected.vmat_c	1422456/9192361732058507254	89a0b7126f0e52fe953b0d14b3f17bf5d93f1d0796e2b87c22cf2d7d2e412466
game/citadel/materials/particle/abilities/abrams/abrams_leap_ground_impact_hot_symbol_projected.vmat_c	3495	citadel-runtime-and-assets	same-name-current-deadlock-vpk-member-listed	game/citadel/pak01_dir.vpk!materials/particle/abilities/abrams/abrams_leap_ground_impact_hot_symbol_projected.vmat_c	1422456/9192361732058507254	0a10e50f65ef46afa185a8a12b08864686d97d97626b01814cb0bd97ce24ef34
game/citadel/materials/particle/abilities/abrams/abrams_leap_ground_impact_projected.vmat_c	3287	citadel-runtime-and-assets	same-name-current-deadlock-vpk-member-listed	game/citadel/pak01_dir.vpk!materials/particle/abilities/abrams/abrams_leap_ground_impact_projected.vmat_c	1422456/9192361732058507254	4e8471a0315da2a342df604255807bf1eafd963c41cb27a485caa6da252d5587
game/citadel/materials/particle/abilities/abrams/abrams_siphon_ground_trans_psd_aa225f95.vtex_c	351652	citadel-runtime-and-assets	same-name-current-deadlock-vpk-member-listed	game/citadel/pak01_dir.vpk!materials/particle/abilities/abrams/abrams_siphon_ground_trans_psd_aa225f95.vtex_c	1422456/9192361732058507254	d3a1f5bc218052f39c43926965a5b3ac1a1e538150d4b25e00e6f7cc685c777e
game/citadel/materials/particle/abilities/abrams/abrams_siphon_life_book_sphere.vmat_c	5736	citadel-runtime-and-assets	same-name-current-deadlock-vpk-member-listed	game/citadel/pak01_dir.vpk!materials/particle/abilities/abrams/abrams_siphon_life_book_sphere.vmat_c	1422456/9192361732058507254	91ce6e4bb05b357aa878c5374968e7401bcfffea1234b35d9a23267dec26fbfe
game/citadel/materials/particle/abilities/abrams/abrams_siphon_life_book_sphere_vmat_g_tmetalness_dd179f98.vtex_c	2024	citadel-runtime-and-assets	no-current-path-match-in-checked-sources			8bae0b0f96637bde1004419942966378c4cc588ba6b901cfac654028cb99c37a
game/citadel/materials/particle/abilities/archer/archer_charged_shot.vmat_c	5624	citadel-runtime-and-assets	same-name-current-deadlock-vpk-member-listed	game/citadel/pak01_dir.vpk!materials/particle/abilities/archer/archer_charged_shot.vmat_c	1422456/9192361732058507254	6bfb79ed43f896d205c8886c8acbe6ff3f7ecc5a9444225908b61ac7a634fd2e
game/citadel/materials/particle/abilities/archer/archer_charged_shot_showcase.vmat_c	5576	citadel-runtime-and-assets	same-name-current-deadlock-vpk-member-listed	game/citadel/pak01_dir.vpk!materials/particle/abilities/archer/archer_charged_shot_showcase.vmat_c	1422456/9192361732058507254	b87625ca7f32a60b732eb5f6c65c094db738c63f804351a0eeb664b1e73f8afe
game/citadel/materials/particle/abilities/archer/archer_charged_shot_showcase_vmat_g_tmetalness_dd179f98.vtex_c	2024	citadel-runtime-and-assets	no-current-path-match-in-checked-sources			8bae0b0f96637bde1004419942966378c4cc588ba6b901cfac654028cb99c37a
game/citadel/materials/particle/abilities/archer/archer_charged_shot_v2.vmat_c	5656	citadel-runtime-and-assets	same-name-current-deadlock-vpk-member-listed	game/citadel/pak01_dir.vpk!materials/particle/abilities/archer/archer_charged_shot_v2.vmat_c	1422456/9192361732058507254	1414dbeb2c0f7be84d3fd161e0803562c818fc8700e6301b30bb83ceffac3f9d
game/citadel/materials/particle/abilities/archer/archer_charged_shot_vmat_g_tmetalness_dd179f98.vtex_c	2024	citadel-runtime-and-assets	no-current-path-match-in-checked-sources			8bae0b0f96637bde1004419942966378c4cc588ba6b901cfac654028cb99c37a
game/citadel/materials/particle/abilities/archer_guided_arrow_explosion_sphere.vmat_c	5336	citadel-runtime-and-assets	same-name-current-deadlock-vpk-member-listed	game/citadel/pak01_dir.vpk!materials/particle/abilities/archer_guided_arrow_explosion_sphere.vmat_c	1422456/9192361732058507254	30168194b9c4ecfaef3a31c3558d57812ae9437193d8642cbec7d72fa6dcb062
game/citadel/materials/particle/abilities/bebop/bebop_laser_beam_perimeter_sphere.vmat_c	5128	citadel-runtime-and-assets	same-name-current-deadlock-vpk-member-listed	game/citadel/pak01_dir.vpk!materials/particle/abilities/bebop/bebop_laser_beam_perimeter_sphere.vmat_c	1422456/9192361732058507254	164534f55662327d4bdeee188af92b6918706c4f22bfa861596f95da8b42f2db
game/citadel/materials/particle/abilities/bookworm/bookworm_projectile_self_illum.vmat_c	4536	citadel-runtime-and-assets	same-name-current-deadlock-vpk-member-listed	game/citadel/pak01_dir.vpk!materials/particle/abilities/bookworm/bookworm_projectile_self_illum.vmat_c	1422456/9192361732058507254	db6d21141d3fc264626199e9e9e8557bef6c6948adac975dc93a32b58c92436f
game/citadel/materials/particle/abilities/bull/bull_charge_leading_edge.vmat_c	5528	citadel-runtime-and-assets	same-name-current-deadlock-vpk-member-listed	game/citadel/pak01_dir.vpk!materials/particle/abilities/bull/bull_charge_leading_edge.vmat_c	1422456/9192361732058507254	e42d0d9065d8684a4e01ad0220b5f258148c62db543df1db60898cda4848616e
game/citadel/materials/particle/abilities/bull/bull_charge_leading_edge_core.vmat_c	5672	citadel-runtime-and-assets	same-name-current-deadlock-vpk-member-listed	game/citadel/pak01_dir.vpk!materials/particle/abilities/bull/bull_charge_leading_edge_core.vmat_c	1422456/9192361732058507254	41d7d53dd7eee53c5939a37e0d7152854b79c635ed4a5fd435ac0367827fd99c
game/citadel/materials/particle/abilities/chrono/chrono_time_bomb_edge.vmat_c	5656	citadel-runtime-and-assets	same-name-current-deadlock-vpk-member-listed	game/citadel/pak01_dir.vpk!materials/particle/abilities/chrono/chrono_time_bomb_edge.vmat_c	1422456/9192361732058507254	7f57906fda02ae517526d4c4b792d723133a7f64d75425e0f4839c06d207d5fa
game/citadel/materials/particle/abilities/chrono/chrono_time_bomb_gear.vtex_c	351760	citadel-runtime-and-assets	same-name-current-deadlock-vpk-member-listed	game/citadel/pak01_dir.vpk!materials/particle/abilities/chrono/chrono_time_bomb_gear.vtex_c	1422456/9192361732058507254	f6ddbadbcc203bdd66a7ce86bbc745b52fbcfdfaabb7f681c28bf3f45cdd81fa
game/citadel/materials/particle/abilities/chrono/chrono_time_bomb_projected_trans_psd_a2bf6892.vtex_c	1400196	citadel-runtime-and-assets	same-name-current-deadlock-vpk-member-listed	game/citadel/pak01_dir.vpk!materials/particle/abilities/chrono/chrono_time_bomb_projected_trans_psd_a2bf6892.vtex_c	1422456/9192361732058507254	91f7c7ef225972869150fa535688cf836c29d5be35471643f6907ace154f88c4
game/citadel/materials/particle/abilities/chrono/chrono_time_bomb_sphere.vmat_c	5000	citadel-runtime-and-assets	same-name-current-deadlock-vpk-member-listed	game/citadel/pak01_dir.vpk!materials/particle/abilities/chrono/chrono_time_bomb_sphere.vmat_c	1422456/9192361732058507254	dc9c205b52093b5341e6a9e6b5365255454b5de4aa71844675f470aafc6aacd3
game/citadel/materials/particle/abilities/chrono_time_bomb_ground_projected.vmat_c	3239	citadel-runtime-and-assets	same-name-current-deadlock-vpk-member-listed	game/citadel/pak01_dir.vpk!materials/particle/abilities/chrono_time_bomb_ground_projected.vmat_c	1422456/9192361732058507254	ed92946385e7316c5fd1e362e4deee7e56ba9bec6f3975480b92746b904445a7
game/citadel/materials/particle/abilities/digger/digger_burrow_explode_ground_crack_projected.vmat_c	3351	citadel-runtime-and-assets	same-name-current-deadlock-vpk-member-listed	game/citadel/pak01_dir.vpk!materials/particle/abilities/digger/digger_burrow_explode_ground_crack_projected.vmat_c	1422456/9192361732058507254	49e9b209a1b0e60ccb3c8338218cc6b6a69af4d245e0653d818ab9fb4c670d5b
game/citadel/materials/particle/abilities/digger/digger_scorn_sphere.vmat_c	5736	citadel-runtime-and-assets	same-name-current-deadlock-vpk-member-listed	game/citadel/pak01_dir.vpk!materials/particle/abilities/digger/digger_scorn_sphere.vmat_c	1422456/9192361732058507254	c3e43ad53cf3ff4a9949b385c51ce7aaf8671194e1a69e3062c3a7d5259e9956
game/citadel/materials/particle/abilities/digger/digger_scorn_sphere_vmat_g_tmetalness_dd179f98.vtex_c	2024	citadel-runtime-and-assets	no-current-path-match-in-checked-sources			8bae0b0f96637bde1004419942966378c4cc588ba6b901cfac654028cb99c37a
game/citadel/materials/particle/abilities/digger/digger_tracer_alt_explosion.vmat_c	5704	citadel-runtime-and-assets	same-name-current-deadlock-vpk-member-listed	game/citadel/pak01_dir.vpk!materials/particle/abilities/digger/digger_tracer_alt_explosion.vmat_c	1422456/9192361732058507254	b0e2ee8eeb6eace449ec0006bad9cdbb182e3c5565de7bed11eed94a368b04bf
game/citadel/materials/particle/abilities/energy_sphere_scroll.vmat_c	5688	citadel-runtime-and-assets	same-name-current-deadlock-vpk-member-listed	game/citadel/pak01_dir.vpk!materials/particle/abilities/energy_sphere_scroll.vmat_c	1422456/9192361732058507254	0180b73e757a993562191f5e6ac4038adddc56fd6251acbbc6234851018cb852
game/citadel/materials/particle/abilities/fathom/fathom_fish_chunks.vmat_c	4216	citadel-runtime-and-assets	same-name-current-deadlock-vpk-member-listed	game/citadel/pak01_dir.vpk!materials/particle/abilities/fathom/fathom_fish_chunks.vmat_c	1422456/9192361732058507254	2e55aae3c0400f022307a6f48b4d40de876f99ca072da5c3ec10e60bd3ace6bd
game/citadel/materials/particle/abilities/fathom/fathom_slow_blob.vmat_c	4732	citadel-runtime-and-assets	same-name-current-deadlock-vpk-member-listed	game/citadel/pak01_dir.vpk!materials/particle/abilities/fathom/fathom_slow_blob.vmat_c	1422456/9192361732058507254	0835c39419cf9deebb69338bd2db525a98cbc2adaea45c2e4111248a9d5c84b9
game/citadel/materials/particle/abilities/fathom/fathom_ult_projectile.vmat_c	5612	citadel-runtime-and-assets	same-name-current-deadlock-vpk-member-listed	game/citadel/pak01_dir.vpk!materials/particle/abilities/fathom/fathom_ult_projectile.vmat_c	1422456/9192361732058507254	eef2cbf7a32b6b0010ffad7fb5afa340c9613009cf24d699a9e0db2c4aff178f
game/citadel/materials/particle/abilities/ghost/ghost_blood_bomb_explode_model.vmat_c	5784	citadel-runtime-and-assets	same-name-current-deadlock-vpk-member-listed	game/citadel/pak01_dir.vpk!materials/particle/abilities/ghost/ghost_blood_bomb_explode_model.vmat_c	1422456/9192361732058507254	f1f26f2739ff5727f3dc44335d9d1ff9d930515be5a55fe4d3f97f9568598c8d
game/citadel/materials/particle/abilities/ghost/ghost_blood_bomb_explode_model_vmat_g_tmetalness_dd179f98.vtex_c	2024	citadel-runtime-and-assets	no-current-path-match-in-checked-sources			8bae0b0f96637bde1004419942966378c4cc588ba6b901cfac654028cb99c37a
game/citadel/materials/particle/abilities/gigawatt/gigawatt_lighting_ball_model.vmat_c	5256	citadel-runtime-and-assets	same-name-current-deadlock-vpk-member-listed	game/citadel/pak01_dir.vpk!materials/particle/abilities/gigawatt/gigawatt_lighting_ball_model.vmat_c	1422456/9192361732058507254	c9d603b56beb528160a99ced1f6c10ff6ecd5b038d23ea355e8c086fd8b931fa
game/citadel/materials/particle/abilities/magician/magician_bolt.vmat_c	4472	citadel-runtime-and-assets	same-name-current-deadlock-vpk-member-listed	game/citadel/pak01_dir.vpk!materials/particle/abilities/magician/magician_bolt.vmat_c	1422456/9192361732058507254	b53e2ec7ffb05d189a2d0b1962a7fae885f1ab388bcba08e17ffe128a82cc5f4
game/citadel/materials/particle/abilities/magician/magician_bolt_sphere.vmat_c	5736	citadel-runtime-and-assets	same-name-current-deadlock-vpk-member-listed	game/citadel/pak01_dir.vpk!materials/particle/abilities/magician/magician_bolt_sphere.vmat_c	1422456/9192361732058507254	59af4c10bf88f24e9d0da567999ac6855da09e75a622c26cbe2b077c3c3defbe
game/citadel/materials/particle/abilities/mcginnis/mcginnis_turret_ambient_goo.vmat_c	5263	citadel-runtime-and-assets	same-name-current-deadlock-vpk-member-listed	game/citadel/pak01_dir.vpk!materials/particle/abilities/mcginnis/mcginnis_turret_ambient_goo.vmat_c	1422456/9192361732058507254	920b29a9dca65ad199ebd82777720db86157a173dedffa44e5004e55e6c7d51f
game/citadel/materials/particle/abilities/mirage/mirage_bullet_burst_cone_model.vmat_c	5736	citadel-runtime-and-assets	same-name-current-deadlock-vpk-member-listed	game/citadel/pak01_dir.vpk!materials/particle/abilities/mirage/mirage_bullet_burst_cone_model.vmat_c	1422456/9192361732058507254	97684d98b5a449b56a097ffb96732fe6ef90ade55c2385712d90f74daeae4ec9
game/citadel/materials/particle/abilities/mirage/mirage_grenade_tracer_impact_model.vmat_c	5752	citadel-runtime-and-assets	same-name-current-deadlock-vpk-member-listed	game/citadel/pak01_dir.vpk!materials/particle/abilities/mirage/mirage_grenade_tracer_impact_model.vmat_c	1422456/9192361732058507254	6d7235bba7655d0623dbc9ca39c349617ce5b67be47c74704838f7565eb283c5
game/citadel/materials/particle/abilities/mirage/mirage_grenade_tracer_impact_model_vmat_g_tmetalness_dd179f98.vtex_c	2024	citadel-runtime-and-assets	no-current-path-match-in-checked-sources			8bae0b0f96637bde1004419942966378c4cc588ba6b901cfac654028cb99c37a
game/citadel/materials/particle/abilities/mirage/mirage_tornado.vmat_c	4924	citadel-runtime-and-assets	same-name-current-deadlock-vpk-member-listed	game/citadel/pak01_dir.vpk!materials/particle/abilities/mirage/mirage_tornado.vmat_c	1422456/9192361732058507254	2baf6b0f552a625d5bd4bbebb3f31473243b07cc2437300930883980b8770b4e
game/citadel/materials/particle/abilities/mirage/mirage_tornado_inner.vmat_c	5672	citadel-runtime-and-assets	same-name-current-deadlock-vpk-member-listed	game/citadel/pak01_dir.vpk!materials/particle/abilities/mirage/mirage_tornado_inner.vmat_c	1422456/9192361732058507254	de08d7366574998b5c0e60a638faee3d234c631d3503d22be77a7846f26cfba0
game/citadel/materials/particle/abilities/mirage/mirage_whirlwind_buff_outer_tornado.vmat_c	5372	citadel-runtime-and-assets	same-name-current-deadlock-vpk-member-listed	game/citadel/pak01_dir.vpk!materials/particle/abilities/mirage/mirage_whirlwind_buff_outer_tornado.vmat_c	1422456/9192361732058507254	9649b0b16843721499e591a8c1b4810ddc56b193c80d00a669f025119e916358
game/citadel/materials/particle/abilities/mirage/mirage_whirlwind_buff_tornado.vmat_c	5640	citadel-runtime-and-assets	same-name-current-deadlock-vpk-member-listed	game/citadel/pak01_dir.vpk!materials/particle/abilities/mirage/mirage_whirlwind_buff_tornado.vmat_c	1422456/9192361732058507254	1a62c0c25f640a97a09c5408a2051acfbe265b6c5eb66a89b9a0eda81cc8d20e
game/citadel/materials/particle/abilities/nano/nano_bomb_sphere.vmat_c	5704	citadel-runtime-and-assets	same-name-current-deadlock-vpk-member-listed	game/citadel/pak01_dir.vpk!materials/particle/abilities/nano/nano_bomb_sphere.vmat_c	1422456/9192361732058507254	10b4186c513cd3382e7d49a53a7048becbbf74da7de99764fa95381921ec2b24
game/citadel/materials/particle/abilities/nano/nano_cat_tower.vmat_c	4504	citadel-runtime-and-assets	same-name-current-deadlock-vpk-member-listed	game/citadel/pak01_dir.vpk!materials/particle/abilities/nano/nano_cat_tower.vmat_c	1422456/9192361732058507254	0555545e130e624790375bbc238e2e22f0800bc26c173586b7fbfbd5891cb739
game/citadel/materials/particle/abilities/nano/nano_cat_translucent.vmat_c	4856	citadel-runtime-and-assets	same-name-current-deadlock-vpk-member-listed	game/citadel/pak01_dir.vpk!materials/particle/abilities/nano/nano_cat_translucent.vmat_c	1422456/9192361732058507254	f404116c39e927d73740574efd466d56b97a9d9e34f3496e1fd9f63372a45754
game/citadel/materials/particle/abilities/nano/nano_grenade_core_emissive.vmat_c	4552	citadel-runtime-and-assets	same-name-current-deadlock-vpk-member-listed	game/citadel/pak01_dir.vpk!materials/particle/abilities/nano/nano_grenade_core_emissive.vmat_c	1422456/9192361732058507254	368bbfd46170419d32d09266c955fa367fd547e389f89cda7384f2ca5a6e92fd
game/citadel/materials/particle/abilities/nano/nano_ult_aoe_sphere.vmat_c	6024	citadel-runtime-and-assets	same-name-current-deadlock-vpk-member-listed	game/citadel/pak01_dir.vpk!materials/particle/abilities/nano/nano_ult_aoe_sphere.vmat_c	1422456/9192361732058507254	2a91b876c41a08dc7a73937a954cee49396151cf566a251169191ee54bc090d5
game/citadel/materials/particle/abilities/nano/nano_warp_explosion_sphere.vmat_c	5288	citadel-runtime-and-assets	same-name-current-deadlock-vpk-member-listed	game/citadel/pak01_dir.vpk!materials/particle/abilities/nano/nano_warp_explosion_sphere.vmat_c	1422456/9192361732058507254	720f066a440cbeb7f3b1c2bf7ab4b836cdf96cefc004cb9241981ad7ff7920a0
game/citadel/materials/particle/abilities/operative/operative_aoe_sphere.vmat_c	5704	citadel-runtime-and-assets	same-name-current-deadlock-vpk-member-listed	game/citadel/pak01_dir.vpk!materials/particle/abilities/operative/operative_aoe_sphere.vmat_c	1422456/9192361732058507254	f08f3df98b7b411ad604e9171e45dd9261f3c75a0e1ae90e79ddacf67fd5417a
game/citadel/materials/particle/abilities/operative/operative_grenade.vmat_c	4328	citadel-runtime-and-assets	same-name-current-deadlock-vpk-member-listed	game/citadel/pak01_dir.vpk!materials/particle/abilities/operative/operative_grenade.vmat_c	1422456/9192361732058507254	2b9c7849efaf2a4b674e77654a98f519faf1e003fac53e8a8a1ecd016018f094
game/citadel/materials/particle/abilities/operative/operative_umbrella_shot.vmat_c	5688	citadel-runtime-and-assets	same-name-current-deadlock-vpk-member-listed	game/citadel/pak01_dir.vpk!materials/particle/abilities/operative/operative_umbrella_shot.vmat_c	1422456/9192361732058507254	d97995e5946920bc41e97039b4f382188f7198c69d1d1db7d35884b46ee3fdf6
game/citadel/materials/particle/abilities/pestilence_plague_sphere_ring.vmat_c	4616	citadel-runtime-and-assets	same-name-current-deadlock-vpk-member-listed	game/citadel/pak01_dir.vpk!materials/particle/abilities/pestilence_plague_sphere_ring.vmat_c	1422456/9192361732058507254	e17eeccffe27dea7aefaaa53aafc09145377abe5721f3495843201dba656ce00
game/citadel/materials/particle/abilities/pocket/pocket_aoe_sphere.vmat_c	5816	citadel-runtime-and-assets	same-name-current-deadlock-vpk-member-listed	game/citadel/pak01_dir.vpk!materials/particle/abilities/pocket/pocket_aoe_sphere.vmat_c	1422456/9192361732058507254	47efd43d1235efde0e7f5e3ee6b11ff93e2d24899059ca91877d2b66f4957508
game/citadel/materials/particle/abilities/pocket/pocket_aoe_sphere_vmat_g_tmetalness_dd179f98.vtex_c	2024	citadel-runtime-and-assets	no-current-path-match-in-checked-sources			8bae0b0f96637bde1004419942966378c4cc588ba6b901cfac654028cb99c37a
game/citadel/materials/particle/abilities/pocket/pocket_barrage_sphere.vmat_c	5880	citadel-runtime-and-assets	same-name-current-deadlock-vpk-member-listed	game/citadel/pak01_dir.vpk!materials/particle/abilities/pocket/pocket_barrage_sphere.vmat_c	1422456/9192361732058507254	bd6b7b1b8acfa5dfe2b4052dec1fac0b9b2fbf09fad6df10bc223c56c0f90c9c
game/citadel/materials/particle/abilities/pocket/pocket_barrage_sphere_vmat_g_tmetalness_dd179f98.vtex_c	2024	citadel-runtime-and-assets	no-current-path-match-in-checked-sources			8bae0b0f96637bde1004419942966378c4cc588ba6b901cfac654028cb99c37a
game/citadel/materials/particle/abilities/pocket/pocket_flying_cloak_sphere_model.vmat_c	5416	citadel-runtime-and-assets	same-name-current-deadlock-vpk-member-listed	game/citadel/pak01_dir.vpk!materials/particle/abilities/pocket/pocket_flying_cloak_sphere_model.vmat_c	1422456/9192361732058507254	bf9892a3beec0879843d2be9f18ad3a408b1b68eb753e76ec5fc2de19da9508b
game/citadel/materials/particle/abilities/pocket/pocket_magic_missile_illum.vmat_c	4488	citadel-runtime-and-assets	same-name-current-deadlock-vpk-member-listed	game/citadel/pak01_dir.vpk!materials/particle/abilities/pocket/pocket_magic_missile_illum.vmat_c	1422456/9192361732058507254	3b84dd7aa01769612b0f4745546e058018fd2af8283ed107fb72ffe612540f51
game/citadel/materials/particle/abilities/priest/priest_stake_proj_cone.vmat_c	5544	citadel-runtime-and-assets	same-name-current-deadlock-vpk-member-listed	game/citadel/pak01_dir.vpk!materials/particle/abilities/priest/priest_stake_proj_cone.vmat_c	1422456/9192361732058507254	20cba599763dc5695c89e0834b5348c410c35055b65625fea9f409eadda2e6ee
game/citadel/materials/particle/abilities/punkgoat/punkgoat_bomb.vmat_c	4504	citadel-runtime-and-assets	same-name-current-deadlock-vpk-member-listed	game/citadel/pak01_dir.vpk!materials/particle/abilities/punkgoat/punkgoat_bomb.vmat_c	1422456/9192361732058507254	fbc026416b074c4ce652c388aa6a6ed5d68f199b167ca1b0f1d2f1ed5d9cc644
game/citadel/materials/particle/abilities/shiv/shiv_thrown_shiv_glow.vmat_c	4664	citadel-runtime-and-assets	same-name-current-deadlock-vpk-member-listed	game/citadel/pak01_dir.vpk!materials/particle/abilities/shiv/shiv_thrown_shiv_glow.vmat_c	1422456/9192361732058507254	ce93a71cb48cfaadc4e29f51a03b3d4de91a293168a198ba39b900eac25eba9d
game/citadel/materials/particle/abilities/shiv/shiv_transform_bat_explosion_sphere_model.vmat_c	5688	citadel-runtime-and-assets	same-name-current-deadlock-vpk-member-listed	game/citadel/pak01_dir.vpk!materials/particle/abilities/shiv/shiv_transform_bat_explosion_sphere_model.vmat_c	1422456/9192361732058507254	028370e320779f36d26ae33f81e34093c16b92916a7238e706836c4093cc26b0
game/citadel/materials/particle/abilities/shiv/shiv_transform_bat_explosion_sphere_model_vmat_g_tmetalness_dd179f98.vtex_c	2024	citadel-runtime-and-assets	no-current-path-match-in-checked-sources			8bae0b0f96637bde1004419942966378c4cc588ba6b901cfac654028cb99c37a
game/citadel/materials/particle/abilities/shiv/shiv_trophy_model_blood.vmat_c	5660	citadel-runtime-and-assets	same-name-current-deadlock-vpk-member-listed	game/citadel/pak01_dir.vpk!materials/particle/abilities/shiv/shiv_trophy_model_blood.vmat_c	1422456/9192361732058507254	07a2f29ce4bcc54b27495ac4a40589ba4c9224a34c6e82ceff2548ecbcf74796
game/citadel/materials/particle/abilities/skyrunner/skyrunner_magicbeam.vmat_c	4456	citadel-runtime-and-assets	same-name-current-deadlock-vpk-member-listed	game/citadel/pak01_dir.vpk!materials/particle/abilities/skyrunner/skyrunner_magicbeam.vmat_c	1422456/9192361732058507254	6f77e5c294bacd76374d0883ce8d660a7d124e3cc5ad46c56bf9b1840f474f0c
game/citadel/materials/particle/abilities/slork/slork_water_bubble.vmat_c	4764	citadel-runtime-and-assets	same-name-current-deadlock-vpk-member-listed	game/citadel/pak01_dir.vpk!materials/particle/abilities/slork/slork_water_bubble.vmat_c	1422456/9192361732058507254	343681414320febb5fdfd32955fcfb3a866ff643e65fb15a5004d7afdd2057ae
game/citadel/materials/particle/abilities/sumo_singularity_ripple.vmat_c	5528	citadel-runtime-and-assets	same-name-current-deadlock-vpk-member-listed	game/citadel/pak01_dir.vpk!materials/particle/abilities/sumo_singularity_ripple.vmat_c	1422456/9192361732058507254	b0b2714b6abc196b1311e09639dd4d5aeed3f7cd9ebb4cf30200fdaa1c956ea5
game/citadel/materials/particle/abilities/tengu/tengu_airlift_projectile.vmat_c	4264	citadel-runtime-and-assets	same-name-current-deadlock-vpk-member-listed	game/citadel/pak01_dir.vpk!materials/particle/abilities/tengu/tengu_airlift_projectile.vmat_c	1422456/9192361732058507254	21c276ec96db3c733f01676f75e1d62412216e5db293336496e1bc17bb9ff078
game/citadel/materials/particle/abilities/tengu/tengu_airlift_sphere.vmat_c	5736	citadel-runtime-and-assets	same-name-current-deadlock-vpk-member-listed	game/citadel/pak01_dir.vpk!materials/particle/abilities/tengu/tengu_airlift_sphere.vmat_c	1422456/9192361732058507254	5a72c495da7d49ffe34a5c40a1487ec13968ddefd49c398dffbc9d40d4fe3a4b
game/citadel/materials/particle/abilities/tengu/tengu_airlift_sphere_vmat_g_tmetalness_dd179f98.vtex_c	2024	citadel-runtime-and-assets	same-name-current-deadlock-vpk-member-listed	game/citadel/pak01_dir.vpk!materials/particle/abilities/tengu/tengu_airlift_sphere_vmat_g_tmetalness_dd179f98.vtex_c	1422456/9192361732058507254	8bae0b0f96637bde1004419942966378c4cc588ba6b901cfac654028cb99c37a
game/citadel/materials/particle/abilities/tengu/tengu_stone_form_model.vmat_c	5356	citadel-runtime-and-assets	same-name-current-deadlock-vpk-member-listed	game/citadel/pak01_dir.vpk!materials/particle/abilities/tengu/tengu_stone_form_model.vmat_c	1422456/9192361732058507254	608408904b225a35c9a24a9a964f8f44489a924d80ee75fba26290b749c067f9
game/citadel/materials/particle/abilities/tengu/tengu_stone_form_model_vmat_g_tnormalroughness_5dfb4490.vtex_c	2064	citadel-runtime-and-assets	no-current-path-match-in-checked-sources			667ec24c4e627972de2ee54cc5ff9f0fc0c896ded2d6e5ec11b589626783def0
game/citadel/materials/particle/abilities/tengu/tengu_stone_form_model_vmat_g_tsheen_6a945208.vtex_c	1984	citadel-runtime-and-assets	no-current-path-match-in-checked-sources			4a1d18c9c830a01914880446136d2e2cc609c84fa58eae10c1f041044a67283c
game/citadel/materials/particle/abilities/tengu/tengu_stone_form_model_wings.vmat_c	4732	citadel-runtime-and-assets	same-name-current-deadlock-vpk-member-listed	game/citadel/pak01_dir.vpk!materials/particle/abilities/tengu/tengu_stone_form_model_wings.vmat_c	1422456/9192361732058507254	927a310e8edc279b0ae026f881d9976b80f1a6db8487e73d89e1bd433e30d706
game/citadel/materials/particle/abilities/tengu/tengu_storm_flask_model.vmat_c	5624	citadel-runtime-and-assets	same-name-current-deadlock-vpk-member-listed	game/citadel/pak01_dir.vpk!materials/particle/abilities/tengu/tengu_storm_flask_model.vmat_c	1422456/9192361732058507254	31e4db10d9841d646b3d79cbd2a7cfa7c1c009a511a359985486777eb78eafd3
game/citadel/materials/particle/abilities/tengu/tengu_storm_flask_model_vmat_g_tmetalness_dd179f98.vtex_c	2024	citadel-runtime-and-assets	no-current-path-match-in-checked-sources			8bae0b0f96637bde1004419942966378c4cc588ba6b901cfac654028cb99c37a
game/citadel/materials/particle/abilities/tier3_boss_mine_shield.vmat_c	4552	citadel-runtime-and-assets	same-name-current-deadlock-vpk-member-listed	game/citadel/pak01_dir.vpk!materials/particle/abilities/tier3_boss_mine_shield.vmat_c	1422456/9192361732058507254	e48ad8c97dfbe0be19646da98ad9068778897db0278298e191cef817c2185fa0
game/citadel/materials/particle/abilities/viper/viper_petrify_sphere_explode_model.vmat_c	5688	citadel-runtime-and-assets	same-name-current-deadlock-vpk-member-listed	game/citadel/pak01_dir.vpk!materials/particle/abilities/viper/viper_petrify_sphere_explode_model.vmat_c	1422456/9192361732058507254	dec65d8b2dcc0b95360140f26761e52113410fd92046d23dc413a824a40c97f0
game/citadel/materials/particle/abilities/viscous/viscous_base_projectile.vmat_c	5596	citadel-runtime-and-assets	same-name-current-deadlock-vpk-member-listed	game/citadel/pak01_dir.vpk!materials/particle/abilities/viscous/viscous_base_projectile.vmat_c	1422456/9192361732058507254	290b4f2844db7cb4354b1fe645234af39b14eb8fa237e104b4ee48ff64430e15
game/citadel/materials/particle/abilities/viscous/viscous_goo_charge_projectile.vmat_c	5676	citadel-runtime-and-assets	same-name-current-deadlock-vpk-member-listed	game/citadel/pak01_dir.vpk!materials/particle/abilities/viscous/viscous_goo_charge_projectile.vmat_c	1422456/9192361732058507254	a93109bbdeec2d049322775ec308bd59c284b2032fc0e90f30fe456782302a34
game/citadel/materials/particle/abilities/viscous/viscous_goo_projectile.vmat_c	5548	citadel-runtime-and-assets	same-name-current-deadlock-vpk-member-listed	game/citadel/pak01_dir.vpk!materials/particle/abilities/viscous/viscous_goo_projectile.vmat_c	1422456/9192361732058507254	860c0714377f7561286cbe3ad3b245215f99b280233d1e5ad1264a2c3d54a273
game/citadel/materials/particle/abilities/warden/warden_flask_grenade_sphere.vmat_c	5656	citadel-runtime-and-assets	same-name-current-deadlock-vpk-member-listed	game/citadel/pak01_dir.vpk!materials/particle/abilities/warden/warden_flask_grenade_sphere.vmat_c	1422456/9192361732058507254	b61a3a0b9b03a88d4b06a10c7342fbd47f343acb01322fc6f30e6c7ba7e468a7
game/citadel/materials/particle/abilities/warden/warden_flask_grenade_sphere_vmat_g_tmetalness_dd179f98.vtex_c	2024	citadel-runtime-and-assets	no-current-path-match-in-checked-sources			8bae0b0f96637bde1004419942966378c4cc588ba6b901cfac654028cb99c37a
game/citadel/materials/particle/abilities/warden/warden_ghost.vmat_c	4700	citadel-runtime-and-assets	same-name-current-deadlock-vpk-member-listed	game/citadel/pak01_dir.vpk!materials/particle/abilities/warden/warden_ghost.vmat_c	1422456/9192361732058507254	c43b9c5e6d0bb8b8e96142f989f5b4e7129dd3ae094362368068609c454e1759
game/citadel/materials/particle/abilities/warden/warden_spirit.vmat_c	4600	citadel-runtime-and-assets	same-name-current-deadlock-vpk-member-listed	game/citadel/pak01_dir.vpk!materials/particle/abilities/warden/warden_spirit.vmat_c	1422456/9192361732058507254	09c2b6fa86f845f3c0d9f103e63570243aeed05f830bca421b1645c054a8d3d4
game/citadel/materials/particle/abilities/wraith/wraith_psychic_pulse_sphere.vmat_c	6044	citadel-runtime-and-assets	same-name-current-deadlock-vpk-member-listed	game/citadel/pak01_dir.vpk!materials/particle/abilities/wraith/wraith_psychic_pulse_sphere.vmat_c	1422456/9192361732058507254	74bfe9df253e70590f6c6b625cd48bcb8cf8dc9baee3aceb588763c511b00b16
game/citadel/materials/particle/abilities/wraith/wraith_psychic_pulse_sphere_vmat_g_tmetalness_dd179f98.vtex_c	2024	citadel-runtime-and-assets	no-current-path-match-in-checked-sources			8bae0b0f96637bde1004419942966378c4cc588ba6b901cfac654028cb99c37a
game/citadel/materials/particle/abilities/wraith/wraith_royal_flush_impact_ground_projected.vmat_c	3271	citadel-runtime-and-assets	same-name-current-deadlock-vpk-member-listed	game/citadel/pak01_dir.vpk!materials/particle/abilities/wraith/wraith_royal_flush_impact_ground_projected.vmat_c	1422456/9192361732058507254	3ae22a64ef0c8825c1657806ba8c7a20c8863036127cfdd314354c980121e812
game/citadel/materials/particle/abilities/wrecker/wrecker_garbage_sphere.vmat_c	5736	citadel-runtime-and-assets	same-name-current-deadlock-vpk-member-listed	game/citadel/pak01_dir.vpk!materials/particle/abilities/wrecker/wrecker_garbage_sphere.vmat_c	1422456/9192361732058507254	3bb5fdb23934605c8af6ec121dd8416858a076443ffb4ae34397c30cafd83af6
game/citadel/materials/particle/blobs/inferno_napalm_blob.vmat_c	4264	citadel-runtime-and-assets	same-name-current-deadlock-vpk-member-listed	game/citadel/pak01_dir.vpk!materials/particle/blobs/inferno_napalm_blob.vmat_c	1422456/9192361732058507254	391a7b9e395e64c4cd5263ee2736ddd24da7340c7eea3a5584be3a9ecbb998de
game/citadel/materials/particle/blobs/punkgoat_tar_blob.vmat_c	4216	citadel-runtime-and-assets	same-name-current-deadlock-vpk-member-listed	game/citadel/pak01_dir.vpk!materials/particle/blobs/punkgoat_tar_blob.vmat_c	1422456/9192361732058507254	086eb3ae0b68bbb4ca3baf7f135ab9a38f78678d2c843d92391eb5236b811948
game/citadel/materials/particle/blobs/shiv_trophy_timer_blob.vmat_c	4312	citadel-runtime-and-assets	same-name-current-deadlock-vpk-member-listed	game/citadel/pak01_dir.vpk!materials/particle/blobs/shiv_trophy_timer_blob.vmat_c	1422456/9192361732058507254	c78cdd1f3a60246a12f1d85f87b596e413caa9541556669d9e09006883c5e477
game/citadel/materials/particle/blobs/spirit_sap_blob.vmat_c	5292	citadel-runtime-and-assets	same-name-current-deadlock-vpk-member-listed	game/citadel/pak01_dir.vpk!materials/particle/blobs/spirit_sap_blob.vmat_c	1422456/9192361732058507254	cd1220de0c9ee90c213c0cb47158ab21a25e61b6b8e5599f401409e47c347593
game/citadel/materials/particle/blobs/viscous_blob_transluscent.vmat_c	5272	citadel-runtime-and-assets	same-name-current-deadlock-vpk-member-listed	game/citadel/pak01_dir.vpk!materials/particle/blobs/viscous_blob_transluscent.vmat_c	1422456/9192361732058507254	91ba076bc3192e633f76973d0617a8a2c9abcab90355865bdf13a906c5dbe255
game/citadel/materials/particle/blobs/viscous_debuff_blob.vmat_c	5032	citadel-runtime-and-assets	same-name-current-deadlock-vpk-member-listed	game/citadel/pak01_dir.vpk!materials/particle/blobs/viscous_debuff_blob.vmat_c	1422456/9192361732058507254	b352f3183319176a3b7b7c8aa3c1c0361974e2de6272c637afd01b2597051edf
game/citadel/materials/particle/blobs/viscous_grenade_blob.vmat_c	4952	citadel-runtime-and-assets	same-name-current-deadlock-vpk-member-listed	game/citadel/pak01_dir.vpk!materials/particle/blobs/viscous_grenade_blob.vmat_c	1422456/9192361732058507254	f6bbde76ef38c74741abb9399790ed36fc216562cf7e82c9d4f5b63b79c5691a
game/citadel/materials/particle/blobs/viscous_sprinkler_blob.vmat_c	4936	citadel-runtime-and-assets	same-name-current-deadlock-vpk-member-listed	game/citadel/pak01_dir.vpk!materials/particle/blobs/viscous_sprinkler_blob.vmat_c	1422456/9192361732058507254	301cee2b276d411aa881f81f555b7b12e67f4c32ffc1b7e90a0816a9a05fada5
game/citadel/materials/particle/cables/ivy_vine_cable.vmat_c	2451	citadel-runtime-and-assets	same-name-current-deadlock-vpk-member-listed	game/citadel/pak01_dir.vpk!materials/particle/cables/ivy_vine_cable.vmat_c	1422456/9192361732058507254	e2f29e830392532bcf22dc1858e32f495510fe69c0034439faab383ae1efa992
game/citadel/materials/particle/dirt/ground_decay/ground_decay02_projected.vmat_c	3912	citadel-runtime-and-assets	same-name-current-deadlock-vpk-member-listed	game/citadel/pak01_dir.vpk!materials/particle/dirt/ground_decay/ground_decay02_projected.vmat_c	1422456/9192361732058507254	84804852f74e99ad07ff3e3e93ef1c601604957f4fac69a8237cf304ad0cbc42
game/citadel/materials/particle/environment/soul_jar_summon_tornado_model.vmat_c	5672	citadel-runtime-and-assets	same-name-current-deadlock-vpk-member-listed	game/citadel/pak01_dir.vpk!materials/particle/environment/soul_jar_summon_tornado_model.vmat_c	1422456/9192361732058507254	6f28810c8e62119d4a5f7f3b54f4e957c85be24e7afa0d3615b65375f1953c31
game/citadel/materials/particle/environment/soul_jar_summon_tornado_outer_model.vmat_c	4972	citadel-runtime-and-assets	same-name-current-deadlock-vpk-member-listed	game/citadel/pak01_dir.vpk!materials/particle/environment/soul_jar_summon_tornado_outer_model.vmat_c	1422456/9192361732058507254	85c45d297a5dae1df6d83da97672cfb952e95d50efda20372598cc932acc8ffa
game/citadel/materials/particle/generic/generic_rangefinder_projected.vmat_c	3191	citadel-runtime-and-assets	same-name-current-deadlock-vpk-member-listed	game/citadel/pak01_dir.vpk!materials/particle/generic/generic_rangefinder_projected.vmat_c	1422456/9192361732058507254	e08f9719d29fcabece31920e761c32498d468bac00c3680385b94930be4e2543
game/citadel/materials/particle/generic/generic_sphere_ring.vmat_c	4568	citadel-runtime-and-assets	same-name-current-deadlock-vpk-member-listed	game/citadel/pak01_dir.vpk!materials/particle/generic/generic_sphere_ring.vmat_c	1422456/9192361732058507254	5a1e749e59935e75f77023c405a77a079c43425ff5dd5ae97739db153242bb15
game/citadel/materials/particle/glyphs/deadlock_glyphs.vtex_c	266244	citadel-runtime-and-assets	same-name-current-deadlock-vpk-member-listed	game/citadel/pak01_dir.vpk!materials/particle/glyphs/deadlock_glyphs.vtex_c	1422456/9192361732058507254	bf8fa99d827386aa0567ae89eabb9167a47286548fcf7757efea96fca2f3a629
game/citadel/materials/particle/ground/ground_impact/ground_impact_color_png_7160e1c0.vtex_c	1400368	citadel-runtime-and-assets	same-name-current-deadlock-vpk-member-listed	game/citadel/pak01_dir.vpk!materials/particle/ground/ground_impact/ground_impact_color_png_7160e1c0.vtex_c	1422456/9192361732058507254	6c1f0a66f7c143a40bd7730d0bf77cf3ca2a8e65b3fce79ebbffe2a7cc5a6b47
game/citadel/materials/particle/ground/ground_impact/ground_impact_illum_png_5af19eb5.vtex_c	1400320	citadel-runtime-and-assets	same-name-current-deadlock-vpk-member-listed	game/citadel/pak01_dir.vpk!materials/particle/ground/ground_impact/ground_impact_illum_png_5af19eb5.vtex_c	1422456/9192361732058507254	cf3afdd882560f1250b42f01af4d1d81ee02fb703fc52eb1ea79c6f0dcfe3a9c
game/citadel/materials/particle/ground/ground_impact/ground_impact_illum_png_acf93a7.vtex_c	701240	citadel-runtime-and-assets	same-name-current-deadlock-vpk-member-listed	game/citadel/pak01_dir.vpk!materials/particle/ground/ground_impact/ground_impact_illum_png_acf93a7.vtex_c	1422456/9192361732058507254	b58439670af9d906f4d5fe98bbd1a1614f87539a401150573d91492733e92dcd
game/citadel/materials/particle/ground/ground_impact/ground_impact_illum_png_d06a245c.vtex_c	701240	citadel-runtime-and-assets	same-name-current-deadlock-vpk-member-listed	game/citadel/pak01_dir.vpk!materials/particle/ground/ground_impact/ground_impact_illum_png_d06a245c.vtex_c	1422456/9192361732058507254	005b356677e5a2538ff59a9f26020cd2540b864cc8ffdabd86973a2af3dd6f62
game/citadel/materials/particle/ground/ground_impact/ground_impact_trans_png_57679211.vtex_c	1400320	citadel-runtime-and-assets	same-name-current-deadlock-vpk-member-listed	game/citadel/pak01_dir.vpk!materials/particle/ground/ground_impact/ground_impact_trans_png_57679211.vtex_c	1422456/9192361732058507254	e9ada224beb880f71b9af4ae09c2a7fe1fcdc15abb0e2a4c2ec16ea436d1051a
game/citadel/materials/particle/ground_nature_projected.vmat_c	3239	citadel-runtime-and-assets	same-name-current-deadlock-vpk-member-listed	game/citadel/pak01_dir.vpk!materials/particle/ground_nature_projected.vmat_c	1422456/9192361732058507254	57d7e5bc756725f5363817ca4f5a0e5d0e12bc915bdba7bfeae7f5adfee230fe
game/citadel/materials/particle/ice/ice_sphere.vmat_c	5464	citadel-runtime-and-assets	same-name-current-deadlock-vpk-member-listed	game/citadel/pak01_dir.vpk!materials/particle/ice/ice_sphere.vmat_c	1422456/9192361732058507254	85896bc1ee54e9296fa376970f6c6c1141dd541870bf422b9a36e71a590e75cb
game/citadel/materials/particle/ice/ice_sphere_vmat_g_tmetalness_dd179f98.vtex_c	2024	citadel-runtime-and-assets	no-current-path-match-in-checked-sources			8bae0b0f96637bde1004419942966378c4cc588ba6b901cfac654028cb99c37a
game/citadel/materials/particle/model/anvil_model_fx.vmat_c	4872	citadel-runtime-and-assets	same-name-current-deadlock-vpk-member-listed	game/citadel/pak01_dir.vpk!materials/particle/model/anvil_model_fx.vmat_c	1422456/9192361732058507254	e6b40dd22b4d4ea6243111f31e883ffee7ea1100cf50f7ed4071265218e2329e
game/citadel/materials/particle/model/generic_grey.vmat_c	4312	citadel-runtime-and-assets	same-name-current-deadlock-vpk-member-listed	game/citadel/pak01_dir.vpk!materials/particle/model/generic_grey.vmat_c	1422456/9192361732058507254	b130c44849e69bd1bbb01aa3801eecd0bbb0b2a4535951e534b0c2ab067ce49b
game/citadel/materials/particle/model/octopus_color.vmat_c	4152	citadel-runtime-and-assets	same-name-current-deadlock-vpk-member-listed	game/citadel/pak01_dir.vpk!materials/particle/model/octopus_color.vmat_c	1422456/9192361732058507254	03207fe2a56a958956d00e933424978598963ebcf7ee82478652b4528faed366
game/citadel/materials/particle/model/rejuv_pyramid.vmat_c	5608	citadel-runtime-and-assets	same-name-current-deadlock-vpk-member-listed	game/citadel/pak01_dir.vpk!materials/particle/model/rejuv_pyramid.vmat_c	1422456/9192361732058507254	712d0d554f0b4d16c4a12fd74dc3c2acb30eab3522382b806d1a56d35304ae01
game/citadel/materials/particle/model/rejuv_pyramid_crystal.vmat_c	5000	citadel-runtime-and-assets	same-name-current-deadlock-vpk-member-listed	game/citadel/pak01_dir.vpk!materials/particle/model/rejuv_pyramid_crystal.vmat_c	1422456/9192361732058507254	d8dc0623c9a2617dc02dd6a12ea67c86d8ae97ed3cc3b3c354c46c1b0cb5ba0c
game/citadel/materials/particle/model/rejuv_pyramid_crystal_solid.vmat_c	5048	citadel-runtime-and-assets	same-name-current-deadlock-vpk-member-listed	game/citadel/pak01_dir.vpk!materials/particle/model/rejuv_pyramid_crystal_solid.vmat_c	1422456/9192361732058507254	fcec526b6382193cd71443c326bec14d8c86bb83d30cb677a0b9b4ee6fe666fe
game/citadel/materials/particle/model/rejuv_pyramid_crystal_solid_vmat_g_tglass_49415814.vtex_c	2008	citadel-runtime-and-assets	no-current-path-match-in-checked-sources			e0ae7c1f5bb1d744985e17a6101890142bb021b9add5d2f7a6d973408bc36a84
game/citadel/materials/particle/model/rejuv_pyramid_vmat_g_tmetalness_dd179f98.vtex_c	2024	citadel-runtime-and-assets	no-current-path-match-in-checked-sources			8bae0b0f96637bde1004419942966378c4cc588ba6b901cfac654028cb99c37a
game/citadel/materials/particle/model/self_illum_hot_orange.vmat_c	4216	citadel-runtime-and-assets	same-name-current-deadlock-vpk-member-listed	game/citadel/pak01_dir.vpk!materials/particle/model/self_illum_hot_orange.vmat_c	1422456/9192361732058507254	2fce4eb3e7e4465bf5953642f170d7225342c106a30f63e81d6dcafb2affa734
game/citadel/materials/particle/model/white_additive.vmat_c	4568	citadel-runtime-and-assets	same-name-current-deadlock-vpk-member-listed	game/citadel/pak01_dir.vpk!materials/particle/model/white_additive.vmat_c	1422456/9192361732058507254	54b05580f8c76e5eefe2a72ea860168bb9ef6971bc5aa24af92b550139e4c4a1
game/citadel/materials/particle/model/white_self_illum.vmat_c	4184	citadel-runtime-and-assets	same-name-current-deadlock-vpk-member-listed	game/citadel/pak01_dir.vpk!materials/particle/model/white_self_illum.vmat_c	1422456/9192361732058507254	6c9552d756aa8a659a71ba5386579e66b4979fa04d9337c987632ad51a5c31ef
game/citadel/materials/particle/model/white_self_illum_expression.vmat_c	4456	citadel-runtime-and-assets	same-name-current-deadlock-vpk-member-listed	game/citadel/pak01_dir.vpk!materials/particle/model/white_self_illum_expression.vmat_c	1422456/9192361732058507254	5afb7dc926d853fc3d934e2ab4aecb3cc2c7ddb3e79aff36ff7dfad5238630b0
game/citadel/materials/particle/model/white_self_illum_var.vmat_c	4472	citadel-runtime-and-assets	same-name-current-deadlock-vpk-member-listed	game/citadel/pak01_dir.vpk!materials/particle/model/white_self_illum_var.vmat_c	1422456/9192361732058507254	a82861978beb9cab093f3dae03d6dd8e9bc179a03110cdcdc0e79058d1adc095
game/citadel/materials/particle/model/white_self_illum_var_trans.vmat_c	4552	citadel-runtime-and-assets	same-name-current-deadlock-vpk-member-listed	game/citadel/pak01_dir.vpk!materials/particle/model/white_self_illum_var_trans.vmat_c	1422456/9192361732058507254	6d588ba22bb781f8e3ed89ae216be9fc0a09fcd0f0f8cde05cc9824bc1be0aad
game/citadel/materials/particle/model/white_self_illum_var_trans_additive.vmat_c	5000	citadel-runtime-and-assets	same-name-current-deadlock-vpk-member-listed	game/citadel/pak01_dir.vpk!materials/particle/model/white_self_illum_var_trans_additive.vmat_c	1422456/9192361732058507254	dc57c422a0598d0969ee9d7b08b7cda226e5847dbce59431a4d6d15f3e0c9d61
game/citadel/materials/particle/model/white_trans.vmat_c	4248	citadel-runtime-and-assets	same-name-current-deadlock-vpk-member-listed	game/citadel/pak01_dir.vpk!materials/particle/model/white_trans.vmat_c	1422456/9192361732058507254	b6df9051d9615bc59e6f0220321e491793ca447c61bf988ee13d926d19859a15
game/citadel/materials/particle/noise/noise_caustic/noise_caustic_a.vtex_c	351588	citadel-runtime-and-assets	same-name-current-deadlock-vpk-member-listed	game/citadel/pak01_dir.vpk!materials/particle/noise/noise_caustic/noise_caustic_a.vtex_c	1422456/9192361732058507254	bc68457849d32255a2553c28fc37b2245742f43b8fa59df8f6517e9b3f2f969a
game/citadel/materials/particle/noise/noise_caustic/noise_caustic_a_png_270d7068.vtex_c	351588	citadel-runtime-and-assets	same-name-current-deadlock-vpk-member-listed	game/citadel/pak01_dir.vpk!materials/particle/noise/noise_caustic/noise_caustic_a_png_270d7068.vtex_c	1422456/9192361732058507254	f3388f94fbefb00cc5aea8241764e140f0faa2548602a6ad0f71e6c5806aad6d
game/citadel/materials/particle/noise/noise_caustic/noise_caustic_b.vtex_c	351588	citadel-runtime-and-assets	same-name-current-deadlock-vpk-member-listed	game/citadel/pak01_dir.vpk!materials/particle/noise/noise_caustic/noise_caustic_b.vtex_c	1422456/9192361732058507254	11edbcaa43734ac1165bddfbf66901e7ada7b3504b8dbc9604f86277050cadcb
game/citadel/materials/particle/noise/noise_caustic/noise_caustic_b_png_61216690.vtex_c	351652	citadel-runtime-and-assets	same-name-current-deadlock-vpk-member-listed	game/citadel/pak01_dir.vpk!materials/particle/noise/noise_caustic/noise_caustic_b_png_61216690.vtex_c	1422456/9192361732058507254	227fa6b8318bb02409a7bd967cb4ff126ef28093c7423982f560e6f857b37fab
game/citadel/materials/particle/noise/noise_caustic/noise_caustic_b_png_97441331.vtex_c	351604	citadel-runtime-and-assets	same-name-current-deadlock-vpk-member-listed	game/citadel/pak01_dir.vpk!materials/particle/noise/noise_caustic/noise_caustic_b_png_97441331.vtex_c	1422456/9192361732058507254	78d2a173d34d30bbdc07f887b5e25219b1999a6cec48a8fc56b4205ef495fb78
game/citadel/materials/particle/noise/noise_caustic/noise_caustic_b_png_b6370ebe.vtex_c	351588	citadel-runtime-and-assets	same-name-current-deadlock-vpk-member-listed	game/citadel/pak01_dir.vpk!materials/particle/noise/noise_caustic/noise_caustic_b_png_b6370ebe.vtex_c	1422456/9192361732058507254	254b88f1ef675e5511f5f83630590e76b1cc554c876e8ee048721885c215ba9f
game/citadel/materials/particle/noise/noise_caustic/noise_caustic_b_png_ea575d34.vtex_c	176844	citadel-runtime-and-assets	same-name-current-deadlock-vpk-member-listed	game/citadel/pak01_dir.vpk!materials/particle/noise/noise_caustic/noise_caustic_b_png_ea575d34.vtex_c	1422456/9192361732058507254	87cd981fd133b1bdb5a60a21e49596400d49c9e2a337eaf2ad67ff68b4553562
game/citadel/materials/particle/noise/noise_caustic/noise_caustic_c.vtex_c	351588	citadel-runtime-and-assets	same-name-current-deadlock-vpk-member-listed	game/citadel/pak01_dir.vpk!materials/particle/noise/noise_caustic/noise_caustic_c.vtex_c	1422456/9192361732058507254	4c1b56bb5035e904d8e444bd5ccc2cdc99de07e07be3ba26cb986bb34d0c6f82
game/citadel/materials/particle/noise/noise_caustic/noise_caustic_c_png_40d1f5bb.vtex_c	351652	citadel-runtime-and-assets	same-name-current-deadlock-vpk-member-listed	game/citadel/pak01_dir.vpk!materials/particle/noise/noise_caustic/noise_caustic_c_png_40d1f5bb.vtex_c	1422456/9192361732058507254	9b69d340d0a74a65a8bf9123908fd526050ec34a23b44af2394cd3935e304507
game/citadel/materials/particle/noise/noise_caustic/noise_caustic_c_png_616b790b.vtex_c	351652	citadel-runtime-and-assets	same-name-current-deadlock-vpk-member-listed	game/citadel/pak01_dir.vpk!materials/particle/noise/noise_caustic/noise_caustic_c_png_616b790b.vtex_c	1422456/9192361732058507254	69d901b54c97d68959129a51cdfcb4f2023c6b480c98a9c4c657617932c3957b
game/citadel/materials/particle/noise/noise_caustic/noise_caustic_c_png_b94a5849.vtex_c	351588	citadel-runtime-and-assets	same-name-current-deadlock-vpk-member-listed	game/citadel/pak01_dir.vpk!materials/particle/noise/noise_caustic/noise_caustic_c_png_b94a5849.vtex_c	1422456/9192361732058507254	5217de8686fef758a63268313ecd7a10eda2b47cb788be2a1ba03ce138268713
game/citadel/materials/particle/noise/noise_caustic/noise_caustic_c_png_cf39c75b.vtex_c	351636	citadel-runtime-and-assets	no-current-path-match-in-checked-sources			c7832a1c31f342cd28f28e37d7448a462cc1b32a7cb19b3290a2ada9cd1ada18
game/citadel/materials/particle/noise/noise_caustic/noise_caustic_c_png_df0be754.vtex_c	351652	citadel-runtime-and-assets	same-name-current-deadlock-vpk-member-listed	game/citadel/pak01_dir.vpk!materials/particle/noise/noise_caustic/noise_caustic_c_png_df0be754.vtex_c	1422456/9192361732058507254	6a9522a0b5c49cbe6f81454505c6509b51d911fd1e4264e5cf4466730e83ed6f
game/citadel/materials/particle/noise/noise_caustic/noise_caustic_c_png_f595b2b7.vtex_c	176812	citadel-runtime-and-assets	same-name-current-deadlock-vpk-member-listed	game/citadel/pak01_dir.vpk!materials/particle/noise/noise_caustic/noise_caustic_c_png_f595b2b7.vtex_c	1422456/9192361732058507254	75b3c8c781c6cabbcba72a57381116bd728db3eb3508202aa9a9d03e3d22878e
game/citadel/materials/particle/noise/noise_caustic/noise_caustic_c_png_f85c96ee.vtex_c	351636	citadel-runtime-and-assets	same-name-current-deadlock-vpk-member-listed	game/citadel/pak01_dir.vpk!materials/particle/noise/noise_caustic/noise_caustic_c_png_f85c96ee.vtex_c	1422456/9192361732058507254	92d41a269fdcc38dd72b046f61a41687deda3f7549d0a6482e45cda8f601d854
game/citadel/materials/particle/noise/noise_ethereal/noise_ethereal.vtex_c	1313316	citadel-runtime-and-assets	same-name-current-deadlock-vpk-member-listed	game/citadel/pak01_dir.vpk!materials/particle/noise/noise_ethereal/noise_ethereal.vtex_c	1422456/9192361732058507254	efff4d64476710ef5592da56fed0cbe2c5b10cec48d529cabe10a28fe40695a1
game/citadel/materials/particle/noise/noise_ethereal/noise_ethereal_c_png_22f43cd9.vtex_c	701148	citadel-runtime-and-assets	same-name-current-deadlock-vpk-member-listed	game/citadel/pak01_dir.vpk!materials/particle/noise/noise_ethereal/noise_ethereal_c_png_22f43cd9.vtex_c	1422456/9192361732058507254	85ae6a1fdd4c40cdf9605938fc782b20c17fcad52d33194fd2cca2896a339155
game/citadel/materials/particle/noise/noise_voronoi_stretched/voronoi_stretched_bias_png_6e7eb3d8.vtex_c	1400228	citadel-runtime-and-assets	same-name-current-deadlock-vpk-member-listed	game/citadel/pak01_dir.vpk!materials/particle/noise/noise_voronoi_stretched/voronoi_stretched_bias_png_6e7eb3d8.vtex_c	1422456/9192361732058507254	274e502389cbbcae9c42b6556422ec9117a12eb5eefbe19d4490f4d050002faa
game/citadel/materials/particle/noise/noise_voronoi_tiled/images/noise_voronoi_tiled_bias_trans_psd_2150c73e.vtex_c	1400244	citadel-runtime-and-assets	same-name-current-deadlock-vpk-member-listed	game/citadel/pak01_dir.vpk!materials/particle/noise/noise_voronoi_tiled/images/noise_voronoi_tiled_bias_trans_psd_2150c73e.vtex_c	1422456/9192361732058507254	9e47453c3ba73769087564680e6933e115d35f760c7fbad29725779e7f067cdf
game/citadel/materials/particle/noise/noise_voronoi_tiled/noise_voronoi_alpha.vtex_c	351744	citadel-runtime-and-assets	same-name-current-deadlock-vpk-member-listed	game/citadel/pak01_dir.vpk!materials/particle/noise/noise_voronoi_tiled/noise_voronoi_alpha.vtex_c	1422456/9192361732058507254	fc8d8781db4a763b721f45c9854d27f126cffe3268959e210542e7721694628b
game/citadel/materials/particle/noise/noise_voronoi_tiled/render/noise_voronoi_tiled_1_exr_e8b1ed9.vtex_c	1400228	citadel-runtime-and-assets	same-name-current-deadlock-vpk-member-listed	game/citadel/pak01_dir.vpk!materials/particle/noise/noise_voronoi_tiled/render/noise_voronoi_tiled_1_exr_e8b1ed9.vtex_c	1422456/9192361732058507254	c648b27b2fa5ca4fcfd3d0b81f181497e2a60b0d803e2d2d08a2fe66dbc3d882
game/citadel/materials/particle/npc/tier1boss_shield.vmat_c	5176	citadel-runtime-and-assets	same-name-current-deadlock-vpk-member-listed	game/citadel/pak01_dir.vpk!materials/particle/npc/tier1boss_shield.vmat_c	1422456/9192361732058507254	0649325ce23341f20e2e40e8fe0459868041dab8f6a18ca5700ea6d98cd8d01b
game/citadel/materials/particle/particle_ring_wave_10_add_ug.vmat_c	3832	citadel-runtime-and-assets	same-name-current-deadlock-vpk-member-listed	game/citadel/pak01_dir.vpk!materials/particle/particle_ring_wave_10_add_ug.vmat_c	1422456/9192361732058507254	d74fa3b30fe936b164ca4f7edea3a8b2e5cadffd76c1b45f169917f059a4907a
game/citadel/materials/particle/particle_ring_wave_additive.vmat_c	4088	citadel-runtime-and-assets	same-name-current-deadlock-vpk-member-listed	game/citadel/pak01_dir.vpk!materials/particle/particle_ring_wave_additive.vmat_c	1422456/9192361732058507254	463eda244c197718caae418ea2407514bdfa54feea13ff2c0f2b5e6e003105f0
game/citadel/materials/particle/particle_ring_wave_thick.vtex_c	351588	citadel-runtime-and-assets	same-name-current-deadlock-vpk-member-listed	game/citadel/pak01_dir.vpk!materials/particle/particle_ring_wave_thick.vtex_c	1422456/9192361732058507254	89a6336889a3647274e9d3bcd9067a4b2a586113bdb4e6c5a13066efb341d395
game/citadel/materials/particle/particle_smokegrenade.vmat_c	4024	citadel-runtime-and-assets	same-name-current-deadlock-vpk-member-listed	game/citadel/pak01_dir.vpk!materials/particle/particle_smokegrenade.vmat_c	1422456/9192361732058507254	81b4f5cd23fc39e4c1b6662e156228177681223e83125925f124c355030e763d
game/citadel/materials/particle/particle_smokegrenade1.vmat_c	4024	citadel-runtime-and-assets	same-name-current-deadlock-vpk-member-listed	game/citadel/pak01_dir.vpk!materials/particle/particle_smokegrenade1.vmat_c	1422456/9192361732058507254	36441ad3fd79e56fdf7d30184cba880cd08ac5ea75e70ac8331f7ebde9bd0985
game/citadel/materials/particle/particle_sphere.vmat_c	4008	citadel-runtime-and-assets	same-name-current-deadlock-vpk-member-listed	game/citadel/pak01_dir.vpk!materials/particle/particle_sphere.vmat_c	1422456/9192361732058507254	10921e67ecb6bacdf4aabe67fa42aa238de369a13489787d6dc18e946118a2b7
game/citadel/materials/particle/pool_01_projected.vmat_c	3884	citadel-runtime-and-assets	same-name-current-deadlock-vpk-member-listed	game/citadel/pak01_dir.vpk!materials/particle/pool_01_projected.vmat_c	1422456/9192361732058507254	058d12eedc0705f685ac6e7e3e638552d6d79e0ad2691901b61db53bc805751a
game/citadel/materials/particle/projected/abrams_siphon_ground_projected.vmat_c	3495	citadel-runtime-and-assets	same-name-current-deadlock-vpk-member-listed	game/citadel/pak01_dir.vpk!materials/particle/projected/abrams_siphon_ground_projected.vmat_c	1422456/9192361732058507254	7f5072f7674a02ee76907b539aec5d36375e2459ec2a80a19de69cd41b9d8738
game/citadel/materials/particle/projected/bull_leap_ground_impact_hot_projected.vmat_c	3175	citadel-runtime-and-assets	same-name-current-deadlock-vpk-member-listed	game/citadel/pak01_dir.vpk!materials/particle/projected/bull_leap_ground_impact_hot_projected.vmat_c	1422456/9192361732058507254	4e5c86e67c147983a0e5198ccc299d9fd913e60231855eabf4b9d81bbe95d624
game/citadel/materials/particle/projected/bull_leap_ground_impact_projected.vmat_c	3255	citadel-runtime-and-assets	same-name-current-deadlock-vpk-member-listed	game/citadel/pak01_dir.vpk!materials/particle/projected/bull_leap_ground_impact_projected.vmat_c	1422456/9192361732058507254	c63caeb37362bdeeaa1b1573a4d3f8feb8340be65f0a526ee34d905929467dc9
game/citadel/materials/particle/projected/chrono_time_bomb_projected.vmat_c	3271	citadel-runtime-and-assets	same-name-current-deadlock-vpk-member-listed	game/citadel/pak01_dir.vpk!materials/particle/projected/chrono_time_bomb_projected.vmat_c	1422456/9192361732058507254	e12e80b995cc33c3f9596dd66eff8755860ce8108b24a18288a342e531d6634d
game/citadel/materials/particle/projected/punkgoat_sigil_ground_projected.vmat_c	3431	citadel-runtime-and-assets	same-name-current-deadlock-vpk-member-listed	game/citadel/pak01_dir.vpk!materials/particle/projected/punkgoat_sigil_ground_projected.vmat_c	1422456/9192361732058507254	62b77a30c4bad6903633ace72d76ddcc9e6b3906b2917d6b62c7f53f95d4f1f8
game/citadel/materials/particle/projected/ui_range_finder_ground_projected.vmat_c	3431	citadel-runtime-and-assets	same-name-current-deadlock-vpk-member-listed	game/citadel/pak01_dir.vpk!materials/particle/projected/ui_range_finder_ground_projected.vmat_c	1422456/9192361732058507254	c70310a1d6e56bd39dcb33d81028176dde970f7f66bcf1a661538cecb7f7e695
game/citadel/materials/particle/projected_caustic.vmat_c	3175	citadel-runtime-and-assets	same-name-current-deadlock-vpk-member-listed	game/citadel/pak01_dir.vpk!materials/particle/projected_caustic.vmat_c	1422456/9192361732058507254	0b2536661dae9a458a6451ada61a0ac3634b6cd5d17f98b7ba78dcaecaa22ffe
game/citadel/materials/particle/ramp/ramp_chrono_timebomb_edge_center_psd_41da104d.vtex_c	7444	citadel-runtime-and-assets	same-name-current-deadlock-vpk-member-listed	game/citadel/pak01_dir.vpk!materials/particle/ramp/ramp_chrono_timebomb_edge_center_psd_41da104d.vtex_c	1422456/9192361732058507254	a183fc96b101263ce9b4e9ad7e309ef5191149474981a6e5992c309afbe84d03
game/citadel/materials/particle/shield/shield_gradient_trans_tga_1d8cad98.vtex_c	89444	citadel-runtime-and-assets	same-name-current-deadlock-vpk-member-listed	game/citadel/pak01_dir.vpk!materials/particle/shield/shield_gradient_trans_tga_1d8cad98.vtex_c	1422456/9192361732058507254	9b489813da6ba36b987cbb06bcad77540dbf3ad2000e861f51239a97e860a2bb
game/citadel/materials/particle/shield/shield_gradient_trans_tga_65f3fdea.vtex_c	89492	citadel-runtime-and-assets	same-name-current-deadlock-vpk-member-listed	game/citadel/pak01_dir.vpk!materials/particle/shield/shield_gradient_trans_tga_65f3fdea.vtex_c	1422456/9192361732058507254	e09052c35c63822ed1d9c0a8f0943bf03f24d9c5dc4f0817db955e82e15513eb
game/citadel/materials/particle/shield/shield_gradient_trans_tga_6c04589.vtex_c	34868	citadel-runtime-and-assets	same-name-current-deadlock-vpk-member-listed	game/citadel/pak01_dir.vpk!materials/particle/shield/shield_gradient_trans_tga_6c04589.vtex_c	1422456/9192361732058507254	e6a71d35657e0f6fff3fc61a18d15bd37a974f88b231acf92862c2a92679f41b
game/citadel/materials/particle/shield/shield_gradient_trans_tga_c31efe01.vtex_c	45740	citadel-runtime-and-assets	same-name-current-deadlock-vpk-member-listed	game/citadel/pak01_dir.vpk!materials/particle/shield/shield_gradient_trans_tga_c31efe01.vtex_c	1422456/9192361732058507254	f648ca739cbb0db89a403a7fb2ae25cf5d9a1ab675ee3b40ece21d612701d443
game/citadel/materials/particle/shield/shield_gradient_trans_tga_db815d2c.vtex_c	1400244	citadel-runtime-and-assets	same-name-current-deadlock-vpk-member-listed	game/citadel/pak01_dir.vpk!materials/particle/shield/shield_gradient_trans_tga_db815d2c.vtex_c	1422456/9192361732058507254	96b8607c6a7e8c64b7c01af339422c2c81c9a04228a06bfd4ff3cd206f541946
game/citadel/materials/particle/shield/shield_gradient_trans_tga_ecfa4dea.vtex_c	89444	citadel-runtime-and-assets	same-name-current-deadlock-vpk-member-listed	game/citadel/pak01_dir.vpk!materials/particle/shield/shield_gradient_trans_tga_ecfa4dea.vtex_c	1422456/9192361732058507254	4288c46fac7a6eeb625e010f784595572f1a4dc23ca12570670b649f9896f337
game/citadel/materials/particle/shield/shield_hex.vmat_c	4936	citadel-runtime-and-assets	same-name-current-deadlock-vpk-member-listed	game/citadel/pak01_dir.vpk!materials/particle/shield/shield_hex.vmat_c	1422456/9192361732058507254	d977d3a200d8f3861f7791128febba9250f3c7789569cba31d203725849ecbed
game/citadel/materials/particle/shield/shield_impact.vmat_c	4648	citadel-runtime-and-assets	same-name-current-deadlock-vpk-member-listed	game/citadel/pak01_dir.vpk!materials/particle/shield/shield_impact.vmat_c	1422456/9192361732058507254	51400d6bef2015fc666724b17402018e23786bb2bea4b547b6dc326a98b79e34
game/citadel/materials/particle/shield/shield_ripple.vmat_c	4696	citadel-runtime-and-assets	same-name-current-deadlock-vpk-member-listed	game/citadel/pak01_dir.vpk!materials/particle/shield/shield_ripple.vmat_c	1422456/9192361732058507254	27e9acbbcfe7a62677f57aa5cb670cd61c66035ce7a4e254650a8c22fa206415
game/citadel/materials/particle/shield/sphere_shield.vmat_c	4616	citadel-runtime-and-assets	same-name-current-deadlock-vpk-member-listed	game/citadel/pak01_dir.vpk!materials/particle/shield/sphere_shield.vmat_c	1422456/9192361732058507254	b87c32335dd1a5aeb6a77f20cb576dc1736ff9a6bee0a5eb4dc1b6001403569e
game/citadel/materials/particle/smoke/smoke_erode/smoke_erode.vtex_c	2100780	citadel-runtime-and-assets	same-name-current-deadlock-vpk-member-listed	game/citadel/pak01_dir.vpk!materials/particle/smoke/smoke_erode/smoke_erode.vtex_c	1422456/9192361732058507254	2e77285dbebe498b285ec3de6d11486b6d9862af95813123d7d617065b3b81c7
game/citadel/materials/particle/smoke/smoke_loop/smoke_loop.vtex_c	4200364	citadel-runtime-and-assets	same-name-current-deadlock-vpk-member-listed	game/citadel/pak01_dir.vpk!materials/particle/smoke/smoke_loop/smoke_loop.vtex_c	1422456/9192361732058507254	748aab9fbb66ce769e254ec28759db98e985fd8b562fc71e8ce5160954931f18
game/citadel/materials/particle/smokestack.vmat_c	4072	citadel-runtime-and-assets	same-name-current-deadlock-vpk-member-listed	game/citadel/pak01_dir.vpk!materials/particle/smokestack.vmat_c	1422456/9192361732058507254	ab5329311ce2394b14abe19f6b7ad6a01c851893cdb94f10b5ed23060f10e8a7
game/citadel/materials/particle/upgrades/emp_grenade_wave_sphere.vmat_c	5016	citadel-runtime-and-assets	same-name-current-deadlock-vpk-member-listed	game/citadel/pak01_dir.vpk!materials/particle/upgrades/emp_grenade_wave_sphere.vmat_c	1422456/9192361732058507254	5590aa09208354ac37e185a681b5634c2eb927e5538b7737f559ff8cd1159ab0
game/citadel/materials/particle/upgrades/focus_lens_glass.vmat_c	4552	citadel-runtime-and-assets	same-name-current-deadlock-vpk-member-listed	game/citadel/pak01_dir.vpk!materials/particle/upgrades/focus_lens_glass.vmat_c	1422456/9192361732058507254	81de6c239b2159823da67291d8c26702ef95df022fe3504300da2dc6c3d0a66f
game/citadel/materials/particle/upgrades/magic_shield.vmat_c	5336	citadel-runtime-and-assets	same-name-current-deadlock-vpk-member-listed	game/citadel/pak01_dir.vpk!materials/particle/upgrades/magic_shield.vmat_c	1422456/9192361732058507254	288f8f4f61558df3da223ffb8d9d1e3fe730e87425d7e6674e42e35476a85fd9
game/citadel/materials/particle/upgrades/magic_shield_sphere.vmat_c	5368	citadel-runtime-and-assets	same-name-current-deadlock-vpk-member-listed	game/citadel/pak01_dir.vpk!materials/particle/upgrades/magic_shield_sphere.vmat_c	1422456/9192361732058507254	57ccc274722aeb2cf37d0baf3da287ceb1028f1766e687b9151a07064801575c
game/citadel/materials/particle/upgrades/tech_shield.vmat_c	4952	citadel-runtime-and-assets	same-name-current-deadlock-vpk-member-listed	game/citadel/pak01_dir.vpk!materials/particle/upgrades/tech_shield.vmat_c	1422456/9192361732058507254	0404bed8b9481886624ec6bbf99b91af1a307881f71217ef5f97b8f77ff249c6
game/citadel/materials/particle/water/caustic/caustic.vtex_c	1384768	citadel-runtime-and-assets	same-name-current-deadlock-vpk-member-listed	game/citadel/pak01_dir.vpk!materials/particle/water/caustic/caustic.vtex_c	1422456/9192361732058507254	823c80498b6765924889e2400d3c74190b0438c26589494ffc95f723b0d37106
game/citadel/materials/particle/water/caustic/comp/caustic.074_tga_6cd9f5db.vtex_c	23908	citadel-runtime-and-assets	same-name-current-deadlock-vpk-member-listed	game/citadel/pak01_dir.vpk!materials/particle/water/caustic/comp/caustic.074_tga_6cd9f5db.vtex_c	1422456/9192361732058507254	7258a9705b26a9ef4426070c310f82516ccea67afeb4fd255cefb9519c445b93
game/citadel/materials/particle/water/caustic/comp/caustic.074_tga_ce7d67d.vtex_c	23908	citadel-runtime-and-assets	no-current-path-match-in-checked-sources			bd723b1f6c1f07a1586c26fdb1417a00e74a541b99d4bb72055b5a5f98599a70
game/citadel/materials/signage/amber_illum.vmat_c	4492	citadel-runtime-and-assets	same-name-current-deadlock-vpk-member-listed	game/citadel/pak01_dir.vpk!materials/signage/amber_illum.vmat_c	1422456/9192361732058507254	b45132383fd38ed1c5c35318731bf735af86f209395c591ca973ab046d9f9983
game/citadel/materials/signage/amber_illum_vmat_g_tambientocclusion_9782fd5c.vtex_c	2008	citadel-runtime-and-assets	same-name-current-deadlock-vpk-member-listed	game/citadel/pak01_dir.vpk!materials/signage/amber_illum_vmat_g_tambientocclusion_9782fd5c.vtex_c	1422456/9192361732058507254	c2f03bb678f6dd5e140fcd2b47e62791c4ab8f96020fb0ef4b8aa2f3b6deaa74
game/citadel/materials/signage/amber_illum_vmat_g_tcolor_24fae1a6.vtex_c	2016	citadel-runtime-and-assets	same-name-current-deadlock-vpk-member-listed	game/citadel/pak01_dir.vpk!materials/signage/amber_illum_vmat_g_tcolor_24fae1a6.vtex_c	1422456/9192361732058507254	195241d4e0d1f1081e2fe1e1e12e0912b0611e7a94322bb7bc29495a4d921fe7
game/citadel/materials/signage/amber_illum_vmat_g_tselfillummask_2b2ebb3f.vtex_c	2008	citadel-runtime-and-assets	same-name-current-deadlock-vpk-member-listed	game/citadel/pak01_dir.vpk!materials/signage/amber_illum_vmat_g_tselfillummask_2b2ebb3f.vtex_c	1422456/9192361732058507254	9e24385524cbd2bbc348a7c90a67c3c07ba8e5c228bcb1fe3eecea25e96ca921
game/citadel/materials/signage/blue_illum.vmat_c	4748	citadel-runtime-and-assets	same-name-current-deadlock-vpk-member-listed	game/citadel/pak01_dir.vpk!materials/signage/blue_illum.vmat_c	1422456/9192361732058507254	3e4ec5fadf7dda804d1dd689c2db85e977b4fe6f7717138f734d986e7ca853bb
game/citadel/materials/signage/illum_purple.vmat_c	4652	citadel-runtime-and-assets	same-name-current-deadlock-vpk-member-listed	game/citadel/pak01_dir.vpk!materials/signage/illum_purple.vmat_c	1422456/9192361732058507254	0e4c4c54d9603ce6f0dfa09d1dc971c9e56ff4858584a6cc3c5824460ff909d3
game/citadel/materials/signage/illum_purple_vmat_g_tcolor_b2cb85c0_png_a1031558.vtex_c	2256	citadel-runtime-and-assets	no-current-path-match-in-checked-sources			8c0eef3a02ac4bc72d5a3ecdcb35e323914c076809dfed8ef438f06f85ab2a05
game/citadel/materials/signage/illum_purple_vmat_g_tselfillummask_2b2ebb3f.vtex_c	2008	citadel-runtime-and-assets	same-name-current-deadlock-vpk-member-listed	game/citadel/pak01_dir.vpk!materials/signage/illum_purple_vmat_g_tselfillummask_2b2ebb3f.vtex_c	1422456/9192361732058507254	9e24385524cbd2bbc348a7c90a67c3c07ba8e5c228bcb1fe3eecea25e96ca921
game/citadel/materials/signage/illum_purple_vmat_g_ttintmask_73100e5a.vtex_c	2008	citadel-runtime-and-assets	same-name-current-deadlock-vpk-member-listed	game/citadel/pak01_dir.vpk!materials/signage/illum_purple_vmat_g_ttintmask_73100e5a.vtex_c	1422456/9192361732058507254	0362db56b7d92e270ffa6f636279505e4547f78cbc9f9056ed120152cd8ce1c5
game/citadel/materials/signage/lightbox_tintable_01.vmat_c	4604	citadel-runtime-and-assets	same-name-current-deadlock-vpk-member-listed	game/citadel/pak01_dir.vpk!materials/signage/lightbox_tintable_01.vmat_c	1422456/9192361732058507254	ab8b12be7134ad30d9df287bf1ca10b616a4dc9009b768af657d41c9a3590d28
game/citadel/materials/signage/lightbox_tintable_01_vmat_g_tcolor_498635a_png_70ec3464.vtex_c	2256	citadel-runtime-and-assets	no-current-path-match-in-checked-sources			1a1b738c6a9226e0e667f7a8b185ed4a273bb79fd3cf3b7e4a7d0f64146b2829
game/citadel/materials/signage/lightbox_tintable_01_vmat_g_tnormalroughness_62f77faf_png_4e506538.vtex_c	2352	citadel-runtime-and-assets	no-current-path-match-in-checked-sources			63fe61970445bbfe67ef863d272501250b2f37bb09c519db1865e4f8567a8743
game/citadel/materials/signage/lightbox_tintable_01_vmat_g_ttintmask_2b2ebb3f.vtex_c	2008	citadel-runtime-and-assets	same-name-current-deadlock-vpk-member-listed	game/citadel/pak01_dir.vpk!materials/signage/lightbox_tintable_01_vmat_g_ttintmask_2b2ebb3f.vtex_c	1422456/9192361732058507254	678fbcb16ddcfd20ddcd172a052a2eeccf7924c2f1c99271fcd597aa0ddbf1de
game/citadel/materials/signage/lightbox_tintable_illum.vmat_c	4892	citadel-runtime-and-assets	same-name-current-deadlock-vpk-member-listed	game/citadel/pak01_dir.vpk!materials/signage/lightbox_tintable_illum.vmat_c	1422456/9192361732058507254	3b6120f48ff8a3d6a164f54f336675ff47acb1364d126a2bf6c1886a933c2432
game/citadel/materials/signage/lightbox_tintable_illum_02.vmat_c	4892	citadel-runtime-and-assets	same-name-current-deadlock-vpk-member-listed	game/citadel/pak01_dir.vpk!materials/signage/lightbox_tintable_illum_02.vmat_c	1422456/9192361732058507254	bcefc683fb4ed7388dd869bf0ee241214e1844528d8399254a3b68aed7c42a01
game/citadel/materials/signage/lightbox_tintable_illum_02_vmat_g_tcolor_498635a_png_7f826585.vtex_c	2272	citadel-runtime-and-assets	no-current-path-match-in-checked-sources			b4be20ea197fb86b7ff4111f7817b566fc958a1257014bf5fb6e1aa5b599e515
game/citadel/materials/signage/lightbox_tintable_illum_02_vmat_g_tnormalroughness_a1e47e21_png_328ee9b1.vtex_c	2352	citadel-runtime-and-assets	no-current-path-match-in-checked-sources			e5aba53a2e73c02e4412b774bee9440cebb862ec867fd0799bee64e69596f0b6
game/citadel/materials/signage/lightbox_tintable_illum_02_vmat_g_ttintmask_2b2ebb3f.vtex_c	2008	citadel-runtime-and-assets	same-name-current-deadlock-vpk-member-listed	game/citadel/pak01_dir.vpk!materials/signage/lightbox_tintable_illum_02_vmat_g_ttintmask_2b2ebb3f.vtex_c	1422456/9192361732058507254	678fbcb16ddcfd20ddcd172a052a2eeccf7924c2f1c99271fcd597aa0ddbf1de
game/citadel/materials/signage/orange_illum.vmat_c	4636	citadel-runtime-and-assets	same-name-current-deadlock-vpk-member-listed	game/citadel/pak01_dir.vpk!materials/signage/orange_illum.vmat_c	1422456/9192361732058507254	e5abad3c9fd65ffef0ff9a58e58116dbc08c9edb9e4c4c3640b8bde72a96ffb8
game/citadel/materials/signage/posters_illum.vmat_c	4744	citadel-runtime-and-assets	same-name-current-deadlock-vpk-member-listed	game/citadel/pak01_dir.vpk!materials/signage/posters_illum.vmat_c	1422456/9192361732058507254	bf6d1c31a3758cbd6b7649a7bfcfeb64c8aa8e24409ef3e2931248ae1734f077
game/citadel/materials/signage/posters_illum_vmat_g_tselfillummask_2b2ebb3f.vtex_c	2008	citadel-runtime-and-assets	same-name-current-deadlock-vpk-member-listed	game/citadel/pak01_dir.vpk!materials/signage/posters_illum_vmat_g_tselfillummask_2b2ebb3f.vtex_c	1422456/9192361732058507254	9e24385524cbd2bbc348a7c90a67c3c07ba8e5c228bcb1fe3eecea25e96ca921
game/citadel/materials/signage/posters_illum_vmat_g_ttintmask_73100e5a.vtex_c	2008	citadel-runtime-and-assets	same-name-current-deadlock-vpk-member-listed	game/citadel/pak01_dir.vpk!materials/signage/posters_illum_vmat_g_ttintmask_73100e5a.vtex_c	1422456/9192361732058507254	0362db56b7d92e270ffa6f636279505e4547f78cbc9f9056ed120152cd8ce1c5
game/citadel/materials/signage/purple_illum.vmat_c	4652	citadel-runtime-and-assets	same-name-current-deadlock-vpk-member-listed	game/citadel/pak01_dir.vpk!materials/signage/purple_illum.vmat_c	1422456/9192361732058507254	8d0ef525e06f61052086d7749d8bb33a7ad4597494f6d8ce26ec840719e029f7
game/citadel/materials/signage/signage_billboards_01.vmat_c	4312	citadel-runtime-and-assets	same-name-current-deadlock-vpk-member-listed	game/citadel/pak01_dir.vpk!materials/signage/signage_billboards_01.vmat_c	1422456/9192361732058507254	e4ad8d8bca7b4873d40e0241724339456d263e9daf28524b2be61f55a0a70302
game/citadel/materials/signage/signage_billboards_02.vmat_c	3957	citadel-runtime-and-assets	same-name-current-deadlock-vpk-member-listed	game/citadel/pak01_dir.vpk!materials/signage/signage_billboards_02.vmat_c	1422456/9192361732058507254	56a83caca5c419bdf81075478516cfb72a9bbc2eedec8d44fcf195dc86636d5a
game/citadel/materials/signage/signage_billboards_02_color_png_76567502.vtex_c	5594548	citadel-runtime-and-assets	no-current-path-match-in-checked-sources			2a43f9331e5c0d24be87fb6f1b39ae667068165e13ed243f148a32abe3bc8a7f
game/citadel/materials/signage/signage_billboards_02_color_png_9c89aa76.vtex_c	5594564	citadel-runtime-and-assets	no-current-path-match-in-checked-sources			1e0f9e63a2453982de449e4979752207239cb55ec7da66c58ebacb88cbbd5412
game/citadel/materials/signage/signage_billboards_03.vmat_c	3893	citadel-runtime-and-assets	same-name-current-deadlock-vpk-member-listed	game/citadel/pak01_dir.vpk!materials/signage/signage_billboards_03.vmat_c	1422456/9192361732058507254	f38f6423100caa1a00519227020878c3446e01cc077677e10486f144d977d873
game/citadel/materials/signage/signage_billboards_03_color_png_bef6bcca.vtex_c	5594564	citadel-runtime-and-assets	no-current-path-match-in-checked-sources			36143314d5c157e0b4199a198833c99ff38c71e1570956036fbab5baf9d99f14
game/citadel/materials/signage/signage_billboards_03_tint_mask_png_66df39b7.vtex_c	5507172	citadel-runtime-and-assets	no-current-path-match-in-checked-sources			71736f5773de516dd7ae6f4bf44e0f77ccad7481152bc6b0eb3281dc55bf6850
game/citadel/materials/signage/signage_billboards_test_color_png_fb5fc993.vtex_c	5594580	citadel-runtime-and-assets	no-current-path-match-in-checked-sources			2033ab580d48254fab358be00abc2f39b07bf3b9aefa55554259ab50591cd35e
game/citadel/materials/signage/signage_default_01.vmat_c	4232	citadel-runtime-and-assets	same-name-current-deadlock-vpk-member-listed	game/citadel/pak01_dir.vpk!materials/signage/signage_default_01.vmat_c	1422456/9192361732058507254	8151c18356a9c5902b2779c9248a48ddf21eb0448d963b4126bab5ae9af2d24a
game/citadel/materials/signage/signage_default_01_color_png_31cca6a4.vtex_c	5594532	citadel-runtime-and-assets	no-current-path-match-in-checked-sources			4370ca56379e4676d98de6fd34a9f07270281d3a69b05c014bdfc959b33d78fd
game/citadel/materials/signage/signage_default_01_color_png_9791f2a0.vtex_c	5594532	citadel-runtime-and-assets	no-current-path-match-in-checked-sources			914afcb83f0daa810ae3e56173bfca4f26415aeb758dcabb81cd001500b6e387
game/citadel/materials/signage/signage_default_02.vmat_c	3797	citadel-runtime-and-assets	same-name-current-deadlock-vpk-member-listed	game/citadel/pak01_dir.vpk!materials/signage/signage_default_02.vmat_c	1422456/9192361732058507254	303540d5fde3e321b2163b3d7250fc06575ec00dc8b7780b4f83f6b2f922c98c
game/citadel/materials/signage/signage_default_02_color_png_10fd7ce1.vtex_c	5594564	citadel-runtime-and-assets	no-current-path-match-in-checked-sources			07bddb77dd332852ddaf0972972986850e7aed8089a0bf7adf0482b4d5d919ee
game/citadel/materials/signage/signage_default_02_disp_15f70aed_mask_png_1eeecebd.vtex_c	5594640	citadel-runtime-and-assets	no-current-path-match-in-checked-sources			1956b01ffe84cd4c018eb78789a14b892aa83b20494da8d0b998c329631e10af
game/citadel/materials/signage/signage_default_02_normal_png_2a709b92.vtex_c	5594628	citadel-runtime-and-assets	no-current-path-match-in-checked-sources			dff38f40e43d8f8eecf23c2ea3d723d2bd7b39603ce2453b389a5578c0720a34
game/citadel/materials/signage/signage_hologram_01.vmat_c	4735	citadel-runtime-and-assets	same-name-current-deadlock-vpk-member-listed	game/citadel/pak01_dir.vpk!materials/signage/signage_hologram_01.vmat_c	1422456/9192361732058507254	9f718503b7fc8feadbea4e105e236f15b65212264e2fba8b1dfdaf1779164264
game/citadel/materials/signage/signage_hologram_01_color_png_90c54630.vtex_c	5594580	citadel-runtime-and-assets	no-current-path-match-in-checked-sources			5137f9b362715525fbad769dabc73fb6b7628fa6b99b19b8997c6388db6b2e70
game/citadel/materials/signage/signage_illum_default_01.vmat_c	4744	citadel-runtime-and-assets	same-name-current-deadlock-vpk-member-listed	game/citadel/pak01_dir.vpk!materials/signage/signage_illum_default_01.vmat_c	1422456/9192361732058507254	d6d523ff3d8cec754523be7961f9399da42bf90ef4f3baa12d19a5445292ed7c
game/citadel/materials/signage/signage_orange_glow.vmat_c	4716	citadel-runtime-and-assets	same-name-current-deadlock-vpk-member-listed	game/citadel/pak01_dir.vpk!materials/signage/signage_orange_glow.vmat_c	1422456/9192361732058507254	d368096c8e3194cda171ba7b174990a6b831ae5eb752ed03eefcdb317f4b538b
game/citadel/materials/signage/signage_orange_glow_vmat_g_tnormalroughness_53b47c48_png_d311141d.vtex_c	2352	citadel-runtime-and-assets	no-current-path-match-in-checked-sources			2cf5542faeecd0eb7dba6f6d10408d981e2f5179311001a20c84b097710dba84
game/citadel/materials/signage/signage_orange_glow_vmat_g_tselfillummask_2b2ebb3f.vtex_c	2008	citadel-runtime-and-assets	same-name-current-deadlock-vpk-member-listed	game/citadel/pak01_dir.vpk!materials/signage/signage_orange_glow_vmat_g_tselfillummask_2b2ebb3f.vtex_c	1422456/9192361732058507254	9e24385524cbd2bbc348a7c90a67c3c07ba8e5c228bcb1fe3eecea25e96ca921
game/citadel/materials/signage/signage_posters_01_color_png_f24dc86f.vtex_c	1400244	citadel-runtime-and-assets	no-current-path-match-in-checked-sources			3af415aa447345422605245f179178d3926ce0d503df148ff9b6606f389c6594
game/citadel/materials/signage/signage_posters_01_mask_png_4eaacfde.vtex_c	2798284	citadel-runtime-and-assets	no-current-path-match-in-checked-sources			d7073189b64b242f0003fb4dee540c33289149ac5f8839dd09d91f71b3a746ab
game/citadel/materials/signage/signage_translucent_01.vmat_c	5176	citadel-runtime-and-assets	same-name-current-deadlock-vpk-member-listed	game/citadel/pak01_dir.vpk!materials/signage/signage_translucent_01.vmat_c	1422456/9192361732058507254	6c55d68d502c2c0dea9d63cbacd8988c4bcddd73bc181413137d375d3f7812a5
game/citadel/materials/signage/signage_translucent_01_vmat_g_tmetalness_e9052f71.vtex_c	2008	citadel-runtime-and-assets	same-name-current-deadlock-vpk-member-listed	game/citadel/pak01_dir.vpk!materials/signage/signage_translucent_01_vmat_g_tmetalness_e9052f71.vtex_c	1422456/9192361732058507254	a402b3f46466c340ce63fe6e6ad2673b51a737545e52d163ceb2effe2ff91e7b
game/citadel/materials/signage/skybox_neon_01.vmat_c	4873	citadel-runtime-and-assets	same-name-current-deadlock-vpk-member-listed	game/citadel/pak01_dir.vpk!materials/signage/skybox_neon_01.vmat_c	1422456/9192361732058507254	fd2fd8b59b1c2135f3e697dfd0f168ce405256d031008e377a22d5bc85bae527
game/citadel/materials/signage/skybox_neon_01_color_png_da09f873.vtex_c	5594548	citadel-runtime-and-assets	no-current-path-match-in-checked-sources			ad6ce7387e72824cc6ac6148238d2827e5e53eb0109ac7ed7b5de0d73c0bd1b8
game/citadel/materials/signage/skybox_neon_01_mask_png_5113885c.vtex_c	2798284	citadel-runtime-and-assets	no-current-path-match-in-checked-sources			7663fb4e0690dd2828f2a0a5ee170aa7703b14bc8ba9d5c38207511e751e4d54
game/citadel/materials/signage/skybox_neon_01_vmat_g_ttintmask_73100e5a.vtex_c	2008	citadel-runtime-and-assets	same-name-current-deadlock-vpk-member-listed	game/citadel/pak01_dir.vpk!materials/signage/skybox_neon_01_vmat_g_ttintmask_73100e5a.vtex_c	1422456/9192361732058507254	0362db56b7d92e270ffa6f636279505e4547f78cbc9f9056ed120152cd8ce1c5
game/citadel/materials/signage/skybox_neon_02.vmat_c	4873	citadel-runtime-and-assets	same-name-current-deadlock-vpk-member-listed	game/citadel/pak01_dir.vpk!materials/signage/skybox_neon_02.vmat_c	1422456/9192361732058507254	6b5ec7829a4e901ab935178ce782ac1e477ffcb5f2aaddd4583df2955c95358b
game/citadel/materials/signage/skybox_neon_02_536e9844_metal_png_722bde21.vtex_c	2798300	citadel-runtime-and-assets	no-current-path-match-in-checked-sources			2cff7ce6114160b2d5108d144f855cbfed1fc0ebfd5396cb3b7bbe4e6d0e0456
game/citadel/materials/signage/skybox_neon_02_alpha.vmat_c	4957	citadel-runtime-and-assets	no-current-path-match-in-checked-sources			123920b386b3537233d826ad18bd9f818ed9f8800f4bba61cb360a541700f147
game/citadel/materials/signage/skybox_neon_02_alpha_vmat_g_ttintmask_73100e5a.vtex_c	2008	citadel-runtime-and-assets	no-current-path-match-in-checked-sources			a246b112d1d88ee054b41c8ab74ef5423b1d6ca25b61fbd807c0efd9df51e8a2
game/citadel/materials/signage/skybox_neon_02_color_png_25750e7c.vtex_c	5594564	citadel-runtime-and-assets	no-current-path-match-in-checked-sources			ffed2b82b4bf648b47874571375927528a1a1c2100b03322cabf4c99b19f2c69
game/citadel/materials/signage/skybox_neon_02_color_png_54cf7d6f.vtex_c	5594548	citadel-runtime-and-assets	no-current-path-match-in-checked-sources			180cb63dfd70e85fe0782192c6bd3ec51f91df706a6b0a9e3c54863ed823c944
game/citadel/materials/signage/skybox_neon_02_mask_png_6208d6bb.vtex_c	2798284	citadel-runtime-and-assets	no-current-path-match-in-checked-sources			3068f6197cf1946be5ba421afd7b9d32cc230688560a38c3a1fb7cc56998086e
game/citadel/materials/signage/skybox_neon_02_scrollvmat.vmat_c	4840	citadel-runtime-and-assets	no-current-path-match-in-checked-sources			e9280f296eb117d787ed8a927f00c12ea49e6fe36cd61d9c0d1ae3fa849f3185
game/citadel/materials/signage/skybox_neon_02_scrollvmat_vmat_g_ttintmask_73100e5a.vtex_c	2008	citadel-runtime-and-assets	no-current-path-match-in-checked-sources			a246b112d1d88ee054b41c8ab74ef5423b1d6ca25b61fbd807c0efd9df51e8a2
game/citadel/materials/signage/skybox_neon_02_vmat_g_ttintmask_73100e5a.vtex_c	2008	citadel-runtime-and-assets	same-name-current-deadlock-vpk-member-listed	game/citadel/pak01_dir.vpk!materials/signage/skybox_neon_02_vmat_g_ttintmask_73100e5a.vtex_c	1422456/9192361732058507254	0362db56b7d92e270ffa6f636279505e4547f78cbc9f9056ed120152cd8ce1c5
game/citadel/materials/signage/skybox_neon_03.vmat_c	4873	citadel-runtime-and-assets	same-name-current-deadlock-vpk-member-listed	game/citadel/pak01_dir.vpk!materials/signage/skybox_neon_03.vmat_c	1422456/9192361732058507254	3c7e3e05a711bb3d10375daa7f63e900ec79e14f30843a5cd3298518468c9fb0
game/citadel/materials/signage/skybox_neon_03_color_png_ed455b41.vtex_c	5594548	citadel-runtime-and-assets	no-current-path-match-in-checked-sources			9d2ff59a390b2cef25482d5a7a74ac8bbdfa9ec3797cbaf806e7c5435c31ad9d
game/citadel/materials/signage/skybox_neon_03_mask_png_b08d0b8.vtex_c	2798284	citadel-runtime-and-assets	no-current-path-match-in-checked-sources			95a851d4eb3e76a74384da636e6dc3d8b82770a421b9ce42ccafbf4fa9b4820f
game/citadel/materials/signage/skybox_neon_03_vmat_g_ttintmask_73100e5a.vtex_c	2008	citadel-runtime-and-assets	same-name-current-deadlock-vpk-member-listed	game/citadel/pak01_dir.vpk!materials/signage/skybox_neon_03_vmat_g_ttintmask_73100e5a.vtex_c	1422456/9192361732058507254	0362db56b7d92e270ffa6f636279505e4547f78cbc9f9056ed120152cd8ce1c5
game/citadel/materials/signage/skybox_neon_04.vmat_c	4873	citadel-runtime-and-assets	same-name-current-deadlock-vpk-member-listed	game/citadel/pak01_dir.vpk!materials/signage/skybox_neon_04.vmat_c	1422456/9192361732058507254	9d8fb243b69f7cd1826867343596655c9e72dc26559fbb41f5c2a8620aa42125
game/citadel/materials/signage/skybox_neon_04_color_png_a197192d.vtex_c	5594548	citadel-runtime-and-assets	no-current-path-match-in-checked-sources			980899cc9f1e7f6432d745961ec93519b2d94df0b974df3973b9e9e7bf3d1bce
game/citadel/materials/signage/skybox_neon_04_mask_png_20a91a4.vtex_c	2798284	citadel-runtime-and-assets	no-current-path-match-in-checked-sources			6bf8cfcb1b17744d75d19469c42bdf022713b6dccf60c5bd0782f8785b388413
game/citadel/materials/signage/skybox_neon_05.vmat_c	4873	citadel-runtime-and-assets	same-name-current-deadlock-vpk-member-listed	game/citadel/pak01_dir.vpk!materials/signage/skybox_neon_05.vmat_c	1422456/9192361732058507254	8ee2312322898114dc34b20eb68224593bfdc4be3b4fac8813d6eb1ca58b8f9f
game/citadel/materials/signage/skybox_neon_05_color_png_24fd4b78.vtex_c	5594548	citadel-runtime-and-assets	no-current-path-match-in-checked-sources			eef5b76045d2cb53477f28c060644918baf401a585046ad6c44fa357d143a0ac
game/citadel/materials/signage/skybox_neon_05_mask_png_141cfac9.vtex_c	2798284	citadel-runtime-and-assets	no-current-path-match-in-checked-sources			d2f2953f1e8e97e4d7b1b860fbb5a682835fe60a529d1de0b2e30fda3d174c8f
game/citadel/materials/signage/skybox_neon_06.vmat_c	4744	citadel-runtime-and-assets	same-name-current-deadlock-vpk-member-listed	game/citadel/pak01_dir.vpk!materials/signage/skybox_neon_06.vmat_c	1422456/9192361732058507254	93561693a5db833588c7cda11c6b4f215bd935efccd35392baec98e270bd534a
game/citadel/materials/signage/skybox_neon_06_287a637c_metal_png_49c800aa.vtex_c	2798300	citadel-runtime-and-assets	no-current-path-match-in-checked-sources			6f42392f43ed310f9d109ab3d793549c6eee94d57a44b3624d45a4b9ce5582c5
game/citadel/materials/signage/skybox_neon_06_alpha.vmat_c	4799	citadel-runtime-and-assets	no-current-path-match-in-checked-sources			246e85564ba61b48ffa1036e9de9739bb3a1267050a98cda84455fd31e4ec8c7
game/citadel/materials/signage/skybox_neon_06_color_png_788d350a.vtex_c	5594564	citadel-runtime-and-assets	no-current-path-match-in-checked-sources			7a7bdd90980d780450657b936cf26fbafccb1223d37c35f8d564fd0405cc84a0
game/citadel/materials/signage/skybox_neon_06_color_png_e6ad9bb6.vtex_c	5594548	citadel-runtime-and-assets	no-current-path-match-in-checked-sources			d977e1f7c7ea88bfccc340b1a628091ddfb8e11b98a45762391f037363327e5c
game/citadel/materials/signage/skybox_neon_06_mask_png_5a67c2b1.vtex_c	2798284	citadel-runtime-and-assets	no-current-path-match-in-checked-sources			2530496ba9b04b51a2f0b69436475fe6d2e0329d40c6ea87138392f727367681
game/citadel/materials/signage/white_illum.vmat_c	4556	citadel-runtime-and-assets	same-name-current-deadlock-vpk-member-listed	game/citadel/pak01_dir.vpk!materials/signage/white_illum.vmat_c	1422456/9192361732058507254	1e3b1d4566b08d6b8a2bc3d738aa163075a276ffb0cc189c82b82f6ae801b36b
game/citadel/materials/signage/white_illum_vmat_g_tcolor_5d4a9dd6_png_d1fbef65.vtex_c	2256	citadel-runtime-and-assets	no-current-path-match-in-checked-sources			375e8cde422e23041e8df5bf1fb78f904f4421324fd12a121c30f52bb4a099ed
game/citadel/materials/signage/white_illum_vmat_g_tselfillummask_2b2ebb3f.vtex_c	2008	citadel-runtime-and-assets	same-name-current-deadlock-vpk-member-listed	game/citadel/pak01_dir.vpk!materials/signage/white_illum_vmat_g_tselfillummask_2b2ebb3f.vtex_c	1422456/9192361732058507254	9e24385524cbd2bbc348a7c90a67c3c07ba8e5c228bcb1fe3eecea25e96ca921
game/citadel/materials/signage/white_illum_vmat_g_ttintmask_73100e5a.vtex_c	2008	citadel-runtime-and-assets	same-name-current-deadlock-vpk-member-listed	game/citadel/pak01_dir.vpk!materials/signage/white_illum_vmat_g_ttintmask_73100e5a.vtex_c	1422456/9192361732058507254	0362db56b7d92e270ffa6f636279505e4547f78cbc9f9056ed120152cd8ce1c5
game/citadel/materials/signage/yellow_illum.vmat_c	4652	citadel-runtime-and-assets	same-name-current-deadlock-vpk-member-listed	game/citadel/pak01_dir.vpk!materials/signage/yellow_illum.vmat_c	1422456/9192361732058507254	f080ae9fac07caf966792bc9cb9bcde9d9e7c6b144fb79a38c4b7dca5af1b65d
game/citadel/materials/simple/simple_emissive_bloom.vmat_c	4745	citadel-runtime-and-assets	same-name-current-deadlock-vpk-member-listed	game/citadel/pak01_dir.vpk!materials/simple/simple_emissive_bloom.vmat_c	1422456/9192361732058507254	21d9b2df2414831d1ad807ed46795b6db4a82b4f96775c5b1f4c1154eb728666
game/citadel/materials/simple/simple_wood_layer_01a.vmat_c	4648	citadel-runtime-and-assets	same-name-current-deadlock-vpk-member-listed	game/citadel/pak01_dir.vpk!materials/simple/simple_wood_layer_01a.vmat_c	1422456/9192361732058507254	0960fdbad661029d7cb85edaf5e40afc57fd14c2a688fa4713c15aceb238e2b9
game/citadel/materials/skybox/clouds/cloud_strips.vmat_c	4280	citadel-runtime-and-assets	same-name-current-deadlock-vpk-member-listed	game/citadel/pak01_dir.vpk!materials/skybox/clouds/cloud_strips.vmat_c	1422456/9192361732058507254	493e417ee104dc108b0420f7b57a0253d38d1074ac44e7868ab185b4c9926041
game/citadel/materials/skybox/clouds/cloud_strips_emissive.vmat_c	4712	citadel-runtime-and-assets	same-name-current-deadlock-vpk-member-listed	game/citadel/pak01_dir.vpk!materials/skybox/clouds/cloud_strips_emissive.vmat_c	1422456/9192361732058507254	f87e5a5fb3f93789084bcd064caff8561040735183a6acaad09c82265d9bd790
game/citadel/materials/skybox/hazev1_skybox.vmat_c	2252	citadel-runtime-and-assets	no-current-path-match-in-checked-sources			bc858546a24e6ec8babe9bebe007ce32f007e672c989c473e0e6909629afe6d5
game/citadel/materials/skybox/hazev1_skybox_png_b8be0094.vtex_c	2098296	citadel-runtime-and-assets	no-current-path-match-in-checked-sources			95443d089fcb80eb06ac793a95c5ce1871946b78073af4f142603f9dd8d9316b
game/citadel/materials/skybox/lightingtest_interior_basic_png_fb19cfee.vtex_c	33555616	citadel-runtime-and-assets	no-current-path-match-in-checked-sources			62560aa5d1eb816e14de462a3d2536bfa953395dfa624c7aa717486e61506438
game/citadel/materials/skybox/light_test_interior_basic.vmat_c	2364	citadel-runtime-and-assets	same-name-current-deadlock-vpk-member-listed	game/citadel/pak01_dir.vpk!materials/skybox/light_test_interior_basic.vmat_c	1422456/9192361732058507254	bb6bb1230e935ffe86cd977283febee6f06e82279a995db66cfcfa16936b62e2
game/citadel/materials/skybox/rural_horizon.vmat_c	4008	citadel-runtime-and-assets	same-name-current-deadlock-vpk-member-listed	game/citadel/pak01_dir.vpk!materials/skybox/rural_horizon.vmat_c	1422456/9192361732058507254	5242d84d27fb2a3e4ff22ec40168ef2408f728da0f291027ad4f6f8437b031ca
game/citadel/materials/skybox/sky_dl_dusk03.vmat_c	2300	citadel-runtime-and-assets	same-name-current-deadlock-vpk-member-listed	game/citadel/pak01_dir.vpk!materials/skybox/sky_dl_dusk03.vmat_c	1422456/9192361732058507254	7af7bad3cc680ccd1bc7bcff5e143e7012b4a5bd9099b3db465dc0c6a82fa09e
game/citadel/materials/skybox/sky_dl_dusk03_exr_9dd50fb1_png_44abcc22.vtex_c	8389768	citadel-runtime-and-assets	no-current-path-match-in-checked-sources			d0a5000fe70ee1ab107fe59b977002a3985c7b269897e5d2e7a27ce5c63a8062
game/citadel/materials/skybox/urban_horizon.vmat_c	4008	citadel-runtime-and-assets	same-name-current-deadlock-vpk-member-listed	game/citadel/pak01_dir.vpk!materials/skybox/urban_horizon.vmat_c	1422456/9192361732058507254	d4cc91b91535ec1fcde6ccd30d9f7e266b34cd41a10de2073c01d30f36566890
game/citadel/materials/skybox/urban_horizon_even.vmat_c	4008	citadel-runtime-and-assets	same-name-current-deadlock-vpk-member-listed	game/citadel/pak01_dir.vpk!materials/skybox/urban_horizon_even.vmat_c	1422456/9192361732058507254	0b49b984dd760d6657b1133b148a90a6d2c89c12ffea1f5a512f60463163381d
game/citadel/materials/sun/overlay.vmat_c	3784	citadel-runtime-and-assets	same-name-current-deadlock-vpk-member-listed	game/citadel/pak01_dir.vpk!materials/sun/overlay.vmat_c	1422456/9192361732058507254	ecf3cf538f3798b41249efdf415aa30e942fa566d938a4e0c268eb91e21545fa
game/citadel/materials/tile/tile_conservatory_01a.vmat_c	3981	citadel-runtime-and-assets	same-name-current-deadlock-vpk-member-listed	game/citadel/pak01_dir.vpk!materials/tile/tile_conservatory_01a.vmat_c	1422456/9192361732058507254	bd9bc9f03c57ff68b20922d6c8656b518d204e4223826c9c6032a2546fb817ff
game/citadel/materials/tile/tile_conservatory_01_blend_01.vmat_c	4664	citadel-runtime-and-assets	same-name-current-deadlock-vpk-member-listed	game/citadel/pak01_dir.vpk!materials/tile/tile_conservatory_01_blend_01.vmat_c	1422456/9192361732058507254	aae81a678e3222bad4a6c428b44d2cc4dfbd57ca5d46aa8b36ceeaecbeac81a3
game/citadel/materials/tile/tile_conservatory_02a.vmat_c	3885	citadel-runtime-and-assets	same-name-current-deadlock-vpk-member-listed	game/citadel/pak01_dir.vpk!materials/tile/tile_conservatory_02a.vmat_c	1422456/9192361732058507254	fda95c14ede4d949819e1ab14777e2c5001092fce436bff4dcf4001c1f80a8e5
game/citadel/materials/tile/tile_floor_checker_01.vmat_c	3997	citadel-runtime-and-assets	same-name-current-deadlock-vpk-member-listed	game/citadel/pak01_dir.vpk!materials/tile/tile_floor_checker_01.vmat_c	1422456/9192361732058507254	cb5f1d18a3e3ef9d6e18f4a7fc93abaf871125ccf0034998c05af2963095f85c
game/citadel/materials/tile/tile_subway_01a_blend_tga_95d0870b.vtex_c	2798236	citadel-runtime-and-assets	same-name-current-deadlock-vpk-member-listed	game/citadel/pak01_dir.vpk!materials/tile/tile_subway_01a_blend_tga_95d0870b.vtex_c	1422456/9192361732058507254	2bc921aadff9bc61f3ec3951f9c7c4b15c88cebcf38ea86e59e81b5b24d06a5f
game/citadel/materials/tile/tile_subway_01a_color_tga_fa511bac.vtex_c	5594500	citadel-runtime-and-assets	same-name-current-deadlock-vpk-member-listed	game/citadel/pak01_dir.vpk!materials/tile/tile_subway_01a_color_tga_fa511bac.vtex_c	1422456/9192361732058507254	541e6ae441b4a2eb372f5ff7854834cd5aa821ec3fe106f62a2c8445a30c2a1e
game/citadel/materials/tile/tile_subway_01a_layer.vmat_c	3799	citadel-runtime-and-assets	same-name-current-deadlock-vpk-member-listed	game/citadel/pak01_dir.vpk!materials/tile/tile_subway_01a_layer.vmat_c	1422456/9192361732058507254	67ceabaa33a569eaf936e20de55be36c2de9c5affbd3cbaf0c4e79c3a9fd51e8
game/citadel/materials/tile/tile_subway_01a_layer_vmat_g_tpacked1_ba37ef5e.vtex_c	2192	citadel-runtime-and-assets	no-current-path-match-in-checked-sources			6ea3b60cb6a27af503eaf4a14bffa449009b44e5bbdda5c9a3b020f03d35fca8
game/citadel/materials/tile/tile_subway_01a_normal_tga_86503035.vtex_c	5594564	citadel-runtime-and-assets	same-name-current-deadlock-vpk-member-listed	game/citadel/pak01_dir.vpk!materials/tile/tile_subway_01a_normal_tga_86503035.vtex_c	1422456/9192361732058507254	a728e84a64d6337f06e495c0dcad2a3ca63104e6bb47f554ec6202220fcdb7f8
game/citadel/materials/tile/tile_subway_01a_ts.vmat_c	3036	citadel-runtime-and-assets	same-name-current-deadlock-vpk-member-listed	game/citadel/pak01_dir.vpk!materials/tile/tile_subway_01a_ts.vmat_c	1422456/9192361732058507254	e258b5bdbca7973a2f4eb8927a205e8479fa68f262e9e8cafa6e62bed412e914
game/citadel/materials/tile/tile_subway_01a_ts_vmat_g_tpacked1_ba37ef5e.vtex_c	2192	citadel-runtime-and-assets	no-current-path-match-in-checked-sources			6ea3b60cb6a27af503eaf4a14bffa449009b44e5bbdda5c9a3b020f03d35fca8
game/citadel/materials/tile/tile_subway_01b_ao_tga_9b71dc72.vtex_c	5594500	citadel-runtime-and-assets	no-current-path-match-in-checked-sources			e0a26f2e854df1b1b3bc5866dbf7378782a3cd31f5e3f2c06740dba3656ca61d
game/citadel/materials/tile/tile_subway_01b_color_tga_aa2791bb.vtex_c	5594484	citadel-runtime-and-assets	same-name-current-deadlock-vpk-member-listed	game/citadel/pak01_dir.vpk!materials/tile/tile_subway_01b_color_tga_aa2791bb.vtex_c	1422456/9192361732058507254	2353a8e88285580d98e737f152248baa59913de52c80dbfb15b82e3c0a616119
game/citadel/materials/tile/tile_subway_01b_layer.vmat_c	3815	citadel-runtime-and-assets	same-name-current-deadlock-vpk-member-listed	game/citadel/pak01_dir.vpk!materials/tile/tile_subway_01b_layer.vmat_c	1422456/9192361732058507254	963f6477df5c8af0496cdb3ffd4dac7fcba7c6d505a4088d6131c394b502a8ee
game/citadel/materials/tile/tile_subway_01b_normal_tga_df73d96c.vtex_c	5594580	citadel-runtime-and-assets	same-name-current-deadlock-vpk-member-listed	game/citadel/pak01_dir.vpk!materials/tile/tile_subway_01b_normal_tga_df73d96c.vtex_c	1422456/9192361732058507254	7fe6cfd99b93d6d0524c4474bd3c647bfdacf84d0ee8761d419d5a369134430a
game/citadel/materials/tile/tile_subway_01b_ts.vmat_c	2972	citadel-runtime-and-assets	same-name-current-deadlock-vpk-member-listed	game/citadel/pak01_dir.vpk!materials/tile/tile_subway_01b_ts.vmat_c	1422456/9192361732058507254	b071cba40e8b0780277cb4402da876cb0624d4813f317341c2e7da678d86aa95
game/citadel/materials/tile/tile_subway_01c_ao_tga_44fb7beb.vtex_c	5594500	citadel-runtime-and-assets	no-current-path-match-in-checked-sources			d626e72596608b2cc6e79119867f74bf40a83ea18d16a25d0d9426f9c2a0ed8b
game/citadel/materials/tile/tile_subway_01c_color_tga_53c3725a.vtex_c	5594484	citadel-runtime-and-assets	same-name-current-deadlock-vpk-member-listed	game/citadel/pak01_dir.vpk!materials/tile/tile_subway_01c_color_tga_53c3725a.vtex_c	1422456/9192361732058507254	c184c2a633f17a628010ae847870a6828fba50aff1efe4541bc5d594cddfc115
game/citadel/materials/tile/tile_subway_01c_layer.vmat_c	3719	citadel-runtime-and-assets	same-name-current-deadlock-vpk-member-listed	game/citadel/pak01_dir.vpk!materials/tile/tile_subway_01c_layer.vmat_c	1422456/9192361732058507254	a695ec88173d1794784e13201bc4be6e85945ccf7a4cab01a6ea89729fe3e5d8
game/citadel/materials/tile/tile_subway_01c_normal_tga_603efe6b.vtex_c	5594580	citadel-runtime-and-assets	same-name-current-deadlock-vpk-member-listed	game/citadel/pak01_dir.vpk!materials/tile/tile_subway_01c_normal_tga_603efe6b.vtex_c	1422456/9192361732058507254	b3e4de408ea82f7f48995084f82b323bf1fcb410eb9c16077cfa93bf376cc84c
game/citadel/materials/tile/tile_subway_01c_ts.vmat_c	2956	citadel-runtime-and-assets	same-name-current-deadlock-vpk-member-listed	game/citadel/pak01_dir.vpk!materials/tile/tile_subway_01c_ts.vmat_c	1422456/9192361732058507254	28d080d8e15a3f4d3f830d51d2c2678ad603ed8f3c577f8f8bd2d2cba325ccf3
game/citadel/materials/tile/tile_subway_01_blend.vmat_c	6770	citadel-runtime-and-assets	same-name-current-deadlock-vpk-member-listed	game/citadel/pak01_dir.vpk!materials/tile/tile_subway_01_blend.vmat_c	1422456/9192361732058507254	5f9e597fc1aed8fbe1622f00edd1152d7ad7f07c21396b20abe8941d79bdfebc
game/citadel/materials/tile/tile_subway_01_blend_vmat_g_tpacked1_ba37ef5e.vtex_c	2192	citadel-runtime-and-assets	no-current-path-match-in-checked-sources			6ea3b60cb6a27af503eaf4a14bffa449009b44e5bbdda5c9a3b020f03d35fca8
game/citadel/materials/tile/tile_tenement_floor_01_layer.vmat_c	3901	citadel-runtime-and-assets	same-name-current-deadlock-vpk-member-listed	game/citadel/pak01_dir.vpk!materials/tile/tile_tenement_floor_01_layer.vmat_c	1422456/9192361732058507254	c297b3f20999fa1c90aedd9cbc072a0f1a0c5d97773483e1c0e2f0d2fe56ca4b
game/citadel/materials/tile/tile_tenement_floor_01_trim_layer.vmat_c	4029	citadel-runtime-and-assets	same-name-current-deadlock-vpk-member-listed	game/citadel/pak01_dir.vpk!materials/tile/tile_tenement_floor_01_trim_layer.vmat_c	1422456/9192361732058507254	610871eb879f77312359b674c13390cf7577ed4421a4738a895564e0ee184d54
game/citadel/materials/tools/fogvolume.vmat_c	4296	citadel-runtime-and-assets	same-name-current-deadlock-vpk-member-listed	game/citadel/pak01_dir.vpk!materials/tools/fogvolume.vmat_c	1422456/9192361732058507254	2799b719929850cda5e973426d861be1994cf78e96187715e781df275e6f525e
game/citadel/materials/tools/hlmv_ground.vmat_c	3976	citadel-runtime-and-assets	same-name-current-deadlock-vpk-member-listed	game/citadel/pak01_dir.vpk!materials/tools/hlmv_ground.vmat_c	1422456/9192361732058507254	e4d449827afd5583e603351dfaf41d7189ec4528ccead2efd355459645cc5e25
game/citadel/materials/tools/skyvisblocker.vmat_c	4104	citadel-runtime-and-assets	same-name-current-deadlock-vpk-member-listed	game/citadel/pak01_dir.vpk!materials/tools/skyvisblocker.vmat_c	1422456/9192361732058507254	bf035595b9f9f5e2c19b448603558193c6c56724c79996a6b1bd9a148e7e7e1f
game/citadel/materials/tools/static_overlay_base.vmat_c	4072	citadel-runtime-and-assets	same-name-current-deadlock-vpk-member-listed	game/citadel/pak01_dir.vpk!materials/tools/static_overlay_base.vmat_c	1422456/9192361732058507254	a93a3e0e7f1e35b12d2ddac68c5c9699321bff6993e26eb279e754fa7677a179
game/citadel/materials/tools/static_overlay_helper.vmat_c	3896	citadel-runtime-and-assets	same-name-current-deadlock-vpk-member-listed	game/citadel/pak01_dir.vpk!materials/tools/static_overlay_helper.vmat_c	1422456/9192361732058507254	7cda6e14b747a60154b169544bc7dd0addd9e623d9d7e99be5dedef016920ffd
game/citadel/materials/tools/toolsblockbullets.vmat_c	4280	citadel-runtime-and-assets	same-name-current-deadlock-vpk-member-listed	game/citadel/pak01_dir.vpk!materials/tools/toolsblockbullets.vmat_c	1422456/9192361732058507254	6e410ea4a23ef70ccd4d333264d0c9694557530a239d64003dae3d6b9323a8bb
game/citadel/materials/tools/toolsblocklight.vmat_c	4376	citadel-runtime-and-assets	same-name-current-deadlock-vpk-member-listed	game/citadel/pak01_dir.vpk!materials/tools/toolsblocklight.vmat_c	1422456/9192361732058507254	14f6c259f3270b7d038cbdb1de23204c1cf593ac4a54b5e1236cf0ac502cf6f2
game/citadel/materials/tools/toolsblocksound.vmat_c	4344	citadel-runtime-and-assets	same-name-current-deadlock-vpk-member-listed	game/citadel/pak01_dir.vpk!materials/tools/toolsblocksound.vmat_c	1422456/9192361732058507254	45baf49d19757de6400c0f5dadd7800cad842c751b6b782969a4dec1e076727e
game/citadel/materials/tools/toolsblock_los.vmat_c	4312	citadel-runtime-and-assets	same-name-current-deadlock-vpk-member-listed	game/citadel/pak01_dir.vpk!materials/tools/toolsblock_los.vmat_c	1422456/9192361732058507254	b0cb37c9247d154b26e60fdc807fc2b8fc8428b4b03a48ae32cc66534b569965
game/citadel/materials/tools/toolsclip.vmat_c	4392	citadel-runtime-and-assets	same-name-current-deadlock-vpk-member-listed	game/citadel/pak01_dir.vpk!materials/tools/toolsclip.vmat_c	1422456/9192361732058507254	0730ba89bf778473bb8079d7fa313d60f7f55d27f0bd285212a8c326ebc9ee09
game/citadel/materials/tools/toolscontrolclip.vmat_c	4088	citadel-runtime-and-assets	same-name-current-deadlock-vpk-member-listed	game/citadel/pak01_dir.vpk!materials/tools/toolscontrolclip.vmat_c	1422456/9192361732058507254	1c34c76c92fa25b61354b4ac5cba03405041fb0922f50e91ae7c6cde6981f76c
game/citadel/materials/tools/toolsinvisible.vmat_c	4360	citadel-runtime-and-assets	same-name-current-deadlock-vpk-member-listed	game/citadel/pak01_dir.vpk!materials/tools/toolsinvisible.vmat_c	1422456/9192361732058507254	ba19fa55b246dce18ae6ea925e73a7ba0d6a21ac89bcf917ca40f6fbbb972073
game/citadel/materials/tools/toolsnavattribute.vmat_c	4584	citadel-runtime-and-assets	same-name-current-deadlock-vpk-member-listed	game/citadel/pak01_dir.vpk!materials/tools/toolsnavattribute.vmat_c	1422456/9192361732058507254	fb21b72b283139d12b9a9cc4b132d327395077a7bb97b70b4b120e2fe230635b
game/citadel/materials/tools/toolsnavclip.vmat_c	4408	citadel-runtime-and-assets	same-name-current-deadlock-vpk-member-listed	game/citadel/pak01_dir.vpk!materials/tools/toolsnavclip.vmat_c	1422456/9192361732058507254	de0f8bdbc08fbc61488254cb0753eaa82d9c24569a9f1a3034f4362e1f5d1065
game/citadel/materials/tools/toolsnodraw.vmat_c	4008	citadel-runtime-and-assets	same-name-current-deadlock-vpk-member-listed	game/citadel/pak01_dir.vpk!materials/tools/toolsnodraw.vmat_c	1422456/9192361732058507254	dca2f1dd273c0f730b8a3164b5ff79059e0a4cd477e20a63e05f810f6ac6bc53
game/citadel/materials/tools/toolsnpcclip.vmat_c	4232	citadel-runtime-and-assets	same-name-current-deadlock-vpk-member-listed	game/citadel/pak01_dir.vpk!materials/tools/toolsnpcclip.vmat_c	1422456/9192361732058507254	74e7ee453b1b26c66b4bc8dc300286c0b913bbc4dc541cd11cf45cef65d3d77a
game/citadel/materials/tools/toolsoccluder.vmat_c	4360	citadel-runtime-and-assets	same-name-current-deadlock-vpk-member-listed	game/citadel/pak01_dir.vpk!materials/tools/toolsoccluder.vmat_c	1422456/9192361732058507254	afa67a39901a1853b4073c9b9a8c1561c33643162f992d99fbdc5fa9bbd4e055
game/citadel/materials/tools/toolsotherclip.vmat_c	4312	citadel-runtime-and-assets	same-name-current-deadlock-vpk-member-listed	game/citadel/pak01_dir.vpk!materials/tools/toolsotherclip.vmat_c	1422456/9192361732058507254	6eb0446ce403e7274fb9bd546d3d8311c4c3efb46eba36e23b119dd9563ec15a
game/citadel/materials/tools/toolsplayerclip.vmat_c	4296	citadel-runtime-and-assets	same-name-current-deadlock-vpk-member-listed	game/citadel/pak01_dir.vpk!materials/tools/toolsplayerclip.vmat_c	1422456/9192361732058507254	b26fee626b09de007f54aeeba9dff44f1286cf6ad7681cb949a5d358b6f4f40b
game/citadel/materials/tools/toolsplayerskyclip.vmat_c	4408	citadel-runtime-and-assets	same-name-current-deadlock-vpk-member-listed	game/citadel/pak01_dir.vpk!materials/tools/toolsplayerskyclip.vmat_c	1422456/9192361732058507254	edfcc6f56eac6fbdbeb4532599532ad24accdda57547576fd1da46707fa0fadc
game/citadel/materials/tools/toolsrenderportal.vmat_c	4168	citadel-runtime-and-assets	same-name-current-deadlock-vpk-member-listed	game/citadel/pak01_dir.vpk!materials/tools/toolsrenderportal.vmat_c	1422456/9192361732058507254	5366e1270c648b1df4a84a37692063dd369ff8083636ff2e1226e34096c0e21c
game/citadel/materials/tools/toolsskip.vmat_c	4280	citadel-runtime-and-assets	same-name-current-deadlock-vpk-member-listed	game/citadel/pak01_dir.vpk!materials/tools/toolsskip.vmat_c	1422456/9192361732058507254	28c66cfa7fe317169c823887ab70d1b5a11a126df28fe011624dcb58e9dcd073
game/citadel/materials/tools/toolsskybox.vmat_c	4040	citadel-runtime-and-assets	same-name-current-deadlock-vpk-member-listed	game/citadel/pak01_dir.vpk!materials/tools/toolsskybox.vmat_c	1422456/9192361732058507254	84657ff96bcf23b9599be86b829b54dc4b5f0c2f58368d7708ad00d2ce3be281
game/citadel/materials/tools/toolsslide.vmat_c	4808	citadel-runtime-and-assets	same-name-current-deadlock-vpk-member-listed	game/citadel/pak01_dir.vpk!materials/tools/toolsslide.vmat_c	1422456/9192361732058507254	106f4e2d683a8db6ead70f0be40e3a2aad5d237528aaf91405b89f2554732741
game/citadel/materials/tools/toolssolidblocklight.vmat_c	4328	citadel-runtime-and-assets	same-name-current-deadlock-vpk-member-listed	game/citadel/pak01_dir.vpk!materials/tools/toolssolidblocklight.vmat_c	1422456/9192361732058507254	584e530b7d3b2fd3aa68e35dd89f0c5f7687233a2edb0a6b118f219ef29c59a5
game/citadel/materials/tools/toolsteleportclip.vmat_c	4280	citadel-runtime-and-assets	same-name-current-deadlock-vpk-member-listed	game/citadel/pak01_dir.vpk!materials/tools/toolsteleportclip.vmat_c	1422456/9192361732058507254	7a56a0cf7e3ef2e78feb3d8ef81292f3e6af3d1fa77aa9aff4dde2471b3346f7
game/citadel/materials/tools/toolstrigger.vmat_c	4312	citadel-runtime-and-assets	same-name-current-deadlock-vpk-member-listed	game/citadel/pak01_dir.vpk!materials/tools/toolstrigger.vmat_c	1422456/9192361732058507254	b2e27352bf820274019bc13baa26b61dcbe7b11c4662ef9118556d2dfaedae73
game/citadel/materials/tools/toolswhite.vmat_c	3992	citadel-runtime-and-assets	same-name-current-deadlock-vpk-member-listed	game/citadel/pak01_dir.vpk!materials/tools/toolswhite.vmat_c	1422456/9192361732058507254	19273cda9fceb1981222be39b1855bb5a7b46648c35aad3a0eefe44926f28c99
game/citadel/materials/tools/tools_func_occluder.vmat_c	4392	citadel-runtime-and-assets	same-name-current-deadlock-vpk-member-listed	game/citadel/pak01_dir.vpk!materials/tools/tools_func_occluder.vmat_c	1422456/9192361732058507254	78c24caff2753909ce4280594b0b177350d388fc7f2d3497e976c16ef726cf55
game/citadel/materials/tools/tools_spawn_volume.vmat_c	4632	citadel-runtime-and-assets	same-name-current-deadlock-vpk-member-listed	game/citadel/pak01_dir.vpk!materials/tools/tools_spawn_volume.vmat_c	1422456/9192361732058507254	c4b51fdbbb8c708ed648216a6515be5e71bac3498844c7b431424095d4372947
game/citadel/materials/tools/visblocker.vmat_c	4008	citadel-runtime-and-assets	same-name-current-deadlock-vpk-member-listed	game/citadel/pak01_dir.vpk!materials/tools/visblocker.vmat_c	1422456/9192361732058507254	d018fef71329c9a7b15dc6a8dd14fc363e2e44aad67ccd45a5428817670d3027
game/citadel/materials/tools_postprocess_volume.vmat_c	4232	citadel-runtime-and-assets	same-name-current-deadlock-vpk-member-listed	game/citadel/pak01_dir.vpk!materials/tools_postprocess_volume.vmat_c	1422456/9192361732058507254	439695d3582eeb12b4b476854bbbb6ff0634eaa8ecfea106021d7b5f7a84791a
game/citadel/models/animgraph2/trooper_humanoid/dmx/animation/aim_has_target.vnmclip_c	4812	citadel-runtime-and-assets	same-name-current-deadlock-vpk-member-listed	game/citadel/pak01_dir.vpk!models/animgraph2/trooper_humanoid/dmx/animation/aim_has_target.vnmclip_c	1422456/9192361732058507254	e04c6b0476c4c00a8f616707da2bb7f14322618d3ff8cc2299f8579bf50b3f9a
game/citadel/models/animgraph2/trooper_humanoid/dmx/animation/aim_has_target_c.vnmclip_c	3405	citadel-runtime-and-assets	same-name-current-deadlock-vpk-member-listed	game/citadel/pak01_dir.vpk!models/animgraph2/trooper_humanoid/dmx/animation/aim_has_target_c.vnmclip_c	1422456/9192361732058507254	6e03be771bec30f91d76a7bdde2baf9483d8bdec75dad344e415d8d27f3bc29d
game/citadel/models/animgraph2/trooper_humanoid/dmx/animation/aim_has_target_dc.vnmclip_c	3507	citadel-runtime-and-assets	same-name-current-deadlock-vpk-member-listed	game/citadel/pak01_dir.vpk!models/animgraph2/trooper_humanoid/dmx/animation/aim_has_target_dc.vnmclip_c	1422456/9192361732058507254	3b0052194b00b8764decf5a93aceb428e67fd52c00cce14bb816895e5ad2d0ba
game/citadel/models/animgraph2/trooper_humanoid/dmx/animation/aim_has_target_dl.vnmclip_c	3509	citadel-runtime-and-assets	same-name-current-deadlock-vpk-member-listed	game/citadel/pak01_dir.vpk!models/animgraph2/trooper_humanoid/dmx/animation/aim_has_target_dl.vnmclip_c	1422456/9192361732058507254	575ac29e79e610cdd8e16cca6c5ac06349e54b02bbdd92a31218d8d525057d3a
game/citadel/models/animgraph2/trooper_humanoid/dmx/animation/aim_has_target_dr.vnmclip_c	3507	citadel-runtime-and-assets	same-name-current-deadlock-vpk-member-listed	game/citadel/pak01_dir.vpk!models/animgraph2/trooper_humanoid/dmx/animation/aim_has_target_dr.vnmclip_c	1422456/9192361732058507254	5351cf5e7a10294fa0fd8efffe9e8792821190dba83b705b941d29290ad25f78
game/citadel/models/animgraph2/trooper_humanoid/dmx/animation/aim_has_target_l.vnmclip_c	3507	citadel-runtime-and-assets	same-name-current-deadlock-vpk-member-listed	game/citadel/pak01_dir.vpk!models/animgraph2/trooper_humanoid/dmx/animation/aim_has_target_l.vnmclip_c	1422456/9192361732058507254	d9bcfce601cf5d43672d0aebd8c384d9052dd583d12d7666436b485e4acbfd12
game/citadel/models/animgraph2/trooper_humanoid/dmx/animation/aim_has_target_r.vnmclip_c	3508	citadel-runtime-and-assets	same-name-current-deadlock-vpk-member-listed	game/citadel/pak01_dir.vpk!models/animgraph2/trooper_humanoid/dmx/animation/aim_has_target_r.vnmclip_c	1422456/9192361732058507254	efebba0e8239a6776bd695b4219e44b6533c9e66c227aea801a038d3b1dcfcde
game/citadel/models/animgraph2/trooper_humanoid/dmx/animation/aim_has_target_uc.vnmclip_c	3513	citadel-runtime-and-assets	same-name-current-deadlock-vpk-member-listed	game/citadel/pak01_dir.vpk!models/animgraph2/trooper_humanoid/dmx/animation/aim_has_target_uc.vnmclip_c	1422456/9192361732058507254	0884ad6173018cef3a5f04e6eee567c54eb46cc93e7d2855cae4b82d0b8a4cf3
game/citadel/models/animgraph2/trooper_humanoid/dmx/animation/aim_has_target_ul.vnmclip_c	3510	citadel-runtime-and-assets	same-name-current-deadlock-vpk-member-listed	game/citadel/pak01_dir.vpk!models/animgraph2/trooper_humanoid/dmx/animation/aim_has_target_ul.vnmclip_c	1422456/9192361732058507254	b09920666bc881316c6b6749084ab2f3e298025e9ac234e7663729a9c71b6e35
game/citadel/models/animgraph2/trooper_humanoid/dmx/animation/aim_has_target_ur.vnmclip_c	3510	citadel-runtime-and-assets	same-name-current-deadlock-vpk-member-listed	game/citadel/pak01_dir.vpk!models/animgraph2/trooper_humanoid/dmx/animation/aim_has_target_ur.vnmclip_c	1422456/9192361732058507254	8703cbb34a3f271e524318569656131e6a0159a80d063351635703599b1e4852
game/citadel/models/animgraph2/trooper_humanoid/dmx/animation/aim_no_target_c.vnmclip_c	3223	citadel-runtime-and-assets	same-name-current-deadlock-vpk-member-listed	game/citadel/pak01_dir.vpk!models/animgraph2/trooper_humanoid/dmx/animation/aim_no_target_c.vnmclip_c	1422456/9192361732058507254	60b1b341a7a5019f2efce3c6fa1675341c1901539a80010134197d40c71a4c81
game/citadel/models/animgraph2/trooper_humanoid/dmx/animation/aim_no_target_dc.vnmclip_c	3237	citadel-runtime-and-assets	same-name-current-deadlock-vpk-member-listed	game/citadel/pak01_dir.vpk!models/animgraph2/trooper_humanoid/dmx/animation/aim_no_target_dc.vnmclip_c	1422456/9192361732058507254	e48636588d5e5b2e51be848823b38146a05525473dc6199165c92a2dd0101e8c
game/citadel/models/animgraph2/trooper_humanoid/dmx/animation/aim_no_target_dl.vnmclip_c	3237	citadel-runtime-and-assets	same-name-current-deadlock-vpk-member-listed	game/citadel/pak01_dir.vpk!models/animgraph2/trooper_humanoid/dmx/animation/aim_no_target_dl.vnmclip_c	1422456/9192361732058507254	a1f6df630d3acdea51bb08cfc00b330667395a020ffdb832acd2e9e92a6ad3b5
game/citadel/models/animgraph2/trooper_humanoid/dmx/animation/aim_no_target_dr.vnmclip_c	3237	citadel-runtime-and-assets	same-name-current-deadlock-vpk-member-listed	game/citadel/pak01_dir.vpk!models/animgraph2/trooper_humanoid/dmx/animation/aim_no_target_dr.vnmclip_c	1422456/9192361732058507254	d0815b3d549ab36971af8667921589026659b10ee254cbe8d6e5abde3a727eb0
game/citadel/models/animgraph2/trooper_humanoid/dmx/animation/aim_no_target_l.vnmclip_c	3237	citadel-runtime-and-assets	same-name-current-deadlock-vpk-member-listed	game/citadel/pak01_dir.vpk!models/animgraph2/trooper_humanoid/dmx/animation/aim_no_target_l.vnmclip_c	1422456/9192361732058507254	c1f98f8809d7cc5b8cbaeffcc16e8c31e2295364d5025ba959cc70e4d68f13b5
game/citadel/models/animgraph2/trooper_humanoid/dmx/animation/aim_no_target_r.vnmclip_c	3237	citadel-runtime-and-assets	same-name-current-deadlock-vpk-member-listed	game/citadel/pak01_dir.vpk!models/animgraph2/trooper_humanoid/dmx/animation/aim_no_target_r.vnmclip_c	1422456/9192361732058507254	0073c0aea06a6aabb82a08646f28e0ccc505b4a129da94129209ab63de6ee614
game/citadel/models/animgraph2/trooper_humanoid/dmx/animation/aim_no_target_uc.vnmclip_c	3237	citadel-runtime-and-assets	same-name-current-deadlock-vpk-member-listed	game/citadel/pak01_dir.vpk!models/animgraph2/trooper_humanoid/dmx/animation/aim_no_target_uc.vnmclip_c	1422456/9192361732058507254	4ee18e58df7f2cdddb089e3f8dc9023fdf62d513c3acea3e53d019d96858ded0
game/citadel/models/animgraph2/trooper_humanoid/dmx/animation/aim_no_target_ul.vnmclip_c	3237	citadel-runtime-and-assets	same-name-current-deadlock-vpk-member-listed	game/citadel/pak01_dir.vpk!models/animgraph2/trooper_humanoid/dmx/animation/aim_no_target_ul.vnmclip_c	1422456/9192361732058507254	c03a5b262b5b6191f112be9a1742cbd85a626a2a521ee622788329e367c708b1
game/citadel/models/animgraph2/trooper_humanoid/dmx/animation/aim_no_target_ur.vnmclip_c	3237	citadel-runtime-and-assets	same-name-current-deadlock-vpk-member-listed	game/citadel/pak01_dir.vpk!models/animgraph2/trooper_humanoid/dmx/animation/aim_no_target_ur.vnmclip_c	1422456/9192361732058507254	5ce4a544e83e3fcf93c94b7af481983fe373aab821f56b1e85eea79cb34b05b6
game/citadel/models/animgraph2/trooper_humanoid/dmx/animation/aim_primary_high.vnmclip_c	5873	citadel-runtime-and-assets	same-name-current-deadlock-vpk-member-listed	game/citadel/pak01_dir.vpk!models/animgraph2/trooper_humanoid/dmx/animation/aim_primary_high.vnmclip_c	1422456/9192361732058507254	92b3e4e3b894710be7eb96b08e902f6705bdc58f41144a8a13b3094d3ad3f830
game/citadel/models/animgraph2/trooper_humanoid/dmx/animation/aim_primary_low.vnmclip_c	5807	citadel-runtime-and-assets	same-name-current-deadlock-vpk-member-listed	game/citadel/pak01_dir.vpk!models/animgraph2/trooper_humanoid/dmx/animation/aim_primary_low.vnmclip_c	1422456/9192361732058507254	0142e9bbce4fca1e03557194d7fdbd3efc473bea4883d524e17c33fe2dac444b
game/citadel/models/animgraph2/trooper_humanoid/dmx/animation/aim_primary_medium.vnmclip_c	6048	citadel-runtime-and-assets	same-name-current-deadlock-vpk-member-listed	game/citadel/pak01_dir.vpk!models/animgraph2/trooper_humanoid/dmx/animation/aim_primary_medium.vnmclip_c	1422456/9192361732058507254	1171965321bcfe33163340c770fc03b9ed478a4c040ac8c8e08be6ade54a0e14
game/citadel/models/animgraph2/trooper_humanoid/dmx/animation/candle_health.vnmclip_c	5792	citadel-runtime-and-assets	same-name-current-deadlock-vpk-member-listed	game/citadel/pak01_dir.vpk!models/animgraph2/trooper_humanoid/dmx/animation/candle_health.vnmclip_c	1422456/9192361732058507254	936c78c24cf143e13f3b6ec9e4c254f35d7c12793f9529c504bd55d19d371f33
game/citadel/models/animgraph2/trooper_humanoid/dmx/animation/cheer_01.vnmclip_c	14110	citadel-runtime-and-assets	same-name-current-deadlock-vpk-member-listed	game/citadel/pak01_dir.vpk!models/animgraph2/trooper_humanoid/dmx/animation/cheer_01.vnmclip_c	1422456/9192361732058507254	6307239d7cfd6086ebd6ddb7c2278a1f4a17bec1eec458a49c1edb5aeb5182eb
game/citadel/models/animgraph2/trooper_humanoid/dmx/animation/cheer_02.vnmclip_c	14180	citadel-runtime-and-assets	same-name-current-deadlock-vpk-member-listed	game/citadel/pak01_dir.vpk!models/animgraph2/trooper_humanoid/dmx/animation/cheer_02.vnmclip_c	1422456/9192361732058507254	537d114142b5662d54770283bb87e2483630fa9fc2b42e46c101e9c001648863
game/citadel/models/animgraph2/trooper_humanoid/dmx/animation/directional_flinches_ref_pose.vnmclip_c	4637	citadel-runtime-and-assets	same-name-current-deadlock-vpk-member-listed	game/citadel/pak01_dir.vpk!models/animgraph2/trooper_humanoid/dmx/animation/directional_flinches_ref_pose.vnmclip_c	1422456/9192361732058507254	3c44249f1f4d2297cd97459d7dc95338cfbb7f104adcd3ebf6ee3db062daf896
game/citadel/models/animgraph2/trooper_humanoid/dmx/animation/explosion_react_crouch.vnmclip_c	12687	citadel-runtime-and-assets	same-name-current-deadlock-vpk-member-listed	game/citadel/pak01_dir.vpk!models/animgraph2/trooper_humanoid/dmx/animation/explosion_react_crouch.vnmclip_c	1422456/9192361732058507254	ee848912dc342ae72c2f4980941be4ba2a25878ff763dc4c143bb5759cd1b5e4
game/citadel/models/animgraph2/trooper_humanoid/dmx/animation/explosion_react_stand.vnmclip_c	13659	citadel-runtime-and-assets	same-name-current-deadlock-vpk-member-listed	game/citadel/pak01_dir.vpk!models/animgraph2/trooper_humanoid/dmx/animation/explosion_react_stand.vnmclip_c	1422456/9192361732058507254	e635e39bc4ce21ce0fd310b7f67f2585da169ee940d6fad787f3460814a94f53
game/citadel/models/animgraph2/trooper_humanoid/dmx/animation/has_target_run_center.vnmclip_c	7927	citadel-runtime-and-assets	same-name-current-deadlock-vpk-member-listed	game/citadel/pak01_dir.vpk!models/animgraph2/trooper_humanoid/dmx/animation/has_target_run_center.vnmclip_c	1422456/9192361732058507254	6855a43c4cb1aaa49a7844edc9b38981a45cbe3db87e5baa41420ba20b19bed4
game/citadel/models/animgraph2/trooper_humanoid/dmx/animation/has_target_run_e.vnmclip_c	8345	citadel-runtime-and-assets	same-name-current-deadlock-vpk-member-listed	game/citadel/pak01_dir.vpk!models/animgraph2/trooper_humanoid/dmx/animation/has_target_run_e.vnmclip_c	1422456/9192361732058507254	d91cb38206c8f438caccc419b0aba7777f5b7e5fbbe40197d883244759ed4e7e
game/citadel/models/animgraph2/trooper_humanoid/dmx/animation/has_target_run_n.vnmclip_c	8296	citadel-runtime-and-assets	same-name-current-deadlock-vpk-member-listed	game/citadel/pak01_dir.vpk!models/animgraph2/trooper_humanoid/dmx/animation/has_target_run_n.vnmclip_c	1422456/9192361732058507254	46d0309937db1c94f33c2faacffc3c916e26194f6342da05bd07e95d566df2a2
game/citadel/models/animgraph2/trooper_humanoid/dmx/animation/has_target_run_ne.vnmclip_c	8472	citadel-runtime-and-assets	same-name-current-deadlock-vpk-member-listed	game/citadel/pak01_dir.vpk!models/animgraph2/trooper_humanoid/dmx/animation/has_target_run_ne.vnmclip_c	1422456/9192361732058507254	8cfc032573732a48e1397c4c4e6a1feafb64a3a3136b590c53a5c0bac6746c77
game/citadel/models/animgraph2/trooper_humanoid/dmx/animation/has_target_run_nw.vnmclip_c	8434	citadel-runtime-and-assets	same-name-current-deadlock-vpk-member-listed	game/citadel/pak01_dir.vpk!models/animgraph2/trooper_humanoid/dmx/animation/has_target_run_nw.vnmclip_c	1422456/9192361732058507254	99c47f099ba22554073a0eb9fa398d8f9db392f5505cb5acf43a107d39792368
game/citadel/models/animgraph2/trooper_humanoid/dmx/animation/has_target_run_s.vnmclip_c	8447	citadel-runtime-and-assets	same-name-current-deadlock-vpk-member-listed	game/citadel/pak01_dir.vpk!models/animgraph2/trooper_humanoid/dmx/animation/has_target_run_s.vnmclip_c	1422456/9192361732058507254	f090e08432cb7bc32e38cb0b67fddaed63c867928323502bc6ac0ebf629429bb
game/citadel/models/animgraph2/trooper_humanoid/dmx/animation/has_target_run_se.vnmclip_c	8450	citadel-runtime-and-assets	same-name-current-deadlock-vpk-member-listed	game/citadel/pak01_dir.vpk!models/animgraph2/trooper_humanoid/dmx/animation/has_target_run_se.vnmclip_c	1422456/9192361732058507254	0c3d86fc4d935bc0aedc2d28ae2ced4afdd3f36954695b73f921b1a0c41351f9
game/citadel/models/animgraph2/trooper_humanoid/dmx/animation/has_target_run_sw.vnmclip_c	8443	citadel-runtime-and-assets	same-name-current-deadlock-vpk-member-listed	game/citadel/pak01_dir.vpk!models/animgraph2/trooper_humanoid/dmx/animation/has_target_run_sw.vnmclip_c	1422456/9192361732058507254	29744c30b4a6ffd6951fcf90d92174ef9278a9aa1f68df47cafbdb1d3ef9555c
game/citadel/models/animgraph2/trooper_humanoid/dmx/animation/has_target_run_w.vnmclip_c	8370	citadel-runtime-and-assets	same-name-current-deadlock-vpk-member-listed	game/citadel/pak01_dir.vpk!models/animgraph2/trooper_humanoid/dmx/animation/has_target_run_w.vnmclip_c	1422456/9192361732058507254	0bbaa3adcebeff76740f6ccd7a0ad7e6efcfe9ec50250122f48fd7140092880a
game/citadel/models/animgraph2/trooper_humanoid/dmx/animation/in_air_loop.vnmclip_c	10667	citadel-runtime-and-assets	same-name-current-deadlock-vpk-member-listed	game/citadel/pak01_dir.vpk!models/animgraph2/trooper_humanoid/dmx/animation/in_air_loop.vnmclip_c	1422456/9192361732058507254	e23098e2a0cdb1cbddce1a4a46da1a3cc04771ce4e9146d6d126481590c5c182
game/citadel/models/animgraph2/trooper_humanoid/dmx/animation/jump_land.vnmclip_c	5355	citadel-runtime-and-assets	same-name-current-deadlock-vpk-member-listed	game/citadel/pak01_dir.vpk!models/animgraph2/trooper_humanoid/dmx/animation/jump_land.vnmclip_c	1422456/9192361732058507254	3baa803fc983360b8fd899f7558a636d5b85cc0312c066f0204384fe01004026
game/citadel/models/animgraph2/trooper_humanoid/dmx/animation/melee_attack_01.vnmclip_c	13625	citadel-runtime-and-assets	same-name-current-deadlock-vpk-member-listed	game/citadel/pak01_dir.vpk!models/animgraph2/trooper_humanoid/dmx/animation/melee_attack_01.vnmclip_c	1422456/9192361732058507254	e50b10e1525e1d271f81d2bfe021c25d65de6977d730fdd42dd6cf94078099ea
game/citadel/models/animgraph2/trooper_humanoid/dmx/animation/melee_attack_02.vnmclip_c	14533	citadel-runtime-and-assets	same-name-current-deadlock-vpk-member-listed	game/citadel/pak01_dir.vpk!models/animgraph2/trooper_humanoid/dmx/animation/melee_attack_02.vnmclip_c	1422456/9192361732058507254	ee942a626c96fa0293f2faba377c6c2ebc9ffa30c3f20aa2646d8f64cca499af
game/citadel/models/animgraph2/trooper_humanoid/dmx/animation/melee_attack_03.vnmclip_c	13323	citadel-runtime-and-assets	same-name-current-deadlock-vpk-member-listed	game/citadel/pak01_dir.vpk!models/animgraph2/trooper_humanoid/dmx/animation/melee_attack_03.vnmclip_c	1422456/9192361732058507254	29a8f7f4da8a652224665bf1236a5df868cf18992c2c767d692b783f3d56d17d
game/citadel/models/animgraph2/trooper_humanoid/dmx/animation/near_death.vnmclip_c	18349	citadel-runtime-and-assets	same-name-current-deadlock-vpk-member-listed	game/citadel/pak01_dir.vpk!models/animgraph2/trooper_humanoid/dmx/animation/near_death.vnmclip_c	1422456/9192361732058507254	0e6786170c6c3663111130efa5d25b7cf610f07331905d65b55d4ce3dd114e6d
game/citadel/models/animgraph2/trooper_humanoid/dmx/animation/primary_aim_sweeps.vnmclip_c	13183	citadel-runtime-and-assets	same-name-current-deadlock-vpk-member-listed	game/citadel/pak01_dir.vpk!models/animgraph2/trooper_humanoid/dmx/animation/primary_aim_sweeps.vnmclip_c	1422456/9192361732058507254	cefb07c31ffdfcada6def55f6120a936a160b77eea202dc1a416596fc99894be
game/citadel/models/animgraph2/trooper_humanoid/dmx/animation/primary_crouch_has_target.vnmclip_c	27838	citadel-runtime-and-assets	same-name-current-deadlock-vpk-member-listed	game/citadel/pak01_dir.vpk!models/animgraph2/trooper_humanoid/dmx/animation/primary_crouch_has_target.vnmclip_c	1422456/9192361732058507254	cd6171257c4e614411db0ea6f8e0d6c0bd84c0fd330a2b3363443a872f939070
game/citadel/models/animgraph2/trooper_humanoid/dmx/animation/primary_has_target_aim.vnmclip_c	5430	citadel-runtime-and-assets	same-name-current-deadlock-vpk-member-listed	game/citadel/pak01_dir.vpk!models/animgraph2/trooper_humanoid/dmx/animation/primary_has_target_aim.vnmclip_c	1422456/9192361732058507254	ab5d561c7c4ab988316dc88b208f3083402b2beb27c95d2b6dff0c104b0e1548
game/citadel/models/animgraph2/trooper_humanoid/dmx/animation/primary_idle_has_target.vnmclip_c	27026	citadel-runtime-and-assets	same-name-current-deadlock-vpk-member-listed	game/citadel/pak01_dir.vpk!models/animgraph2/trooper_humanoid/dmx/animation/primary_idle_has_target.vnmclip_c	1422456/9192361732058507254	da65f2c704fb169700ff60109ca8f1b572cee539478c57dbdf53631cbc051fe9
game/citadel/models/animgraph2/trooper_humanoid/dmx/animation/primary_idle_no_target.vnmclip_c	28127	citadel-runtime-and-assets	same-name-current-deadlock-vpk-member-listed	game/citadel/pak01_dir.vpk!models/animgraph2/trooper_humanoid/dmx/animation/primary_idle_no_target.vnmclip_c	1422456/9192361732058507254	a57dfd2841bb54a605914fad08311755404964b6da0a2cabd94d2cb96d0d3bb5
game/citadel/models/animgraph2/trooper_humanoid/dmx/animation/primary_no_target_aim.vnmclip_c	5477	citadel-runtime-and-assets	same-name-current-deadlock-vpk-member-listed	game/citadel/pak01_dir.vpk!models/animgraph2/trooper_humanoid/dmx/animation/primary_no_target_aim.vnmclip_c	1422456/9192361732058507254	82071f50d73f53d589bcc7590ed00a9bd29f756825391e738fadf415390c82b9
game/citadel/models/animgraph2/trooper_humanoid/dmx/animation/primary_run300_e.vnmclip_c	8649	citadel-runtime-and-assets	same-name-current-deadlock-vpk-member-listed	game/citadel/pak01_dir.vpk!models/animgraph2/trooper_humanoid/dmx/animation/primary_run300_e.vnmclip_c	1422456/9192361732058507254	87b96c5e36f53ed19e327674f02ca29117f29549f22e31bf46898fb827a86c17
game/citadel/models/animgraph2/trooper_humanoid/dmx/animation/primary_run300_n.vnmclip_c	8621	citadel-runtime-and-assets	same-name-current-deadlock-vpk-member-listed	game/citadel/pak01_dir.vpk!models/animgraph2/trooper_humanoid/dmx/animation/primary_run300_n.vnmclip_c	1422456/9192361732058507254	18d8f4e102cfbdaccbddba34615a6d32cd2e3a9f2b46b1a84fc67e949eb5d69d
game/citadel/models/animgraph2/trooper_humanoid/dmx/animation/primary_run300_ne.vnmclip_c	8733	citadel-runtime-and-assets	same-name-current-deadlock-vpk-member-listed	game/citadel/pak01_dir.vpk!models/animgraph2/trooper_humanoid/dmx/animation/primary_run300_ne.vnmclip_c	1422456/9192361732058507254	cfd280b46b373af9ed6ace9d4bba4ce0725c3b91795ca13e9d9a09b199b0ce44
game/citadel/models/animgraph2/trooper_humanoid/dmx/animation/primary_run300_nw.vnmclip_c	8742	citadel-runtime-and-assets	same-name-current-deadlock-vpk-member-listed	game/citadel/pak01_dir.vpk!models/animgraph2/trooper_humanoid/dmx/animation/primary_run300_nw.vnmclip_c	1422456/9192361732058507254	d2086571c48726176fadaac067654dc3db01246d476dbda6d2fd2286a24ba515
game/citadel/models/animgraph2/trooper_humanoid/dmx/animation/primary_run300_s.vnmclip_c	8580	citadel-runtime-and-assets	same-name-current-deadlock-vpk-member-listed	game/citadel/pak01_dir.vpk!models/animgraph2/trooper_humanoid/dmx/animation/primary_run300_s.vnmclip_c	1422456/9192361732058507254	f409168267a7e4daea6c8fc5049ee69f4f72e21475bffddaf495fcb22296c335
game/citadel/models/animgraph2/trooper_humanoid/dmx/animation/primary_run300_se.vnmclip_c	8762	citadel-runtime-and-assets	same-name-current-deadlock-vpk-member-listed	game/citadel/pak01_dir.vpk!models/animgraph2/trooper_humanoid/dmx/animation/primary_run300_se.vnmclip_c	1422456/9192361732058507254	2fc773de585af47dc02b0fdfdd6ad3e20f0e0e819643b7fef60ac0e80c0be0de
game/citadel/models/animgraph2/trooper_humanoid/dmx/animation/primary_run300_sw.vnmclip_c	8658	citadel-runtime-and-assets	same-name-current-deadlock-vpk-member-listed	game/citadel/pak01_dir.vpk!models/animgraph2/trooper_humanoid/dmx/animation/primary_run300_sw.vnmclip_c	1422456/9192361732058507254	5201db75c01ad56caba7ab57e38bfb53f4582686182b1692b7e623966ab8f4a9
game/citadel/models/animgraph2/trooper_humanoid/dmx/animation/primary_run300_w.vnmclip_c	8613	citadel-runtime-and-assets	same-name-current-deadlock-vpk-member-listed	game/citadel/pak01_dir.vpk!models/animgraph2/trooper_humanoid/dmx/animation/primary_run300_w.vnmclip_c	1422456/9192361732058507254	712dd4016b6d4cb3cc3aa7b3854acf74d486d6c6700eb12cadea3b07ec2d61b2
game/citadel/models/animgraph2/trooper_humanoid/dmx/animation/primary_run_armflat_center.vnmclip_c	8450	citadel-runtime-and-assets	same-name-current-deadlock-vpk-member-listed	game/citadel/pak01_dir.vpk!models/animgraph2/trooper_humanoid/dmx/animation/primary_run_armflat_center.vnmclip_c	1422456/9192361732058507254	479583a21c8bec7f0b892f80b9ce69180b466f6f49cb43b7f8936de34b05272e
game/citadel/models/animgraph2/trooper_humanoid/dmx/animation/primary_run_armflat_e.vnmclip_c	8767	citadel-runtime-and-assets	same-name-current-deadlock-vpk-member-listed	game/citadel/pak01_dir.vpk!models/animgraph2/trooper_humanoid/dmx/animation/primary_run_armflat_e.vnmclip_c	1422456/9192361732058507254	2a72a92f85980f2da8c7f3aa7bb19a937a4ab71967e5aae1fbd1f71a4b9ee085
game/citadel/models/animgraph2/trooper_humanoid/dmx/animation/primary_run_armflat_n.vnmclip_c	9328	citadel-runtime-and-assets	same-name-current-deadlock-vpk-member-listed	game/citadel/pak01_dir.vpk!models/animgraph2/trooper_humanoid/dmx/animation/primary_run_armflat_n.vnmclip_c	1422456/9192361732058507254	d857e94b3f9817d9814ea1f94834cd8b9ea7be25f65961c4a1cf30e7bbe5fbbd
game/citadel/models/animgraph2/trooper_humanoid/dmx/animation/primary_run_armflat_ne.vnmclip_c	9468	citadel-runtime-and-assets	same-name-current-deadlock-vpk-member-listed	game/citadel/pak01_dir.vpk!models/animgraph2/trooper_humanoid/dmx/animation/primary_run_armflat_ne.vnmclip_c	1422456/9192361732058507254	fce0e1a92716cd844f640db1e77de871a6969801d29dd674014dabd953aebf46
game/citadel/models/animgraph2/trooper_humanoid/dmx/animation/primary_run_armflat_nw.vnmclip_c	9124	citadel-runtime-and-assets	same-name-current-deadlock-vpk-member-listed	game/citadel/pak01_dir.vpk!models/animgraph2/trooper_humanoid/dmx/animation/primary_run_armflat_nw.vnmclip_c	1422456/9192361732058507254	382840615f32613e8e2f83800483a7e254bb3e549c5ccdea6aa1ecff19609e2a
game/citadel/models/animgraph2/trooper_humanoid/dmx/animation/primary_run_armflat_s.vnmclip_c	8884	citadel-runtime-and-assets	same-name-current-deadlock-vpk-member-listed	game/citadel/pak01_dir.vpk!models/animgraph2/trooper_humanoid/dmx/animation/primary_run_armflat_s.vnmclip_c	1422456/9192361732058507254	32940bf5f690ed53885289c2f6d1e1f16c99c5b4d51476735c16deea6393385b
game/citadel/models/animgraph2/trooper_humanoid/dmx/animation/primary_run_armflat_se.vnmclip_c	8856	citadel-runtime-and-assets	same-name-current-deadlock-vpk-member-listed	game/citadel/pak01_dir.vpk!models/animgraph2/trooper_humanoid/dmx/animation/primary_run_armflat_se.vnmclip_c	1422456/9192361732058507254	eadb42324fa089a0f18c39d22c9cabc02c11ed4231a527306c29a8f83b1ddf86
game/citadel/models/animgraph2/trooper_humanoid/dmx/animation/primary_run_armflat_sw.vnmclip_c	8725	citadel-runtime-and-assets	same-name-current-deadlock-vpk-member-listed	game/citadel/pak01_dir.vpk!models/animgraph2/trooper_humanoid/dmx/animation/primary_run_armflat_sw.vnmclip_c	1422456/9192361732058507254	ea3e51c3913503cf8967ab7e553dfd49e47a69b3f12580a75ac19af6dad58029
game/citadel/models/animgraph2/trooper_humanoid/dmx/animation/primary_run_armflat_w.vnmclip_c	8817	citadel-runtime-and-assets	same-name-current-deadlock-vpk-member-listed	game/citadel/pak01_dir.vpk!models/animgraph2/trooper_humanoid/dmx/animation/primary_run_armflat_w.vnmclip_c	1422456/9192361732058507254	0b98bb9cefa8a0d2776a7b1bd298b3c3124c3a76ec84ca6d2541ac1201c55de2
game/citadel/models/animgraph2/trooper_humanoid/dmx/animation/primary_run_armup_center.vnmclip_c	9298	citadel-runtime-and-assets	same-name-current-deadlock-vpk-member-listed	game/citadel/pak01_dir.vpk!models/animgraph2/trooper_humanoid/dmx/animation/primary_run_armup_center.vnmclip_c	1422456/9192361732058507254	96647741ee4341d0a09cf47c8308170b5352c78fb823993fa4c66349d2c33903
game/citadel/models/animgraph2/trooper_humanoid/dmx/animation/primary_run_armup_e.vnmclip_c	9523	citadel-runtime-and-assets	same-name-current-deadlock-vpk-member-listed	game/citadel/pak01_dir.vpk!models/animgraph2/trooper_humanoid/dmx/animation/primary_run_armup_e.vnmclip_c	1422456/9192361732058507254	7bef9b3475e4d0f12ce796829589920e25175b7e28d52d0d76e89ff9fd6eaf63
game/citadel/models/animgraph2/trooper_humanoid/dmx/animation/primary_run_armup_n.vnmclip_c	9483	citadel-runtime-and-assets	same-name-current-deadlock-vpk-member-listed	game/citadel/pak01_dir.vpk!models/animgraph2/trooper_humanoid/dmx/animation/primary_run_armup_n.vnmclip_c	1422456/9192361732058507254	f8f502d4271cf79042683399c7469ba127de486467e2ae263250df2e3ad32153
game/citadel/models/animgraph2/trooper_humanoid/dmx/animation/primary_run_armup_ne.vnmclip_c	9614	citadel-runtime-and-assets	same-name-current-deadlock-vpk-member-listed	game/citadel/pak01_dir.vpk!models/animgraph2/trooper_humanoid/dmx/animation/primary_run_armup_ne.vnmclip_c	1422456/9192361732058507254	5a77e87ed7812f4692b573118972a3077c6288c19aba69d4efa346722823b684
game/citadel/models/animgraph2/trooper_humanoid/dmx/animation/primary_run_armup_nw.vnmclip_c	9608	citadel-runtime-and-assets	same-name-current-deadlock-vpk-member-listed	game/citadel/pak01_dir.vpk!models/animgraph2/trooper_humanoid/dmx/animation/primary_run_armup_nw.vnmclip_c	1422456/9192361732058507254	34611ef18384ae68db57b0ffa1c98a10ab6d1af1fbe3f5f72d418ab178bff153
game/citadel/models/animgraph2/trooper_humanoid/dmx/animation/primary_run_armup_s.vnmclip_c	9495	citadel-runtime-and-assets	same-name-current-deadlock-vpk-member-listed	game/citadel/pak01_dir.vpk!models/animgraph2/trooper_humanoid/dmx/animation/primary_run_armup_s.vnmclip_c	1422456/9192361732058507254	9ae6ea06e7e05927c9aff2cbd93db200a4ab72d6a257606ff89ef41c97d98921
game/citadel/models/animgraph2/trooper_humanoid/dmx/animation/primary_run_armup_se.vnmclip_c	9600	citadel-runtime-and-assets	same-name-current-deadlock-vpk-member-listed	game/citadel/pak01_dir.vpk!models/animgraph2/trooper_humanoid/dmx/animation/primary_run_armup_se.vnmclip_c	1422456/9192361732058507254	ef669562fe520dd252c13badcc7f608abea687cc53e992f86240980c79dc6e0c
game/citadel/models/animgraph2/trooper_humanoid/dmx/animation/primary_run_armup_sw.vnmclip_c	9582	citadel-runtime-and-assets	same-name-current-deadlock-vpk-member-listed	game/citadel/pak01_dir.vpk!models/animgraph2/trooper_humanoid/dmx/animation/primary_run_armup_sw.vnmclip_c	1422456/9192361732058507254	65b5e344eb0ddcee957f93607489a7e81e14d5760dc8a907229a7444a75c9336
game/citadel/models/animgraph2/trooper_humanoid/dmx/animation/primary_run_armup_w.vnmclip_c	9500	citadel-runtime-and-assets	same-name-current-deadlock-vpk-member-listed	game/citadel/pak01_dir.vpk!models/animgraph2/trooper_humanoid/dmx/animation/primary_run_armup_w.vnmclip_c	1422456/9192361732058507254	71da5eedc6dc1db0142f3e236675be767274786f1c08247847e213b4b2d21c0e
game/citadel/models/animgraph2/trooper_humanoid/dmx/animation/primary_run_center.vnmclip_c	8959	citadel-runtime-and-assets	same-name-current-deadlock-vpk-member-listed	game/citadel/pak01_dir.vpk!models/animgraph2/trooper_humanoid/dmx/animation/primary_run_center.vnmclip_c	1422456/9192361732058507254	df0c420c0011051105bc7539b2078305dd0c8fda3f4ff4e74aa351b16fc15f0f
game/citadel/models/animgraph2/trooper_humanoid/dmx/animation/primary_run_e.vnmclip_c	9487	citadel-runtime-and-assets	same-name-current-deadlock-vpk-member-listed	game/citadel/pak01_dir.vpk!models/animgraph2/trooper_humanoid/dmx/animation/primary_run_e.vnmclip_c	1422456/9192361732058507254	aef47f175f1357876e4cda37deb883340b6ae9d75738111a9be94d90281f86b7
game/citadel/models/animgraph2/trooper_humanoid/dmx/animation/primary_run_n.vnmclip_c	9483	citadel-runtime-and-assets	same-name-current-deadlock-vpk-member-listed	game/citadel/pak01_dir.vpk!models/animgraph2/trooper_humanoid/dmx/animation/primary_run_n.vnmclip_c	1422456/9192361732058507254	ef05d92ab0eddedf8f0bc516a4134e0d6e397193a0a0b6412ad27f9df42de085
game/citadel/models/animgraph2/trooper_humanoid/dmx/animation/primary_run_ne.vnmclip_c	9223	citadel-runtime-and-assets	same-name-current-deadlock-vpk-member-listed	game/citadel/pak01_dir.vpk!models/animgraph2/trooper_humanoid/dmx/animation/primary_run_ne.vnmclip_c	1422456/9192361732058507254	6a75d98871c4edecd3fa97c19548780df041af9a319ff3ac6be5e3dea67011a8
game/citadel/models/animgraph2/trooper_humanoid/dmx/animation/primary_run_nw.vnmclip_c	9652	citadel-runtime-and-assets	same-name-current-deadlock-vpk-member-listed	game/citadel/pak01_dir.vpk!models/animgraph2/trooper_humanoid/dmx/animation/primary_run_nw.vnmclip_c	1422456/9192361732058507254	6a747557f1640d66a4eee77cbe3c6c4459616d1e4d5a4e9dafc4cb2ab16fe267
game/citadel/models/animgraph2/trooper_humanoid/dmx/animation/primary_run_s.vnmclip_c	9581	citadel-runtime-and-assets	same-name-current-deadlock-vpk-member-listed	game/citadel/pak01_dir.vpk!models/animgraph2/trooper_humanoid/dmx/animation/primary_run_s.vnmclip_c	1422456/9192361732058507254	9f9481e10bf13382f509d8d06c111d246f5a15d7a2401455e023fcba77568fc7
game/citadel/models/animgraph2/trooper_humanoid/dmx/animation/primary_run_se.vnmclip_c	9701	citadel-runtime-and-assets	same-name-current-deadlock-vpk-member-listed	game/citadel/pak01_dir.vpk!models/animgraph2/trooper_humanoid/dmx/animation/primary_run_se.vnmclip_c	1422456/9192361732058507254	9d2b8323b2e01a6e97959abaffab03d75e53f5ece94c5238a58df97bc548380f
game/citadel/models/animgraph2/trooper_humanoid/dmx/animation/primary_run_sw.vnmclip_c	9682	citadel-runtime-and-assets	same-name-current-deadlock-vpk-member-listed	game/citadel/pak01_dir.vpk!models/animgraph2/trooper_humanoid/dmx/animation/primary_run_sw.vnmclip_c	1422456/9192361732058507254	e3f054087345efd48078340f9400a243ab9aad9e888ba766206a309ec1a1e1e3
game/citadel/models/animgraph2/trooper_humanoid/dmx/animation/primary_run_w.vnmclip_c	9458	citadel-runtime-and-assets	same-name-current-deadlock-vpk-member-listed	game/citadel/pak01_dir.vpk!models/animgraph2/trooper_humanoid/dmx/animation/primary_run_w.vnmclip_c	1422456/9192361732058507254	0874debcad454ad4f7ef6b50666323133a9e58b2183de5b15f1d6e2c7fdbe00e
game/citadel/models/animgraph2/trooper_humanoid/dmx/animation/primary_shoot.vnmclip_c	5513	citadel-runtime-and-assets	same-name-current-deadlock-vpk-member-listed	game/citadel/pak01_dir.vpk!models/animgraph2/trooper_humanoid/dmx/animation/primary_shoot.vnmclip_c	1422456/9192361732058507254	c1ce0e994fda89c59d3c0c9407109ec91a733ad5c532d54f0a1e6183d3e29ae7
game/citadel/models/animgraph2/trooper_humanoid/dmx/animation/primary_stand_reload.vnmclip_c	12907	citadel-runtime-and-assets	same-name-current-deadlock-vpk-member-listed	game/citadel/pak01_dir.vpk!models/animgraph2/trooper_humanoid/dmx/animation/primary_stand_reload.vnmclip_c	1422456/9192361732058507254	c7c41a836ab24cf07f60e1883dd86424a507499803bd28cfa03d7e6fa72f9485
game/citadel/models/animgraph2/trooper_humanoid/dmx/animation/run_stop.vnmclip_c	5806	citadel-runtime-and-assets	same-name-current-deadlock-vpk-member-listed	game/citadel/pak01_dir.vpk!models/animgraph2/trooper_humanoid/dmx/animation/run_stop.vnmclip_c	1422456/9192361732058507254	8397814aa3d376ae589ec7b829f00fe1fb1a28ef6830c46ff771366d08a4b7da
game/citadel/models/animgraph2/trooper_humanoid/dmx/animation/short_flinch_back_01.vnmclip_c	4263	citadel-runtime-and-assets	same-name-current-deadlock-vpk-member-listed	game/citadel/pak01_dir.vpk!models/animgraph2/trooper_humanoid/dmx/animation/short_flinch_back_01.vnmclip_c	1422456/9192361732058507254	f54d56d0915cf6f49b403bf1c260d04ba0a149c891d378b8be40dd9521c9e999
game/citadel/models/animgraph2/trooper_humanoid/dmx/animation/short_flinch_back_02.vnmclip_c	4511	citadel-runtime-and-assets	same-name-current-deadlock-vpk-member-listed	game/citadel/pak01_dir.vpk!models/animgraph2/trooper_humanoid/dmx/animation/short_flinch_back_02.vnmclip_c	1422456/9192361732058507254	8645138a407acc9af4aebfb76b85250db6616f427a7d6fe55a1c22c706580882
game/citadel/models/animgraph2/trooper_humanoid/dmx/animation/short_flinch_fwd_01.vnmclip_c	4740	citadel-runtime-and-assets	same-name-current-deadlock-vpk-member-listed	game/citadel/pak01_dir.vpk!models/animgraph2/trooper_humanoid/dmx/animation/short_flinch_fwd_01.vnmclip_c	1422456/9192361732058507254	c7ecd58721800aecfb93c5248f2d32fe80bef2403cf3b0516a429eb282e67381
game/citadel/models/animgraph2/trooper_humanoid/dmx/animation/short_flinch_fwd_02.vnmclip_c	4412	citadel-runtime-and-assets	same-name-current-deadlock-vpk-member-listed	game/citadel/pak01_dir.vpk!models/animgraph2/trooper_humanoid/dmx/animation/short_flinch_fwd_02.vnmclip_c	1422456/9192361732058507254	241c9de8ebd80383cd643bb05aba7271724f7dc6729cc904fcfa5f66ead6ceab
game/citadel/models/animgraph2/trooper_humanoid/dmx/animation/short_flinch_l_01.vnmclip_c	4623	citadel-runtime-and-assets	same-name-current-deadlock-vpk-member-listed	game/citadel/pak01_dir.vpk!models/animgraph2/trooper_humanoid/dmx/animation/short_flinch_l_01.vnmclip_c	1422456/9192361732058507254	20c8bd5d6623f130d9b52472b13b490dbebf1a5992f700fe66d5f81ff295e906
game/citadel/models/animgraph2/trooper_humanoid/dmx/animation/short_flinch_l_02.vnmclip_c	4801	citadel-runtime-and-assets	same-name-current-deadlock-vpk-member-listed	game/citadel/pak01_dir.vpk!models/animgraph2/trooper_humanoid/dmx/animation/short_flinch_l_02.vnmclip_c	1422456/9192361732058507254	b05478c0c9ce915903e929100daf40518cd0547041fec89989d44a2e46c5cb9b
game/citadel/models/animgraph2/trooper_humanoid/dmx/animation/short_flinch_r_01.vnmclip_c	4817	citadel-runtime-and-assets	same-name-current-deadlock-vpk-member-listed	game/citadel/pak01_dir.vpk!models/animgraph2/trooper_humanoid/dmx/animation/short_flinch_r_01.vnmclip_c	1422456/9192361732058507254	7084a25c2e8cd5daf27f0e701a6dbf1102f710dd471deb465c7a9f62c9b6c99a
game/citadel/models/animgraph2/trooper_humanoid/dmx/animation/short_flinch_r_02.vnmclip_c	6906	citadel-runtime-and-assets	same-name-current-deadlock-vpk-member-listed	game/citadel/pak01_dir.vpk!models/animgraph2/trooper_humanoid/dmx/animation/short_flinch_r_02.vnmclip_c	1422456/9192361732058507254	a6c8e03475406f89de23df0ef5ff650ceb464f0c0150a044f58084d56428a86b
game/citadel/models/animgraph2/trooper_humanoid/dmx/animation/turn_90_crouch_l.vnmclip_c	9316	citadel-runtime-and-assets	same-name-current-deadlock-vpk-member-listed	game/citadel/pak01_dir.vpk!models/animgraph2/trooper_humanoid/dmx/animation/turn_90_crouch_l.vnmclip_c	1422456/9192361732058507254	e97559df01cf556152456640a1d40d69c785bbdf1204298c4dda3446cd5d4ee8
game/citadel/models/animgraph2/trooper_humanoid/dmx/animation/turn_90_crouch_r.vnmclip_c	9316	citadel-runtime-and-assets	same-name-current-deadlock-vpk-member-listed	game/citadel/pak01_dir.vpk!models/animgraph2/trooper_humanoid/dmx/animation/turn_90_crouch_r.vnmclip_c	1422456/9192361732058507254	84273c4b1de2dfcb0070f8e49b1f6d22b81df0553e38c11a2f0774166a83fde1
game/citadel/models/animgraph2/trooper_humanoid/dmx/animation/turn_90_l.vnmclip_c	6705	citadel-runtime-and-assets	same-name-current-deadlock-vpk-member-listed	game/citadel/pak01_dir.vpk!models/animgraph2/trooper_humanoid/dmx/animation/turn_90_l.vnmclip_c	1422456/9192361732058507254	e646db093c6402cdd8cdb8a7fb62629e838fabda1711ca142c5d9a11b7c8eca2
game/citadel/models/animgraph2/trooper_humanoid/dmx/animation/turn_90_r.vnmclip_c	6228	citadel-runtime-and-assets	same-name-current-deadlock-vpk-member-listed	game/citadel/pak01_dir.vpk!models/animgraph2/trooper_humanoid/dmx/animation/turn_90_r.vnmclip_c	1422456/9192361732058507254	8bc0e2ef91955378840ead08c10544d525fb5ac831fc895c63a6b393f5dc55d4
game/citadel/models/animgraph2/trooper_humanoid/dmx/animation/turn_has_target_90_l.vnmclip_c	6604	citadel-runtime-and-assets	same-name-current-deadlock-vpk-member-listed	game/citadel/pak01_dir.vpk!models/animgraph2/trooper_humanoid/dmx/animation/turn_has_target_90_l.vnmclip_c	1422456/9192361732058507254	1fbc4c47448cd1f0f2fc80f81a05fd44e4ad054f99ac8fb839e6eb11cbfbd1ea
game/citadel/models/animgraph2/trooper_humanoid/dmx/animation/turn_has_target_90_r.vnmclip_c	6507	citadel-runtime-and-assets	same-name-current-deadlock-vpk-member-listed	game/citadel/pak01_dir.vpk!models/animgraph2/trooper_humanoid/dmx/animation/turn_has_target_90_r.vnmclip_c	1422456/9192361732058507254	18820052871efe1b7f1200e4cba06138b47700c039cfde2ac527189c8970065f
game/citadel/models/animgraph2/trooper_humanoid/dmx/animation/turn_no_target_90_l.vnmclip_c	6581	citadel-runtime-and-assets	same-name-current-deadlock-vpk-member-listed	game/citadel/pak01_dir.vpk!models/animgraph2/trooper_humanoid/dmx/animation/turn_no_target_90_l.vnmclip_c	1422456/9192361732058507254	da59a8e79ae51524badcb109287032c1f042e1e9fb51fc9bcaf2ecdff9e02e0f
game/citadel/models/animgraph2/trooper_humanoid/dmx/animation/turn_no_target_90_r.vnmclip_c	6693	citadel-runtime-and-assets	same-name-current-deadlock-vpk-member-listed	game/citadel/pak01_dir.vpk!models/animgraph2/trooper_humanoid/dmx/animation/turn_no_target_90_r.vnmclip_c	1422456/9192361732058507254	73c27a9e4e5a577009577797866d1a30199d56cb309379e24e5f9b7ecbc41e0d
game/citadel/models/animgraph2/trooper_humanoid/dmx/animation/zipline_fall_to.vnmclip_c	16906	citadel-runtime-and-assets	same-name-current-deadlock-vpk-member-listed	game/citadel/pak01_dir.vpk!models/animgraph2/trooper_humanoid/dmx/animation/zipline_fall_to.vnmclip_c	1422456/9192361732058507254	4c23d7ff43588469cdd8b76f579bff5ba1b80fe79e9808b353bfd52d04b51f76
game/citadel/models/animgraph2/trooper_humanoid/dmx/animation/zipline_ride.vnmclip_c	4461	citadel-runtime-and-assets	same-name-current-deadlock-vpk-member-listed	game/citadel/pak01_dir.vpk!models/animgraph2/trooper_humanoid/dmx/animation/zipline_ride.vnmclip_c	1422456/9192361732058507254	de4cb305201b4e1817aa1d9b0941273e111e1e51c0e0fca625320027f5686718
game/citadel/models/animgraph2/trooper_humanoid/trooper_humanoid.vnmgraph+super_trooper_humanoid.vnmgraph_c	14890	citadel-runtime-and-assets	same-name-current-deadlock-vpk-member-listed	game/citadel/pak01_dir.vpk!models/animgraph2/trooper_humanoid/trooper_humanoid.vnmgraph+super_trooper_humanoid.vnmgraph_c	1422456/9192361732058507254	ab0848a0b2a963d866629ae786c55ba864204ae771ad1786d3c141e4360775e2
game/citadel/models/animgraph2/trooper_humanoid/trooper_humanoid.vnmgraph+super_trooper_medic.vnmgraph_c	13570	citadel-runtime-and-assets	same-name-current-deadlock-vpk-member-listed	game/citadel/pak01_dir.vpk!models/animgraph2/trooper_humanoid/trooper_humanoid.vnmgraph+super_trooper_medic.vnmgraph_c	1422456/9192361732058507254	4df80eafeded7912fa86b02fd6211f116ba598c545900913a147915f402fd142
game/citadel/models/animgraph2/trooper_humanoid/trooper_humanoid.vnmgraph+super_trooper_melee.vnmgraph_c	13634	citadel-runtime-and-assets	same-name-current-deadlock-vpk-member-listed	game/citadel/pak01_dir.vpk!models/animgraph2/trooper_humanoid/trooper_humanoid.vnmgraph+super_trooper_melee.vnmgraph_c	1422456/9192361732058507254	c04c275c0b966dc73535ff5948c81509553b78378202310a2d73f20dace21eec
game/citadel/models/animgraph2/trooper_humanoid/trooper_humanoid.vnmgraph+trooper_humanoid.vnmgraph_c	14883	citadel-runtime-and-assets	same-name-current-deadlock-vpk-member-listed	game/citadel/pak01_dir.vpk!models/animgraph2/trooper_humanoid/trooper_humanoid.vnmgraph+trooper_humanoid.vnmgraph_c	1422456/9192361732058507254	a90d7a7d20b4f3fdfae5efa9b8a72a99661d7441c48090f5efea43bf8a832f38
game/citadel/models/animgraph2/trooper_humanoid/trooper_humanoid.vnmgraph+trooper_medic.vnmgraph_c	13567	citadel-runtime-and-assets	same-name-current-deadlock-vpk-member-listed	game/citadel/pak01_dir.vpk!models/animgraph2/trooper_humanoid/trooper_humanoid.vnmgraph+trooper_medic.vnmgraph_c	1422456/9192361732058507254	258082f26e32dcdd10798d4f91b57773799ef9b1fda6dcfeeaa8cd6ea9d5cb08
game/citadel/models/animgraph2/trooper_humanoid/trooper_humanoid.vnmgraph+trooper_melee.vnmgraph_c	13626	citadel-runtime-and-assets	same-name-current-deadlock-vpk-member-listed	game/citadel/pak01_dir.vpk!models/animgraph2/trooper_humanoid/trooper_humanoid.vnmgraph+trooper_melee.vnmgraph_c	1422456/9192361732058507254	67395677142657fbe956be777149e84b105188697c45c1e6d5424784ce338f02
game/citadel/models/animgraph2/trooper_humanoid/trooper_humanoid.vnmgraph_c	15673	citadel-runtime-and-assets	same-name-current-deadlock-vpk-member-listed	game/citadel/pak01_dir.vpk!models/animgraph2/trooper_humanoid/trooper_humanoid.vnmgraph_c	1422456/9192361732058507254	a9d1711503690c654394cffedbc63893f014dd6c48aa2ffb2c053b48e8a55d59
game/citadel/models/animgraph2/trooper_humanoid/trooper_humanoid_ag2.vanmgrph_c	26427	citadel-runtime-and-assets	no-current-path-match-in-checked-sources			d78caeb6724e3effde6b7eb9482a2909bb7493c2b981dbfc0cbf39a24fd69658
game/citadel/models/animgraph2/trooper_humanoid/trooper_humanoid_ag2.vmdl_c	1148826	citadel-runtime-and-assets	same-name-current-deadlock-vpk-member-listed	game/citadel/pak01_dir.vpk!models/animgraph2/trooper_humanoid/trooper_humanoid_ag2.vmdl_c	1422456/9192361732058507254	eb7c729a5d04824dbe7057aa72cb19ee0b694bd71bf3377a61a06f1d6befaa44
game/citadel/models/animgraph2/trooper_medic/dmx/animation/aim_primary_high.vnmclip_c	6202	citadel-runtime-and-assets	same-name-current-deadlock-vpk-member-listed	game/citadel/pak01_dir.vpk!models/animgraph2/trooper_medic/dmx/animation/aim_primary_high.vnmclip_c	1422456/9192361732058507254	399d26f20937e57975121e65760e5e357a2aed9e617b43e2f44b3a061b625986
game/citadel/models/animgraph2/trooper_medic/dmx/animation/aim_primary_low.vnmclip_c	6306	citadel-runtime-and-assets	same-name-current-deadlock-vpk-member-listed	game/citadel/pak01_dir.vpk!models/animgraph2/trooper_medic/dmx/animation/aim_primary_low.vnmclip_c	1422456/9192361732058507254	dd05181a63f715c30f8138cc90430bfd0f3d23d60dcad570bc517595805a74dc
game/citadel/models/animgraph2/trooper_medic/dmx/animation/aim_primary_medium.vnmclip_c	6421	citadel-runtime-and-assets	same-name-current-deadlock-vpk-member-listed	game/citadel/pak01_dir.vpk!models/animgraph2/trooper_medic/dmx/animation/aim_primary_medium.vnmclip_c	1422456/9192361732058507254	00e13da18c096b2f4777f82546ab75e0c5ca3fc632f3594f21fdf9279df8d689
game/citadel/models/animgraph2/trooper_medic/dmx/animation/candle_health.vnmclip_c	5845	citadel-runtime-and-assets	same-name-current-deadlock-vpk-member-listed	game/citadel/pak01_dir.vpk!models/animgraph2/trooper_medic/dmx/animation/candle_health.vnmclip_c	1422456/9192361732058507254	e631af188d76d9bdea489fbe1bd36cca7fd0e52e2f97cb26e8b14ebe92d2c097
game/citadel/models/animgraph2/trooper_medic/dmx/animation/explosion_react.vnmclip_c	16666	citadel-runtime-and-assets	same-name-current-deadlock-vpk-member-listed	game/citadel/pak01_dir.vpk!models/animgraph2/trooper_medic/dmx/animation/explosion_react.vnmclip_c	1422456/9192361732058507254	543507a5e454dcdd9ccac503fc95d71f796bde7c4b95f61f81108e4429564bbb
game/citadel/models/animgraph2/trooper_medic/dmx/animation/explosion_react_crouch.vnmclip_c	16200	citadel-runtime-and-assets	same-name-current-deadlock-vpk-member-listed	game/citadel/pak01_dir.vpk!models/animgraph2/trooper_medic/dmx/animation/explosion_react_crouch.vnmclip_c	1422456/9192361732058507254	0d527df7235317abca2919bb293ccd861111cacfc3bbe16f10ee0aa687fc33c9
game/citadel/models/animgraph2/trooper_medic/dmx/animation/healing_upperbody.vnmclip_c	22831	citadel-runtime-and-assets	same-name-current-deadlock-vpk-member-listed	game/citadel/pak01_dir.vpk!models/animgraph2/trooper_medic/dmx/animation/healing_upperbody.vnmclip_c	1422456/9192361732058507254	71d315e6cbf138884b1da0fdc5768ec1828ae08de5b08f8c4a0a21a6b8ea2726
game/citadel/models/animgraph2/trooper_medic/dmx/animation/idle_crouch_has_target.vnmclip_c	18996	citadel-runtime-and-assets	same-name-current-deadlock-vpk-member-listed	game/citadel/pak01_dir.vpk!models/animgraph2/trooper_medic/dmx/animation/idle_crouch_has_target.vnmclip_c	1422456/9192361732058507254	05d4e48e228a3ae092329e02eafa4eaa3b47230dbfa0ec14ed7ae828b1b5a4be
game/citadel/models/animgraph2/trooper_medic/dmx/animation/idle_has_target.vnmclip_c	19289	citadel-runtime-and-assets	same-name-current-deadlock-vpk-member-listed	game/citadel/pak01_dir.vpk!models/animgraph2/trooper_medic/dmx/animation/idle_has_target.vnmclip_c	1422456/9192361732058507254	f4390daac88b54baa9aa3f00061b923d254dd7bdacf0e625090cccc6af3d3f2d
game/citadel/models/animgraph2/trooper_medic/dmx/animation/idle_no_target.vnmclip_c	21515	citadel-runtime-and-assets	same-name-current-deadlock-vpk-member-listed	game/citadel/pak01_dir.vpk!models/animgraph2/trooper_medic/dmx/animation/idle_no_target.vnmclip_c	1422456/9192361732058507254	08b15f1c4d991ca5b9b05689a3fbd38b955c8b94f8bdc29e4bbb1a7654ca0b4d
game/citadel/models/animgraph2/trooper_medic/dmx/animation/in_air.vnmclip_c	13220	citadel-runtime-and-assets	same-name-current-deadlock-vpk-member-listed	game/citadel/pak01_dir.vpk!models/animgraph2/trooper_medic/dmx/animation/in_air.vnmclip_c	1422456/9192361732058507254	99ab7f230c80be5071cb73e834d11f6bd42e0afef2f85ced8a1feff85fce1916
game/citadel/models/animgraph2/trooper_medic/dmx/animation/jump_land.vnmclip_c	4735	citadel-runtime-and-assets	same-name-current-deadlock-vpk-member-listed	game/citadel/pak01_dir.vpk!models/animgraph2/trooper_medic/dmx/animation/jump_land.vnmclip_c	1422456/9192361732058507254	8097a8db356271f30685fe374fec1c0583db64673f15695f42cad87a02e446bd
game/citadel/models/animgraph2/trooper_medic/dmx/animation/melee_01.vnmclip_c	11581	citadel-runtime-and-assets	same-name-current-deadlock-vpk-member-listed	game/citadel/pak01_dir.vpk!models/animgraph2/trooper_medic/dmx/animation/melee_01.vnmclip_c	1422456/9192361732058507254	42c0dce01f8711d7dadadd4b73213de6e998d08a86347f31a7d57f2caebdccb6
game/citadel/models/animgraph2/trooper_medic/dmx/animation/near_death.vnmclip_c	19520	citadel-runtime-and-assets	same-name-current-deadlock-vpk-member-listed	game/citadel/pak01_dir.vpk!models/animgraph2/trooper_medic/dmx/animation/near_death.vnmclip_c	1422456/9192361732058507254	9bc625bc3f72a081ff46103ab711b54bde7f3896b5727aef979634044a054c1e
game/citadel/models/animgraph2/trooper_medic/dmx/animation/no_target_aim.vnmclip_c	3878	citadel-runtime-and-assets	same-name-current-deadlock-vpk-member-listed	game/citadel/pak01_dir.vpk!models/animgraph2/trooper_medic/dmx/animation/no_target_aim.vnmclip_c	1422456/9192361732058507254	b51123cc9c2558907ead8a79b498532bf1ea580456a95599e6206c285dbcbb33
game/citadel/models/animgraph2/trooper_medic/dmx/animation/no_target_aim_c.vnmclip_c	3324	citadel-runtime-and-assets	same-name-current-deadlock-vpk-member-listed	game/citadel/pak01_dir.vpk!models/animgraph2/trooper_medic/dmx/animation/no_target_aim_c.vnmclip_c	1422456/9192361732058507254	157ef36de293b23da07942bb07d57393e2507fc2f705e332ddd0f3cb05681118
game/citadel/models/animgraph2/trooper_medic/dmx/animation/no_target_aim_dc.vnmclip_c	3353	citadel-runtime-and-assets	same-name-current-deadlock-vpk-member-listed	game/citadel/pak01_dir.vpk!models/animgraph2/trooper_medic/dmx/animation/no_target_aim_dc.vnmclip_c	1422456/9192361732058507254	f9810c0e1b8ca4426d7a6e8e95e0bbe425e60aa8f19508e452f242633562b7f5
game/citadel/models/animgraph2/trooper_medic/dmx/animation/no_target_aim_dl.vnmclip_c	3352	citadel-runtime-and-assets	same-name-current-deadlock-vpk-member-listed	game/citadel/pak01_dir.vpk!models/animgraph2/trooper_medic/dmx/animation/no_target_aim_dl.vnmclip_c	1422456/9192361732058507254	016dc81ee5f1ac752f09cd0dd74d4380e02a544e0cfcb0ff30ead50666af78ef
game/citadel/models/animgraph2/trooper_medic/dmx/animation/no_target_aim_dr.vnmclip_c	3353	citadel-runtime-and-assets	same-name-current-deadlock-vpk-member-listed	game/citadel/pak01_dir.vpk!models/animgraph2/trooper_medic/dmx/animation/no_target_aim_dr.vnmclip_c	1422456/9192361732058507254	e3764ab8d3f2dc873e6b89675232a3fdbcccbe2791e8befcab651cf364da5dd6
game/citadel/models/animgraph2/trooper_medic/dmx/animation/no_target_aim_l.vnmclip_c	3351	citadel-runtime-and-assets	same-name-current-deadlock-vpk-member-listed	game/citadel/pak01_dir.vpk!models/animgraph2/trooper_medic/dmx/animation/no_target_aim_l.vnmclip_c	1422456/9192361732058507254	ef60b2c25eecff390212fb8b071dbf207dd882c610b7649d498dc602f9827b86
game/citadel/models/animgraph2/trooper_medic/dmx/animation/no_target_aim_r.vnmclip_c	3353	citadel-runtime-and-assets	same-name-current-deadlock-vpk-member-listed	game/citadel/pak01_dir.vpk!models/animgraph2/trooper_medic/dmx/animation/no_target_aim_r.vnmclip_c	1422456/9192361732058507254	d07addc64c06f557017ff22d029e67885b7793d2f234a07d7bc4baea727e0628
game/citadel/models/animgraph2/trooper_medic/dmx/animation/no_target_aim_uc.vnmclip_c	3353	citadel-runtime-and-assets	same-name-current-deadlock-vpk-member-listed	game/citadel/pak01_dir.vpk!models/animgraph2/trooper_medic/dmx/animation/no_target_aim_uc.vnmclip_c	1422456/9192361732058507254	24936fd95c1f6b7d7e5d4fd504bc38c4739f9e394e297b408eb2e40cca8bf816
game/citadel/models/animgraph2/trooper_medic/dmx/animation/no_target_aim_ul.vnmclip_c	3353	citadel-runtime-and-assets	same-name-current-deadlock-vpk-member-listed	game/citadel/pak01_dir.vpk!models/animgraph2/trooper_medic/dmx/animation/no_target_aim_ul.vnmclip_c	1422456/9192361732058507254	d5891f859a04d6e0e09b000bcc70200ad0415bc7b5c2f30fe4a35169e638dba9
game/citadel/models/animgraph2/trooper_medic/dmx/animation/no_target_aim_ur.vnmclip_c	3351	citadel-runtime-and-assets	same-name-current-deadlock-vpk-member-listed	game/citadel/pak01_dir.vpk!models/animgraph2/trooper_medic/dmx/animation/no_target_aim_ur.vnmclip_c	1422456/9192361732058507254	efcb421baa3d53afd105898cb74010e2c5c66f61be86d80ac81a673286483574
game/citadel/models/animgraph2/trooper_medic/dmx/animation/primary_fire.vnmclip_c	4704	citadel-runtime-and-assets	same-name-current-deadlock-vpk-member-listed	game/citadel/pak01_dir.vpk!models/animgraph2/trooper_medic/dmx/animation/primary_fire.vnmclip_c	1422456/9192361732058507254	450875849e5661b4bd7a4821436466af6a4f71d12a237b27bf37e57846a88f8e
game/citadel/models/animgraph2/trooper_medic/dmx/animation/primary_reload.vnmclip_c	18914	citadel-runtime-and-assets	same-name-current-deadlock-vpk-member-listed	game/citadel/pak01_dir.vpk!models/animgraph2/trooper_medic/dmx/animation/primary_reload.vnmclip_c	1422456/9192361732058507254	e12f31dd126e5dceeda9e4535ed494ebd88da7a37f1e9e81c88da9adcdc9ecf3
game/citadel/models/animgraph2/trooper_medic/dmx/animation/primary_run100_c.vnmclip_c	10526	citadel-runtime-and-assets	same-name-current-deadlock-vpk-member-listed	game/citadel/pak01_dir.vpk!models/animgraph2/trooper_medic/dmx/animation/primary_run100_c.vnmclip_c	1422456/9192361732058507254	36b88a7f9b2797cf9166b2f562c148002899c2a755383d67cc91c7cd658f2756
game/citadel/models/animgraph2/trooper_medic/dmx/animation/primary_run100_e.vnmclip_c	11266	citadel-runtime-and-assets	same-name-current-deadlock-vpk-member-listed	game/citadel/pak01_dir.vpk!models/animgraph2/trooper_medic/dmx/animation/primary_run100_e.vnmclip_c	1422456/9192361732058507254	3df645593595d4d0c7e90cf13c7010c4e03bbfaca1db165773141d266ec2cbcc
game/citadel/models/animgraph2/trooper_medic/dmx/animation/primary_run100_n.vnmclip_c	11343	citadel-runtime-and-assets	same-name-current-deadlock-vpk-member-listed	game/citadel/pak01_dir.vpk!models/animgraph2/trooper_medic/dmx/animation/primary_run100_n.vnmclip_c	1422456/9192361732058507254	9a7e467c8f8df9fc2b1c7cbe9f5b97abb1e72b52da29b0b00911c2693b7358e6
game/citadel/models/animgraph2/trooper_medic/dmx/animation/primary_run100_ne.vnmclip_c	11446	citadel-runtime-and-assets	same-name-current-deadlock-vpk-member-listed	game/citadel/pak01_dir.vpk!models/animgraph2/trooper_medic/dmx/animation/primary_run100_ne.vnmclip_c	1422456/9192361732058507254	2a03d19a42fb1186dfd372130c440a2999a60cd8af8bcf324850dd665fa99c33
game/citadel/models/animgraph2/trooper_medic/dmx/animation/primary_run100_nw.vnmclip_c	11432	citadel-runtime-and-assets	same-name-current-deadlock-vpk-member-listed	game/citadel/pak01_dir.vpk!models/animgraph2/trooper_medic/dmx/animation/primary_run100_nw.vnmclip_c	1422456/9192361732058507254	52f30df1da39222b14fd16205bb5cabc89d8715de03ebbc8f4ea90adefc16470
game/citadel/models/animgraph2/trooper_medic/dmx/animation/primary_run100_s.vnmclip_c	11165	citadel-runtime-and-assets	same-name-current-deadlock-vpk-member-listed	game/citadel/pak01_dir.vpk!models/animgraph2/trooper_medic/dmx/animation/primary_run100_s.vnmclip_c	1422456/9192361732058507254	5cf0a831576941d7adfd3cf5e0d052065713abe13117b27774242e607ec856db
game/citadel/models/animgraph2/trooper_medic/dmx/animation/primary_run100_se.vnmclip_c	11276	citadel-runtime-and-assets	same-name-current-deadlock-vpk-member-listed	game/citadel/pak01_dir.vpk!models/animgraph2/trooper_medic/dmx/animation/primary_run100_se.vnmclip_c	1422456/9192361732058507254	33396a1f17190572bb00d1eab0e132ef1708b827e25afc9e53ed2a56e3dc706e
game/citadel/models/animgraph2/trooper_medic/dmx/animation/primary_run100_sw.vnmclip_c	11228	citadel-runtime-and-assets	same-name-current-deadlock-vpk-member-listed	game/citadel/pak01_dir.vpk!models/animgraph2/trooper_medic/dmx/animation/primary_run100_sw.vnmclip_c	1422456/9192361732058507254	de1bd0d3b58e465531f658bdd0d64672895f07b4e6c30e55b2312df40dd5fbe3
game/citadel/models/animgraph2/trooper_medic/dmx/animation/primary_run100_w.vnmclip_c	11164	citadel-runtime-and-assets	same-name-current-deadlock-vpk-member-listed	game/citadel/pak01_dir.vpk!models/animgraph2/trooper_medic/dmx/animation/primary_run100_w.vnmclip_c	1422456/9192361732058507254	595490f7a7d164cbb23a3a66768873846045e6833ce0a7971d7ff2ea5cbfcb4e
game/citadel/models/animgraph2/trooper_medic/dmx/animation/primary_run_center.vnmclip_c	9321	citadel-runtime-and-assets	same-name-current-deadlock-vpk-member-listed	game/citadel/pak01_dir.vpk!models/animgraph2/trooper_medic/dmx/animation/primary_run_center.vnmclip_c	1422456/9192361732058507254	88141bf5207abfc047dd5ab416611584e0b1f3ebff39287f52f0a3fad3069239
game/citadel/models/animgraph2/trooper_medic/dmx/animation/primary_run_e.vnmclip_c	9648	citadel-runtime-and-assets	same-name-current-deadlock-vpk-member-listed	game/citadel/pak01_dir.vpk!models/animgraph2/trooper_medic/dmx/animation/primary_run_e.vnmclip_c	1422456/9192361732058507254	505e450015c87468082577989f54fd2aa3a7920fd32641217058c73b98a054c1
game/citadel/models/animgraph2/trooper_medic/dmx/animation/primary_run_n.vnmclip_c	9739	citadel-runtime-and-assets	same-name-current-deadlock-vpk-member-listed	game/citadel/pak01_dir.vpk!models/animgraph2/trooper_medic/dmx/animation/primary_run_n.vnmclip_c	1422456/9192361732058507254	b6aac790088b400f78c4e8562b73e614cfaa42d76dd543f1598fa4faa3109d4e
game/citadel/models/animgraph2/trooper_medic/dmx/animation/primary_run_ne.vnmclip_c	9557	citadel-runtime-and-assets	same-name-current-deadlock-vpk-member-listed	game/citadel/pak01_dir.vpk!models/animgraph2/trooper_medic/dmx/animation/primary_run_ne.vnmclip_c	1422456/9192361732058507254	9f1df4fd98c8daf0fabfafdb7ec28305b5529e908530cf1d7e652cbff0346a24
game/citadel/models/animgraph2/trooper_medic/dmx/animation/primary_run_nw.vnmclip_c	9526	citadel-runtime-and-assets	same-name-current-deadlock-vpk-member-listed	game/citadel/pak01_dir.vpk!models/animgraph2/trooper_medic/dmx/animation/primary_run_nw.vnmclip_c	1422456/9192361732058507254	1b48449832cd0ed1016d6e03a65f4b9f6bea7b689dccd77584e97913ede9bd15
game/citadel/models/animgraph2/trooper_medic/dmx/animation/primary_run_s.vnmclip_c	9685	citadel-runtime-and-assets	same-name-current-deadlock-vpk-member-listed	game/citadel/pak01_dir.vpk!models/animgraph2/trooper_medic/dmx/animation/primary_run_s.vnmclip_c	1422456/9192361732058507254	7527cf11cbffa05c3912a318fffda02fffe6d3e45da6ca39d633efc014832253
game/citadel/models/animgraph2/trooper_medic/dmx/animation/primary_run_se.vnmclip_c	9617	citadel-runtime-and-assets	same-name-current-deadlock-vpk-member-listed	game/citadel/pak01_dir.vpk!models/animgraph2/trooper_medic/dmx/animation/primary_run_se.vnmclip_c	1422456/9192361732058507254	40edb6aa212c1b0b50a6aadde83f4e7d92d042df866265f14c3b3b26ee2f2a31
game/citadel/models/animgraph2/trooper_medic/dmx/animation/primary_run_sw.vnmclip_c	9493	citadel-runtime-and-assets	same-name-current-deadlock-vpk-member-listed	game/citadel/pak01_dir.vpk!models/animgraph2/trooper_medic/dmx/animation/primary_run_sw.vnmclip_c	1422456/9192361732058507254	7c6da630b78b433362dc8d7ab5e80b85b187ce76f5d0bdfb268a405d37673c23
game/citadel/models/animgraph2/trooper_medic/dmx/animation/primary_run_w.vnmclip_c	9656	citadel-runtime-and-assets	same-name-current-deadlock-vpk-member-listed	game/citadel/pak01_dir.vpk!models/animgraph2/trooper_medic/dmx/animation/primary_run_w.vnmclip_c	1422456/9192361732058507254	e9284a7930e038dc6b496b2cbe4166664195905ce32c3d87404da77d3fe21756
game/citadel/models/animgraph2/trooper_medic/dmx/animation/runstop_layer.vnmclip_c	8295	citadel-runtime-and-assets	same-name-current-deadlock-vpk-member-listed	game/citadel/pak01_dir.vpk!models/animgraph2/trooper_medic/dmx/animation/runstop_layer.vnmclip_c	1422456/9192361732058507254	051dfc73c569e65256b07df79d62d30eb943a1caa03e87f0d3f4cd430bd1a539
game/citadel/models/animgraph2/trooper_medic/dmx/animation/short_flinch_back.vnmclip_c	5696	citadel-runtime-and-assets	same-name-current-deadlock-vpk-member-listed	game/citadel/pak01_dir.vpk!models/animgraph2/trooper_medic/dmx/animation/short_flinch_back.vnmclip_c	1422456/9192361732058507254	87cbaba85c6635e3a15646a94d13a85022acc51c0f1ca10c5f5e0653f2454122
game/citadel/models/animgraph2/trooper_medic/dmx/animation/short_flinch_fwd.vnmclip_c	5901	citadel-runtime-and-assets	same-name-current-deadlock-vpk-member-listed	game/citadel/pak01_dir.vpk!models/animgraph2/trooper_medic/dmx/animation/short_flinch_fwd.vnmclip_c	1422456/9192361732058507254	9891ac8b4ded8250e88ef89be83d10e767fdcf299ddf73da6289f0155333f7c6
game/citadel/models/animgraph2/trooper_medic/dmx/animation/short_flinch_l.vnmclip_c	5665	citadel-runtime-and-assets	same-name-current-deadlock-vpk-member-listed	game/citadel/pak01_dir.vpk!models/animgraph2/trooper_medic/dmx/animation/short_flinch_l.vnmclip_c	1422456/9192361732058507254	42eab740176c4a1e68842d43605ba2bfcbef2023248dcf32369b545a96350674
game/citadel/models/animgraph2/trooper_medic/dmx/animation/short_flinch_r.vnmclip_c	5822	citadel-runtime-and-assets	same-name-current-deadlock-vpk-member-listed	game/citadel/pak01_dir.vpk!models/animgraph2/trooper_medic/dmx/animation/short_flinch_r.vnmclip_c	1422456/9192361732058507254	7f08c27532b7a39cdf8597c1db888bc9e80ced6dec91494e464471eb559b02c8
game/citadel/models/animgraph2/trooper_medic/dmx/animation/turn90_crouch_left.vnmclip_c	6484	citadel-runtime-and-assets	same-name-current-deadlock-vpk-member-listed	game/citadel/pak01_dir.vpk!models/animgraph2/trooper_medic/dmx/animation/turn90_crouch_left.vnmclip_c	1422456/9192361732058507254	9d4783257ab20b3ba6a1566334dbd457d697fcfd785ce28483747fc669daa6d4
game/citadel/models/animgraph2/trooper_medic/dmx/animation/turn90_crouch_right.vnmclip_c	7004	citadel-runtime-and-assets	same-name-current-deadlock-vpk-member-listed	game/citadel/pak01_dir.vpk!models/animgraph2/trooper_medic/dmx/animation/turn90_crouch_right.vnmclip_c	1422456/9192361732058507254	fa25e7ebf49750fab642d9f8be098ac314fdf174e53c28183cadd243923cdd0e
game/citadel/models/animgraph2/trooper_medic/dmx/animation/turn90_left.vnmclip_c	6747	citadel-runtime-and-assets	same-name-current-deadlock-vpk-member-listed	game/citadel/pak01_dir.vpk!models/animgraph2/trooper_medic/dmx/animation/turn90_left.vnmclip_c	1422456/9192361732058507254	c411fe392be2551abd2e29584615c3f3aac5f616f4028fce7c96a2340bcb9ac4
game/citadel/models/animgraph2/trooper_medic/dmx/animation/turn90_left_has_target.vnmclip_c	7018	citadel-runtime-and-assets	same-name-current-deadlock-vpk-member-listed	game/citadel/pak01_dir.vpk!models/animgraph2/trooper_medic/dmx/animation/turn90_left_has_target.vnmclip_c	1422456/9192361732058507254	03f33c863a7f421b1fd3d6422c6853eead67300817ead36d249b135097a57c2d
game/citadel/models/animgraph2/trooper_medic/dmx/animation/turn90_left_no_target.vnmclip_c	7004	citadel-runtime-and-assets	same-name-current-deadlock-vpk-member-listed	game/citadel/pak01_dir.vpk!models/animgraph2/trooper_medic/dmx/animation/turn90_left_no_target.vnmclip_c	1422456/9192361732058507254	3f01550b893e92f52a89ae1bfe9ba3fe5d808dbea030ca7f37739bc089558b3f
game/citadel/models/animgraph2/trooper_medic/dmx/animation/turn90_right.vnmclip_c	6770	citadel-runtime-and-assets	same-name-current-deadlock-vpk-member-listed	game/citadel/pak01_dir.vpk!models/animgraph2/trooper_medic/dmx/animation/turn90_right.vnmclip_c	1422456/9192361732058507254	147b2e99d0db8cdd29f3a0ed06ecd640b0f43f903d253d959205c9dacc00d7b1
game/citadel/models/animgraph2/trooper_medic/dmx/animation/turn90_right_has_target.vnmclip_c	7084	citadel-runtime-and-assets	same-name-current-deadlock-vpk-member-listed	game/citadel/pak01_dir.vpk!models/animgraph2/trooper_medic/dmx/animation/turn90_right_has_target.vnmclip_c	1422456/9192361732058507254	6f138dd8f088c63077b5955c8d489c85663d059748ca3d0454ac1b9783657a8f
game/citadel/models/animgraph2/trooper_medic/dmx/animation/turn90_right_no_target.vnmclip_c	6970	citadel-runtime-and-assets	same-name-current-deadlock-vpk-member-listed	game/citadel/pak01_dir.vpk!models/animgraph2/trooper_medic/dmx/animation/turn90_right_no_target.vnmclip_c	1422456/9192361732058507254	38e70a6af3ae1abc4dea06cd7c212c5b11071689968a18cac4904c14f38a852a
game/citadel/models/animgraph2/trooper_medic/dmx/animation/turnl_no_target.vnmclip_c	7004	citadel-runtime-and-assets	same-name-current-deadlock-vpk-member-listed	game/citadel/pak01_dir.vpk!models/animgraph2/trooper_medic/dmx/animation/turnl_no_target.vnmclip_c	1422456/9192361732058507254	85ddfc847454808021cfb37169d24efd31f2fa142d8af721da87e7c22f319c8f
game/citadel/models/animgraph2/trooper_medic/dmx/animation/zipline_detach.vnmclip_c	9818	citadel-runtime-and-assets	same-name-current-deadlock-vpk-member-listed	game/citadel/pak01_dir.vpk!models/animgraph2/trooper_medic/dmx/animation/zipline_detach.vnmclip_c	1422456/9192361732058507254	46ac2d211031d68849699f57dbfc284eb3e1dda591e7327a5fa96997582921dc
game/citadel/models/animgraph2/trooper_medic/dmx/animation/zipline_loop.vnmclip_c	13106	citadel-runtime-and-assets	same-name-current-deadlock-vpk-member-listed	game/citadel/pak01_dir.vpk!models/animgraph2/trooper_medic/dmx/animation/zipline_loop.vnmclip_c	1422456/9192361732058507254	51ae3ec65e91249822127fd2eb835f458bb510caffd69d014877da117f8d86a4
game/citadel/models/animgraph2/trooper_medic/trooper_medic.vanmgrph_c	24123	citadel-runtime-and-assets	no-current-path-match-in-checked-sources			799f4e82db06599b45f9e4b785702ff8ca4b32429a9ce41dcf2efc5aae92191c
game/citadel/models/animgraph2/trooper_medic/trooper_medic.vmdl_c	1673376	citadel-runtime-and-assets	same-name-current-deadlock-vpk-member-listed	game/citadel/pak01_dir.vpk!models/animgraph2/trooper_medic/trooper_medic.vmdl_c	1422456/9192361732058507254	f7f7d04faa74fe157e68fed6b39668d6904b625e4943222b1f36aa9d679ce631
game/citadel/models/animgraph2/trooper_melee/dmx/animation/aim_c.vnmclip_c	3336	citadel-runtime-and-assets	same-name-current-deadlock-vpk-member-listed	game/citadel/pak01_dir.vpk!models/animgraph2/trooper_melee/dmx/animation/aim_c.vnmclip_c	1422456/9192361732058507254	011690d445c76bd1d01bda060f3146df775fa4bf44df19e0d073b3a0838f74f5
game/citadel/models/animgraph2/trooper_melee/dmx/animation/aim_dc.vnmclip_c	3347	citadel-runtime-and-assets	same-name-current-deadlock-vpk-member-listed	game/citadel/pak01_dir.vpk!models/animgraph2/trooper_melee/dmx/animation/aim_dc.vnmclip_c	1422456/9192361732058507254	2343c536aa4ec3922c395796741a89ed8760c493c3c7ec85f91c826823bd9f1a
game/citadel/models/animgraph2/trooper_melee/dmx/animation/aim_dl.vnmclip_c	3347	citadel-runtime-and-assets	same-name-current-deadlock-vpk-member-listed	game/citadel/pak01_dir.vpk!models/animgraph2/trooper_melee/dmx/animation/aim_dl.vnmclip_c	1422456/9192361732058507254	290beecf14fe2a08a1b6f129a2f9cf716062a602091d01a100752eb2d905dec5
game/citadel/models/animgraph2/trooper_melee/dmx/animation/aim_dr.vnmclip_c	3347	citadel-runtime-and-assets	same-name-current-deadlock-vpk-member-listed	game/citadel/pak01_dir.vpk!models/animgraph2/trooper_melee/dmx/animation/aim_dr.vnmclip_c	1422456/9192361732058507254	4d2e2db530834aabfa245c444e17aaa4ecac8ca4db22d74d0769c45b54adeb2a
game/citadel/models/animgraph2/trooper_melee/dmx/animation/aim_l.vnmclip_c	3347	citadel-runtime-and-assets	same-name-current-deadlock-vpk-member-listed	game/citadel/pak01_dir.vpk!models/animgraph2/trooper_melee/dmx/animation/aim_l.vnmclip_c	1422456/9192361732058507254	13944a016925b53032364ffb9a1795bde3f6c9a5c7124775930dea3b17656271
game/citadel/models/animgraph2/trooper_melee/dmx/animation/aim_matrix_has_target.vnmclip_c	3722	citadel-runtime-and-assets	same-name-current-deadlock-vpk-member-listed	game/citadel/pak01_dir.vpk!models/animgraph2/trooper_melee/dmx/animation/aim_matrix_has_target.vnmclip_c	1422456/9192361732058507254	1c0f9b8ef2c1fda8b7f92a05b11748e89cc6f564546ff57f55fb658af83c121a
game/citadel/models/animgraph2/trooper_melee/dmx/animation/aim_primary_high.vnmclip_c	5642	citadel-runtime-and-assets	same-name-current-deadlock-vpk-member-listed	game/citadel/pak01_dir.vpk!models/animgraph2/trooper_melee/dmx/animation/aim_primary_high.vnmclip_c	1422456/9192361732058507254	36e17612b3c6bb7c983c49a8dbf567a3ecd4a209d3740a38b34a2fa2eddf04eb
game/citadel/models/animgraph2/trooper_melee/dmx/animation/aim_primary_low.vnmclip_c	5649	citadel-runtime-and-assets	same-name-current-deadlock-vpk-member-listed	game/citadel/pak01_dir.vpk!models/animgraph2/trooper_melee/dmx/animation/aim_primary_low.vnmclip_c	1422456/9192361732058507254	7faa58664fd5a4094c499ffb3ad705f8a5db484e20bb60d02f479664962fc556
game/citadel/models/animgraph2/trooper_melee/dmx/animation/aim_primary_medium.vnmclip_c	5752	citadel-runtime-and-assets	same-name-current-deadlock-vpk-member-listed	game/citadel/pak01_dir.vpk!models/animgraph2/trooper_melee/dmx/animation/aim_primary_medium.vnmclip_c	1422456/9192361732058507254	fef9d7858361403c340fa4dd3855fa1a6b0034e03e872f8c68978cd0ec2c4362
game/citadel/models/animgraph2/trooper_melee/dmx/animation/aim_r.vnmclip_c	3347	citadel-runtime-and-assets	same-name-current-deadlock-vpk-member-listed	game/citadel/pak01_dir.vpk!models/animgraph2/trooper_melee/dmx/animation/aim_r.vnmclip_c	1422456/9192361732058507254	3fb090878fb3b64a329c758e37db95a4fb124eee125bd7367fcb1aa96e3eb685
game/citadel/models/animgraph2/trooper_melee/dmx/animation/aim_uc.vnmclip_c	3347	citadel-runtime-and-assets	same-name-current-deadlock-vpk-member-listed	game/citadel/pak01_dir.vpk!models/animgraph2/trooper_melee/dmx/animation/aim_uc.vnmclip_c	1422456/9192361732058507254	8c0beb11602a4bf721e176eb869b27f17e3714232d40e2c0ae64cd91587b89d2
game/citadel/models/animgraph2/trooper_melee/dmx/animation/aim_ul.vnmclip_c	3347	citadel-runtime-and-assets	same-name-current-deadlock-vpk-member-listed	game/citadel/pak01_dir.vpk!models/animgraph2/trooper_melee/dmx/animation/aim_ul.vnmclip_c	1422456/9192361732058507254	8ff3dcee69f94646bc0ba074466f01ea1b60e1e7c05b768361dd8f7868cf2ee9
game/citadel/models/animgraph2/trooper_melee/dmx/animation/aim_ur.vnmclip_c	3347	citadel-runtime-and-assets	same-name-current-deadlock-vpk-member-listed	game/citadel/pak01_dir.vpk!models/animgraph2/trooper_melee/dmx/animation/aim_ur.vnmclip_c	1422456/9192361732058507254	0b606ce20e252f8cb4db4751e730ad555957a42addc3c2e770d417555f78ce12
game/citadel/models/animgraph2/trooper_melee/dmx/animation/candle_health.vnmclip_c	5795	citadel-runtime-and-assets	same-name-current-deadlock-vpk-member-listed	game/citadel/pak01_dir.vpk!models/animgraph2/trooper_melee/dmx/animation/candle_health.vnmclip_c	1422456/9192361732058507254	fd2f240d98f69cd0aa5fdcc7b31c706fb383b800dff4478e1b8b116527ab6308
game/citadel/models/animgraph2/trooper_melee/dmx/animation/cheer_01.vnmclip_c	11858	citadel-runtime-and-assets	same-name-current-deadlock-vpk-member-listed	game/citadel/pak01_dir.vpk!models/animgraph2/trooper_melee/dmx/animation/cheer_01.vnmclip_c	1422456/9192361732058507254	4625a074a504c1623d5fee1ea234f1e2a5ba1a220fa755c5dd0a36bd4dc6eac3
game/citadel/models/animgraph2/trooper_melee/dmx/animation/explosion_react_stand.vnmclip_c	12049	citadel-runtime-and-assets	same-name-current-deadlock-vpk-member-listed	game/citadel/pak01_dir.vpk!models/animgraph2/trooper_melee/dmx/animation/explosion_react_stand.vnmclip_c	1422456/9192361732058507254	de53c6694ea4739b3167d7f75582ad2cfebba84fd81b7961d6494fdc413d3f5c
game/citadel/models/animgraph2/trooper_melee/dmx/animation/in_air_loop.vnmclip_c	10953	citadel-runtime-and-assets	same-name-current-deadlock-vpk-member-listed	game/citadel/pak01_dir.vpk!models/animgraph2/trooper_melee/dmx/animation/in_air_loop.vnmclip_c	1422456/9192361732058507254	fb8c3c467b8ea3b464dd121026b81b89681dcd2e5615f8a18f26b1516e6a3a3a
game/citadel/models/animgraph2/trooper_melee/dmx/animation/jump_land.vnmclip_c	4565	citadel-runtime-and-assets	same-name-current-deadlock-vpk-member-listed	game/citadel/pak01_dir.vpk!models/animgraph2/trooper_melee/dmx/animation/jump_land.vnmclip_c	1422456/9192361732058507254	005facd62150c7330872df5ce2fdc9c2b5ef78739455695efbd80d569192c0a7
game/citadel/models/animgraph2/trooper_melee/dmx/animation/melee_attack.vnmclip_c	11342	citadel-runtime-and-assets	same-name-current-deadlock-vpk-member-listed	game/citadel/pak01_dir.vpk!models/animgraph2/trooper_melee/dmx/animation/melee_attack.vnmclip_c	1422456/9192361732058507254	9c50c2f41f7945830672f90513b3339a219d8f88deb2bda547cc171fbebe7379
game/citadel/models/animgraph2/trooper_melee/dmx/animation/melee_attack_03.vnmclip_c	10292	citadel-runtime-and-assets	same-name-current-deadlock-vpk-member-listed	game/citadel/pak01_dir.vpk!models/animgraph2/trooper_melee/dmx/animation/melee_attack_03.vnmclip_c	1422456/9192361732058507254	f3599bff8e22e18c143aa4a275496690b78f1af034d94a9ec3b1695bb883b629
game/citadel/models/animgraph2/trooper_melee/dmx/animation/melee_attack_04.vnmclip_c	10385	citadel-runtime-and-assets	same-name-current-deadlock-vpk-member-listed	game/citadel/pak01_dir.vpk!models/animgraph2/trooper_melee/dmx/animation/melee_attack_04.vnmclip_c	1422456/9192361732058507254	13c9be8adac603eea12dfaa8057ed5e688e1de6da44b4699c7d8ab4825dab202
game/citadel/models/animgraph2/trooper_melee/dmx/animation/melee_attack_05.vnmclip_c	11980	citadel-runtime-and-assets	same-name-current-deadlock-vpk-member-listed	game/citadel/pak01_dir.vpk!models/animgraph2/trooper_melee/dmx/animation/melee_attack_05.vnmclip_c	1422456/9192361732058507254	4e03c8704582ca6698efc53e6dfa0d24be573caf60ea737690cc1d1f7adeae0d
game/citadel/models/animgraph2/trooper_melee/dmx/animation/melee_attack_06.vnmclip_c	10284	citadel-runtime-and-assets	same-name-current-deadlock-vpk-member-listed	game/citadel/pak01_dir.vpk!models/animgraph2/trooper_melee/dmx/animation/melee_attack_06.vnmclip_c	1422456/9192361732058507254	a6ed113efe0abcfe28559517d41d6cce0332c33b3eae2765356144e1d79f6db9
game/citadel/models/animgraph2/trooper_melee/dmx/animation/melee_attack_07.vnmclip_c	12244	citadel-runtime-and-assets	same-name-current-deadlock-vpk-member-listed	game/citadel/pak01_dir.vpk!models/animgraph2/trooper_melee/dmx/animation/melee_attack_07.vnmclip_c	1422456/9192361732058507254	e65599613cc456a049b6cabe12cecb30d1cdc236eff7bf5d50e98e3cf985e979
game/citadel/models/animgraph2/trooper_melee/dmx/animation/melee_attack_08.vnmclip_c	12628	citadel-runtime-and-assets	same-name-current-deadlock-vpk-member-listed	game/citadel/pak01_dir.vpk!models/animgraph2/trooper_melee/dmx/animation/melee_attack_08.vnmclip_c	1422456/9192361732058507254	73c3f65e97cd581f0f961bd3d86f52b400671e361d267d8b53d963b00ec8e209
game/citadel/models/animgraph2/trooper_melee/dmx/animation/near_death.vnmclip_c	11762	citadel-runtime-and-assets	same-name-current-deadlock-vpk-member-listed	game/citadel/pak01_dir.vpk!models/animgraph2/trooper_melee/dmx/animation/near_death.vnmclip_c	1422456/9192361732058507254	0120670927f8a479c476fc900c1ab05c1ada07714b035a58f64b75e7473a7b78
game/citadel/models/animgraph2/trooper_melee/dmx/animation/primary_crouch_has_target.vnmclip_c	23062	citadel-runtime-and-assets	same-name-current-deadlock-vpk-member-listed	game/citadel/pak01_dir.vpk!models/animgraph2/trooper_melee/dmx/animation/primary_crouch_has_target.vnmclip_c	1422456/9192361732058507254	9e8a3ef3dab74341f255fdb3e9dbcb1104de0b3688b97b19a424b58e81147936
game/citadel/models/animgraph2/trooper_melee/dmx/animation/primary_idle.vnmclip_c	21007	citadel-runtime-and-assets	same-name-current-deadlock-vpk-member-listed	game/citadel/pak01_dir.vpk!models/animgraph2/trooper_melee/dmx/animation/primary_idle.vnmclip_c	1422456/9192361732058507254	c10382e925916f2dc5917bf01a2e1ed70a8dd971443608d537a4480eaa4a98fe
game/citadel/models/animgraph2/trooper_melee/dmx/animation/primary_idle_has_target.vnmclip_c	21023	citadel-runtime-and-assets	same-name-current-deadlock-vpk-member-listed	game/citadel/pak01_dir.vpk!models/animgraph2/trooper_melee/dmx/animation/primary_idle_has_target.vnmclip_c	1422456/9192361732058507254	79c63c1f2700e0262519063b49306adb6609b06e5b904af68513c4b477184a66
game/citadel/models/animgraph2/trooper_melee/dmx/animation/primary_run_center.vnmclip_c	7231	citadel-runtime-and-assets	same-name-current-deadlock-vpk-member-listed	game/citadel/pak01_dir.vpk!models/animgraph2/trooper_melee/dmx/animation/primary_run_center.vnmclip_c	1422456/9192361732058507254	086174b222a9c31b08d4a2fb8453584b49bbb986799b58d075b4b456bff0a6ca
game/citadel/models/animgraph2/trooper_melee/dmx/animation/primary_run_e.vnmclip_c	7611	citadel-runtime-and-assets	same-name-current-deadlock-vpk-member-listed	game/citadel/pak01_dir.vpk!models/animgraph2/trooper_melee/dmx/animation/primary_run_e.vnmclip_c	1422456/9192361732058507254	a4fd20bf219f70ebd8ac4fb60ac79c619e4e6b3f437d1a9722ee34bb3d2a52f1
game/citadel/models/animgraph2/trooper_melee/dmx/animation/primary_run_n.vnmclip_c	7661	citadel-runtime-and-assets	same-name-current-deadlock-vpk-member-listed	game/citadel/pak01_dir.vpk!models/animgraph2/trooper_melee/dmx/animation/primary_run_n.vnmclip_c	1422456/9192361732058507254	67ffa6d9c0ff09c10be135c2b8daf9aad68a23c365902a266cbf991caa8b3a60
game/citadel/models/animgraph2/trooper_melee/dmx/animation/primary_run_ne.vnmclip_c	7692	citadel-runtime-and-assets	same-name-current-deadlock-vpk-member-listed	game/citadel/pak01_dir.vpk!models/animgraph2/trooper_melee/dmx/animation/primary_run_ne.vnmclip_c	1422456/9192361732058507254	70456b87c5c7fc87e9ae7d88463f7b315fab37a9a361d7f263ba26ab308bffa8
game/citadel/models/animgraph2/trooper_melee/dmx/animation/primary_run_nw.vnmclip_c	7708	citadel-runtime-and-assets	same-name-current-deadlock-vpk-member-listed	game/citadel/pak01_dir.vpk!models/animgraph2/trooper_melee/dmx/animation/primary_run_nw.vnmclip_c	1422456/9192361732058507254	933f5d42f6cf72f1ebd44171313a08fe069a7fe5f6a70f49729b2a16467d94d2
game/citadel/models/animgraph2/trooper_melee/dmx/animation/primary_run_s.vnmclip_c	7644	citadel-runtime-and-assets	same-name-current-deadlock-vpk-member-listed	game/citadel/pak01_dir.vpk!models/animgraph2/trooper_melee/dmx/animation/primary_run_s.vnmclip_c	1422456/9192361732058507254	a6357a42ecb6973894ffde5f9ae10400356036037237c7c947c244369fbeaade
game/citadel/models/animgraph2/trooper_melee/dmx/animation/primary_run_se.vnmclip_c	7733	citadel-runtime-and-assets	same-name-current-deadlock-vpk-member-listed	game/citadel/pak01_dir.vpk!models/animgraph2/trooper_melee/dmx/animation/primary_run_se.vnmclip_c	1422456/9192361732058507254	fbcb74eb626293cfd740e37afc547980e38826dd0685d02c1c74b62183467e9b
game/citadel/models/animgraph2/trooper_melee/dmx/animation/primary_run_sw.vnmclip_c	7744	citadel-runtime-and-assets	same-name-current-deadlock-vpk-member-listed	game/citadel/pak01_dir.vpk!models/animgraph2/trooper_melee/dmx/animation/primary_run_sw.vnmclip_c	1422456/9192361732058507254	9635bc4759477622d978bc653df60d72e321fe074e3ccb7560017b0af196aa11
game/citadel/models/animgraph2/trooper_melee/dmx/animation/primary_run_w.vnmclip_c	7509	citadel-runtime-and-assets	same-name-current-deadlock-vpk-member-listed	game/citadel/pak01_dir.vpk!models/animgraph2/trooper_melee/dmx/animation/primary_run_w.vnmclip_c	1422456/9192361732058507254	e20df60549774095472f7e026ddd693a664971b3d8f76c7fdf7f153a9c9562d8
game/citadel/models/animgraph2/trooper_melee/dmx/animation/primary_shoot.vnmclip_c	4760	citadel-runtime-and-assets	same-name-current-deadlock-vpk-member-listed	game/citadel/pak01_dir.vpk!models/animgraph2/trooper_melee/dmx/animation/primary_shoot.vnmclip_c	1422456/9192361732058507254	e8471c0740e4207dbb7953da5b114d7754f960fa9e6398dfa263cf7e57b87834
game/citadel/models/animgraph2/trooper_melee/dmx/animation/primary_stand_reload.vnmclip_c	10009	citadel-runtime-and-assets	same-name-current-deadlock-vpk-member-listed	game/citadel/pak01_dir.vpk!models/animgraph2/trooper_melee/dmx/animation/primary_stand_reload.vnmclip_c	1422456/9192361732058507254	c404b6809c837a220fe7bd391940660fd76f7b564bceb9c1de3c0e700b63c951
game/citadel/models/animgraph2/trooper_melee/dmx/animation/run_stop.vnmclip_c	4449	citadel-runtime-and-assets	same-name-current-deadlock-vpk-member-listed	game/citadel/pak01_dir.vpk!models/animgraph2/trooper_melee/dmx/animation/run_stop.vnmclip_c	1422456/9192361732058507254	48327847db4ea8853756e06e0f8bafd55da79309ff54448203ed0ec706867412
game/citadel/models/animgraph2/trooper_melee/dmx/animation/short_flinch_back_01.vnmclip_c	3940	citadel-runtime-and-assets	same-name-current-deadlock-vpk-member-listed	game/citadel/pak01_dir.vpk!models/animgraph2/trooper_melee/dmx/animation/short_flinch_back_01.vnmclip_c	1422456/9192361732058507254	ec8a655af3148707b56998f197c2bcb8a092a043355a38b9b040e03b6ab76f08
game/citadel/models/animgraph2/trooper_melee/dmx/animation/short_flinch_back_02.vnmclip_c	3923	citadel-runtime-and-assets	same-name-current-deadlock-vpk-member-listed	game/citadel/pak01_dir.vpk!models/animgraph2/trooper_melee/dmx/animation/short_flinch_back_02.vnmclip_c	1422456/9192361732058507254	c07d29b243d3c03bbd9b6d856ad4c12edb52a0c94d5883c39eec9217b7debcb0
game/citadel/models/animgraph2/trooper_melee/dmx/animation/short_flinch_fwd_01.vnmclip_c	4389	citadel-runtime-and-assets	same-name-current-deadlock-vpk-member-listed	game/citadel/pak01_dir.vpk!models/animgraph2/trooper_melee/dmx/animation/short_flinch_fwd_01.vnmclip_c	1422456/9192361732058507254	2ff1fa7263e5b5f2a16211a2e9ee9da8a37f31ab930a52b59ca31299b3ac9124
game/citadel/models/animgraph2/trooper_melee/dmx/animation/short_flinch_fwd_02.vnmclip_c	4133	citadel-runtime-and-assets	same-name-current-deadlock-vpk-member-listed	game/citadel/pak01_dir.vpk!models/animgraph2/trooper_melee/dmx/animation/short_flinch_fwd_02.vnmclip_c	1422456/9192361732058507254	323305aa1e7d02fb7cb8c5e6a2a7eead5a72314b853b65ba8222f10836b16443
game/citadel/models/animgraph2/trooper_melee/dmx/animation/short_flinch_l_01.vnmclip_c	4143	citadel-runtime-and-assets	same-name-current-deadlock-vpk-member-listed	game/citadel/pak01_dir.vpk!models/animgraph2/trooper_melee/dmx/animation/short_flinch_l_01.vnmclip_c	1422456/9192361732058507254	24cc1a6b17855d927bc45efd0bacbe38f5be24358b0aa1711fe609d5e44e7b46
game/citadel/models/animgraph2/trooper_melee/dmx/animation/short_flinch_l_02.vnmclip_c	4284	citadel-runtime-and-assets	same-name-current-deadlock-vpk-member-listed	game/citadel/pak01_dir.vpk!models/animgraph2/trooper_melee/dmx/animation/short_flinch_l_02.vnmclip_c	1422456/9192361732058507254	20995d5298ca9e32fa402d93ac1a34d5f91b17242d4a1ae1041dc161dd185c15
game/citadel/models/animgraph2/trooper_melee/dmx/animation/short_flinch_r_01.vnmclip_c	4257	citadel-runtime-and-assets	same-name-current-deadlock-vpk-member-listed	game/citadel/pak01_dir.vpk!models/animgraph2/trooper_melee/dmx/animation/short_flinch_r_01.vnmclip_c	1422456/9192361732058507254	5a8e8313c88221cf1d8dc8c4c45c6e17819aa482df1b974c27c53ecafa5300bb
game/citadel/models/animgraph2/trooper_melee/dmx/animation/short_flinch_r_02.vnmclip_c	4283	citadel-runtime-and-assets	same-name-current-deadlock-vpk-member-listed	game/citadel/pak01_dir.vpk!models/animgraph2/trooper_melee/dmx/animation/short_flinch_r_02.vnmclip_c	1422456/9192361732058507254	6063042d89c68ce00f3b330b6a91cb9d18eef493974691b1d3d02be8991eab57
game/citadel/models/animgraph2/trooper_melee/dmx/animation/tier1_shield_mode_deploy.vnmclip_c	13373	citadel-runtime-and-assets	same-name-current-deadlock-vpk-member-listed	game/citadel/pak01_dir.vpk!models/animgraph2/trooper_melee/dmx/animation/tier1_shield_mode_deploy.vnmclip_c	1422456/9192361732058507254	1a5e3968b1a2a1d0b03cfaad8eedf2f17d3fa2859a80f02e54becf665ff3955b
game/citadel/models/animgraph2/trooper_melee/dmx/animation/tier1_shield_mode_loop.vnmclip_c	4617	citadel-runtime-and-assets	same-name-current-deadlock-vpk-member-listed	game/citadel/pak01_dir.vpk!models/animgraph2/trooper_melee/dmx/animation/tier1_shield_mode_loop.vnmclip_c	1422456/9192361732058507254	70eef4b33fcfdb12ba1e7b8629671d239d6dfd5e8664446ade03efa88a733b8c
game/citadel/models/animgraph2/trooper_melee/dmx/animation/tier1_shield_mode_retract.vnmclip_c	8504	citadel-runtime-and-assets	same-name-current-deadlock-vpk-member-listed	game/citadel/pak01_dir.vpk!models/animgraph2/trooper_melee/dmx/animation/tier1_shield_mode_retract.vnmclip_c	1422456/9192361732058507254	33d363eee7c0c76ee5e1d7d89430773465f267d6ab23f331dd93f19f8fa47dff
game/citadel/models/animgraph2/trooper_melee/dmx/animation/turn_90_crouch_l.vnmclip_c	9045	citadel-runtime-and-assets	same-name-current-deadlock-vpk-member-listed	game/citadel/pak01_dir.vpk!models/animgraph2/trooper_melee/dmx/animation/turn_90_crouch_l.vnmclip_c	1422456/9192361732058507254	31d99cf371d8dacbfc45f27d45191e4f3dc700d43cf308ee0587207f8f8dc64c
game/citadel/models/animgraph2/trooper_melee/dmx/animation/turn_90_crouch_r.vnmclip_c	9045	citadel-runtime-and-assets	same-name-current-deadlock-vpk-member-listed	game/citadel/pak01_dir.vpk!models/animgraph2/trooper_melee/dmx/animation/turn_90_crouch_r.vnmclip_c	1422456/9192361732058507254	de3810231b337c933f7e8f7dc434f7bbee084ebd2afe3a0d290a18c48f9b25ee
game/citadel/models/animgraph2/trooper_melee/dmx/animation/turn_90_l.vnmclip_c	6839	citadel-runtime-and-assets	same-name-current-deadlock-vpk-member-listed	game/citadel/pak01_dir.vpk!models/animgraph2/trooper_melee/dmx/animation/turn_90_l.vnmclip_c	1422456/9192361732058507254	ebbbd59905dd08046705c562b0c8e6fd0d1de023cd821b24f04e5941393f4d09
game/citadel/models/animgraph2/trooper_melee/dmx/animation/turn_90_r.vnmclip_c	6801	citadel-runtime-and-assets	same-name-current-deadlock-vpk-member-listed	game/citadel/pak01_dir.vpk!models/animgraph2/trooper_melee/dmx/animation/turn_90_r.vnmclip_c	1422456/9192361732058507254	1f92daef3ead4c7191d114ffa1f0c88e73a2a378fe5a7f2c7daf294a2281f240
game/citadel/models/animgraph2/trooper_melee/dmx/animation/zipline_fall_to.vnmclip_c	15666	citadel-runtime-and-assets	same-name-current-deadlock-vpk-member-listed	game/citadel/pak01_dir.vpk!models/animgraph2/trooper_melee/dmx/animation/zipline_fall_to.vnmclip_c	1422456/9192361732058507254	c7236d38441e9d0fbcb0ee71139034b86f6e594d75a916820fc7ad0be81ac240
game/citadel/models/animgraph2/trooper_melee/dmx/animation/zipline_ride.vnmclip_c	4399	citadel-runtime-and-assets	same-name-current-deadlock-vpk-member-listed	game/citadel/pak01_dir.vpk!models/animgraph2/trooper_melee/dmx/animation/zipline_ride.vnmclip_c	1422456/9192361732058507254	3628b74df978dd8775cdf5c954a68fde9fe6a624a753675ea01419e947be997d
game/citadel/models/animgraph2/trooper_melee/trooper_melee.vanmgrph_c	24495	citadel-runtime-and-assets	no-current-path-match-in-checked-sources			ef0b922c7ec73a2e03be011e911bc3d7e6eaf27c8fb480d15cfa08f9ab2fa380
game/citadel/models/animgraph2/trooper_melee/trooper_melee.vmdl_c	1163087	citadel-runtime-and-assets	same-name-current-deadlock-vpk-member-listed	game/citadel/pak01_dir.vpk!models/animgraph2/trooper_melee/trooper_melee.vmdl_c	1422456/9192361732058507254	c6954238ec3400dcfedb90751973a870d0fcf4c0675c818545453c223aecca13
game/citadel/models/animgraph2/trooper_mid_boss/dmx/animation/trooper_mid_boss_aim_c.vnmclip_c	3572	citadel-runtime-and-assets	same-name-current-deadlock-vpk-member-listed	game/citadel/pak01_dir.vpk!models/animgraph2/trooper_mid_boss/dmx/animation/trooper_mid_boss_aim_c.vnmclip_c	1422456/9192361732058507254	5553495c9e40d1c06e6985b8327a5f79752f7a9859e4f3068f2c0e8fedb61aee
game/citadel/models/animgraph2/trooper_mid_boss/dmx/animation/trooper_mid_boss_aim_dc.vnmclip_c	3587	citadel-runtime-and-assets	same-name-current-deadlock-vpk-member-listed	game/citadel/pak01_dir.vpk!models/animgraph2/trooper_mid_boss/dmx/animation/trooper_mid_boss_aim_dc.vnmclip_c	1422456/9192361732058507254	e320cfcf68047fdab8ec2e5d3e0276422f0d20e52c7e9d8fd8af663eaa0d8266
game/citadel/models/animgraph2/trooper_mid_boss/dmx/animation/trooper_mid_boss_aim_dl.vnmclip_c	3657	citadel-runtime-and-assets	same-name-current-deadlock-vpk-member-listed	game/citadel/pak01_dir.vpk!models/animgraph2/trooper_mid_boss/dmx/animation/trooper_mid_boss_aim_dl.vnmclip_c	1422456/9192361732058507254	c2763076f8e9cd2221b2951eaf3de887f56660606f5da81c2b21b65a444a593c
game/citadel/models/animgraph2/trooper_mid_boss/dmx/animation/trooper_mid_boss_aim_dr.vnmclip_c	3656	citadel-runtime-and-assets	same-name-current-deadlock-vpk-member-listed	game/citadel/pak01_dir.vpk!models/animgraph2/trooper_mid_boss/dmx/animation/trooper_mid_boss_aim_dr.vnmclip_c	1422456/9192361732058507254	cf2d8b44a1c099dcb4281f00d015792fcb0fee56a23a5536759defeb91278fdd
game/citadel/models/animgraph2/trooper_mid_boss/dmx/animation/trooper_mid_boss_aim_l.vnmclip_c	3656	citadel-runtime-and-assets	same-name-current-deadlock-vpk-member-listed	game/citadel/pak01_dir.vpk!models/animgraph2/trooper_mid_boss/dmx/animation/trooper_mid_boss_aim_l.vnmclip_c	1422456/9192361732058507254	5a3a5824ff973dc6e581a84186f5933e3c34d6af1bd32305d242e9c808ec580c
game/citadel/models/animgraph2/trooper_mid_boss/dmx/animation/trooper_mid_boss_aim_matrix.vnmclip_c	3587	citadel-runtime-and-assets	same-name-current-deadlock-vpk-member-listed	game/citadel/pak01_dir.vpk!models/animgraph2/trooper_mid_boss/dmx/animation/trooper_mid_boss_aim_matrix.vnmclip_c	1422456/9192361732058507254	5da0cd2cacd5e56baa5773ad4dec2b4e5aeb882bc57d47d0703ff9212dff3a06
game/citadel/models/animgraph2/trooper_mid_boss/dmx/animation/trooper_mid_boss_aim_r.vnmclip_c	3657	citadel-runtime-and-assets	same-name-current-deadlock-vpk-member-listed	game/citadel/pak01_dir.vpk!models/animgraph2/trooper_mid_boss/dmx/animation/trooper_mid_boss_aim_r.vnmclip_c	1422456/9192361732058507254	f14c8cc8fc629705c99bf43ea07de1291e4af5aeecff043123a5eac98df9e246
game/citadel/models/animgraph2/trooper_mid_boss/dmx/animation/trooper_mid_boss_aim_u.vnmclip_c	3590	citadel-runtime-and-assets	same-name-current-deadlock-vpk-member-listed	game/citadel/pak01_dir.vpk!models/animgraph2/trooper_mid_boss/dmx/animation/trooper_mid_boss_aim_u.vnmclip_c	1422456/9192361732058507254	98af15bfd2c9ac717b3469df7255f0b13ad23ef3903ae539db91252755421025
game/citadel/models/animgraph2/trooper_mid_boss/dmx/animation/trooper_mid_boss_aim_ul.vnmclip_c	3656	citadel-runtime-and-assets	same-name-current-deadlock-vpk-member-listed	game/citadel/pak01_dir.vpk!models/animgraph2/trooper_mid_boss/dmx/animation/trooper_mid_boss_aim_ul.vnmclip_c	1422456/9192361732058507254	17696cb3a2b71eaef20240d99d1fdac98b1f9937e93defa1999f26ac49976950
game/citadel/models/animgraph2/trooper_mid_boss/dmx/animation/trooper_mid_boss_aim_ur.vnmclip_c	3655	citadel-runtime-and-assets	same-name-current-deadlock-vpk-member-listed	game/citadel/pak01_dir.vpk!models/animgraph2/trooper_mid_boss/dmx/animation/trooper_mid_boss_aim_ur.vnmclip_c	1422456/9192361732058507254	5bdf1a00e01f89572ab7e4e075a812c19499d5be49ec9afd14469f249095b4cd
game/citadel/models/animgraph2/trooper_mid_boss/dmx/animation/trooper_mid_boss_deploy_01.vnmclip_c	19037	citadel-runtime-and-assets	same-name-current-deadlock-vpk-member-listed	game/citadel/pak01_dir.vpk!models/animgraph2/trooper_mid_boss/dmx/animation/trooper_mid_boss_deploy_01.vnmclip_c	1422456/9192361732058507254	1f7ca43f60ca26f6b38ce0eb6adcb34c745c55ca20ffbb1cc57bcb01cd1ac260
game/citadel/models/animgraph2/trooper_mid_boss/dmx/animation/trooper_mid_boss_deploy_02.vnmclip_c	19195	citadel-runtime-and-assets	same-name-current-deadlock-vpk-member-listed	game/citadel/pak01_dir.vpk!models/animgraph2/trooper_mid_boss/dmx/animation/trooper_mid_boss_deploy_02.vnmclip_c	1422456/9192361732058507254	af008f8b9f326093ee954a92ae4ad92f44b8e6f9d6a3d5d6bf70a6faba3b2242
game/citadel/models/animgraph2/trooper_mid_boss/dmx/animation/trooper_mid_boss_lean_center.vnmclip_c	4179	citadel-runtime-and-assets	same-name-current-deadlock-vpk-member-listed	game/citadel/pak01_dir.vpk!models/animgraph2/trooper_mid_boss/dmx/animation/trooper_mid_boss_lean_center.vnmclip_c	1422456/9192361732058507254	66b645630cfe31fd3393468949b0ca86444d75c1ca339cb9e265bea82d9902e7
game/citadel/models/animgraph2/trooper_mid_boss/dmx/animation/trooper_mid_boss_lean_left.vnmclip_c	3612	citadel-runtime-and-assets	same-name-current-deadlock-vpk-member-listed	game/citadel/pak01_dir.vpk!models/animgraph2/trooper_mid_boss/dmx/animation/trooper_mid_boss_lean_left.vnmclip_c	1422456/9192361732058507254	f9063fa25aad3a3af45335b4123c6f341bcf6ccff5e262903a2fa98960e7c706
game/citadel/models/animgraph2/trooper_mid_boss/dmx/animation/trooper_mid_boss_lean_right.vnmclip_c	4993	citadel-runtime-and-assets	same-name-current-deadlock-vpk-member-listed	game/citadel/pak01_dir.vpk!models/animgraph2/trooper_mid_boss/dmx/animation/trooper_mid_boss_lean_right.vnmclip_c	1422456/9192361732058507254	9a692032f007fa331c8e0581fcb7ba5e92c9986925c2c50d47333da80c00fe35
game/citadel/models/animgraph2/trooper_mid_boss/dmx/animation/trooper_mid_boss_primary_idle.vnmclip_c	25013	citadel-runtime-and-assets	same-name-current-deadlock-vpk-member-listed	game/citadel/pak01_dir.vpk!models/animgraph2/trooper_mid_boss/dmx/animation/trooper_mid_boss_primary_idle.vnmclip_c	1422456/9192361732058507254	e8b6646c5b90060d74be2aa9a0604ca58a2d0878cf141a261b1e55501671f1c2
game/citadel/models/animgraph2/trooper_mid_boss/dmx/animation/trooper_mid_boss_shielded.vnmclip_c	5197	citadel-runtime-and-assets	same-name-current-deadlock-vpk-member-listed	game/citadel/pak01_dir.vpk!models/animgraph2/trooper_mid_boss/dmx/animation/trooper_mid_boss_shielded.vnmclip_c	1422456/9192361732058507254	cad2accfc9925325b453f2876d61ed4e0a291c647a2792e73eb3ad7443e40f67
game/citadel/models/animgraph2/trooper_mid_boss/dmx/animation/trooper_mid_boss_shield_transition.vnmclip_c	18604	citadel-runtime-and-assets	same-name-current-deadlock-vpk-member-listed	game/citadel/pak01_dir.vpk!models/animgraph2/trooper_mid_boss/dmx/animation/trooper_mid_boss_shield_transition.vnmclip_c	1422456/9192361732058507254	2924c1a872d6f63b5bf62c45a6ff887230a390bd749c0172c4d661819f7f404a
game/citadel/models/animgraph2/trooper_mid_boss/dmx/animation/trooper_mid_boss_shoot_01.vnmclip_c	7167	citadel-runtime-and-assets	same-name-current-deadlock-vpk-member-listed	game/citadel/pak01_dir.vpk!models/animgraph2/trooper_mid_boss/dmx/animation/trooper_mid_boss_shoot_01.vnmclip_c	1422456/9192361732058507254	2fc46df7c40bcfb879321eecfb9d637d154cd6ce738bc98286a7822f8e3a976f
game/citadel/models/animgraph2/trooper_mid_boss/dmx/animation/trooper_mid_boss_shoot_02.vnmclip_c	7215	citadel-runtime-and-assets	same-name-current-deadlock-vpk-member-listed	game/citadel/pak01_dir.vpk!models/animgraph2/trooper_mid_boss/dmx/animation/trooper_mid_boss_shoot_02.vnmclip_c	1422456/9192361732058507254	20aa8d143fdfb9ea603594c6dd1fe49618654b289e772117ae52f764a94d379a
game/citadel/models/animgraph2/trooper_mid_boss/dmx/animation/trooper_mid_boss_shoot_03.vnmclip_c	7220	citadel-runtime-and-assets	same-name-current-deadlock-vpk-member-listed	game/citadel/pak01_dir.vpk!models/animgraph2/trooper_mid_boss/dmx/animation/trooper_mid_boss_shoot_03.vnmclip_c	1422456/9192361732058507254	126093b9e5abdfa76bc69966161d307e830b9f0e73a93d22c21c8e794527b117
game/citadel/models/animgraph2/trooper_mid_boss/dmx/animation/trooper_mid_boss_turn_l.vnmclip_c	12282	citadel-runtime-and-assets	same-name-current-deadlock-vpk-member-listed	game/citadel/pak01_dir.vpk!models/animgraph2/trooper_mid_boss/dmx/animation/trooper_mid_boss_turn_l.vnmclip_c	1422456/9192361732058507254	7449543b1ad2010037fca14bef54d1d4507262d3bf4c27844cbf28e43170feb3
game/citadel/models/animgraph2/trooper_mid_boss/dmx/animation/trooper_mid_boss_turn_r.vnmclip_c	12371	citadel-runtime-and-assets	same-name-current-deadlock-vpk-member-listed	game/citadel/pak01_dir.vpk!models/animgraph2/trooper_mid_boss/dmx/animation/trooper_mid_boss_turn_r.vnmclip_c	1422456/9192361732058507254	fff6ce90336374b40cc45166b7d5089862f712e24722aab363b6ad907c5bfae2
game/citadel/models/animgraph2/trooper_mid_boss/trooper_mid_boss_ag2.vanmgrph_c	19197	citadel-runtime-and-assets	no-current-path-match-in-checked-sources			b9bd0ac53516de2617f0606c4b60642fe5ae36ec142fee3f8bac2dca00184995
game/citadel/models/animgraph2/trooper_mid_boss/trooper_mid_boss_ag2.vmdl_c	399069	citadel-runtime-and-assets	same-name-current-deadlock-vpk-member-listed	game/citadel/pak01_dir.vpk!models/animgraph2/trooper_mid_boss/trooper_mid_boss_ag2.vmdl_c	1422456/9192361732058507254	b28f81518a161041a9d97d1d4f6679b4ac10783e0d404dff4bc6c690ef1b06a8
game/citadel/models/animgraph2/trooper_mid_boss/trooper_mid_boss_ag2.vnmgraph_c	7857	citadel-runtime-and-assets	same-name-current-deadlock-vpk-member-listed	game/citadel/pak01_dir.vpk!models/animgraph2/trooper_mid_boss/trooper_mid_boss_ag2.vnmgraph_c	1422456/9192361732058507254	7a90455bcdf1a60c80896c6aebef424f4f2e279daf2f2f13b48e0cdcf648cf43
game/citadel/models/dev/calibration_tool/materials/calibration_tool.vmat_c	4376	citadel-runtime-and-assets	same-name-current-deadlock-vpk-member-listed	game/citadel/pak01_dir.vpk!models/dev/calibration_tool/materials/calibration_tool.vmat_c	1422456/9192361732058507254	2996dd1860dde246875679c585a8f2753f0d7191544cbe9c979261ffb9ff3117
game/citadel/models/dev/materialforerrormodel.vmat_c	3944	citadel-runtime-and-assets	same-name-current-deadlock-vpk-member-listed	game/citadel/pak01_dir.vpk!models/dev/materialforerrormodel.vmat_c	1422456/9192361732058507254	98fb45ebc5375546f6a5df2703ed3953139476fd7c243177d1ba9eae58643f5e
game/citadel/models/dev/vertex_color_test/vertex_color_test_color.vmat_c	4235	citadel-runtime-and-assets	same-name-current-deadlock-vpk-member-listed	game/citadel/pak01_dir.vpk!models/dev/vertex_color_test/vertex_color_test_color.vmat_c	1422456/9192361732058507254	f0d094449c817b56cce99a7b36b7675be332fa1f5918783e8fa65745bd530adc
game/citadel/models/items/materials/corrosion_flask.vmat_c	4648	citadel-runtime-and-assets	same-name-current-deadlock-vpk-member-listed	game/citadel/pak01_dir.vpk!models/items/materials/corrosion_flask.vmat_c	1422456/9192361732058507254	5c6545ceae19c7b25deccf17071947fa382bd7d9084329e11c8d395d4dfa43bb
game/citadel/models/items/materials/item_crate.vmat_c	4937	citadel-runtime-and-assets	same-name-current-deadlock-vpk-member-listed	game/citadel/pak01_dir.vpk!models/items/materials/item_crate.vmat_c	1422456/9192361732058507254	c85b74f625c3be8dbe749932d30e73d767a1475e1bb093d043f6443c31ebbb39
game/citadel/models/panorama/layout/ability_hud_elements/element_charges.vxml_c	1945	citadel-runtime-and-assets	no-current-path-match-in-checked-sources			de7ffaf3b8f1083b8e108cba2ce863c84324bf6e9ca2c8aac01f99fcb1f1a6bf
game/citadel/models/panorama/layout/ability_hud_elements/element_gun.vxml_c	3310	citadel-runtime-and-assets	no-current-path-match-in-checked-sources			70b5be910feb22697efa9b76b35d16a59b33c155d6daf47de0e4bb41e57b852d
game/citadel/models/panorama/layout/ability_hud_elements/element_kinetic_carbine.vxml_c	2051	citadel-runtime-and-assets	no-current-path-match-in-checked-sources			831bc316cbff470c36669b979fee562bbfccede0c47da9daf185250c3d6acef4
game/citadel/models/panorama/layout/ability_hud_elements/element_progress_bar.vxml_c	2016	citadel-runtime-and-assets	no-current-path-match-in-checked-sources			217d123e3fd50d6fd5bc852bcc7866362edc71d3a6de85bd1ecd9592dd3fc245
game/citadel/models/panorama/layout/base_hud_and_db_overlay.vxml_c	1318	citadel-runtime-and-assets	no-current-path-match-in-checked-sources			3417b19ff5702965ee46523bd4a7ef75b49781353fbf1fbee35dd43d1b4dbe8b
game/citadel/models/panorama/layout/chat.vxml_c	2358	citadel-runtime-and-assets	no-current-path-match-in-checked-sources			c2a531750b8b3ae8d216eba6ba4a6f72b5f7ff80a385bfcc737e89e9f537d23f
game/citadel/models/panorama/layout/citadel_ability_details_panel.vxml_c	2494	citadel-runtime-and-assets	no-current-path-match-in-checked-sources			9e2fd9f5b1e5c34905d9e3275f085524c052d647c2fdbf55882ce68a12d24a69
game/citadel/models/panorama/layout/citadel_ability_icon.vxml_c	1247	citadel-runtime-and-assets	no-current-path-match-in-checked-sources			624a113adb3869c95a106812186b7290ecb38d9a8d34a170432eb842ec5acdc2
game/citadel/models/panorama/layout/citadel_ability_property_panel.vxml_c	2136	citadel-runtime-and-assets	no-current-path-match-in-checked-sources			711af7e474d418ec880109ed5d20c5126c936c03a7bd93aae3969f28b54558fc
game/citadel/models/panorama/layout/citadel_client_status.vxml_c	1885	citadel-runtime-and-assets	no-current-path-match-in-checked-sources			11db3f3276ef5273364a97fb2ff275a68e9eedd6c7a3aaf5e98e20fb9914504e
game/citadel/models/panorama/layout/citadel_db_page_heroes.vxml_c	1484	citadel-runtime-and-assets	no-current-path-match-in-checked-sources			8272d1486b829ebf26538cb55458f301d35b5aecd436b30c420a552e9f56b7f6
game/citadel/models/panorama/layout/citadel_db_page_hero_badge_gallery.vxml_c	1814	citadel-runtime-and-assets	no-current-path-match-in-checked-sources			7aaca279da7b60a423f8a433a2b8ab4beaab9e06725a1efe3a8825efa2c67bd9
game/citadel/models/panorama/layout/citadel_db_page_hero_builds.vxml_c	1465	citadel-runtime-and-assets	no-current-path-match-in-checked-sources			6c54dd9f30895f86291042fd1056abc8bfafef2dd03704ffc4048c268beeda3c
game/citadel/models/panorama/layout/citadel_db_page_hero_details.vxml_c	5071	citadel-runtime-and-assets	no-current-path-match-in-checked-sources			bed38c4ac4805c4d17bc7bb36b4c24228ca1b250ab8d46926e26cdf28c6b0b79
game/citadel/models/panorama/layout/citadel_db_page_hero_release_vote.vxml_c	4180	citadel-runtime-and-assets	no-current-path-match-in-checked-sources			6f5bacf7d3b44ad17a040530be4f84644cecf72e6d31c881e7a238c12ba9161a
game/citadel/models/panorama/layout/citadel_db_page_home.vxml_c	3087	citadel-runtime-and-assets	no-current-path-match-in-checked-sources			e22189f7c6e47f021e6eb8d96773a7100025b312af43125d75c818a9a96671b7
game/citadel/models/panorama/layout/citadel_db_page_learn.vxml_c	2529	citadel-runtime-and-assets	no-current-path-match-in-checked-sources			d08062197541d0f4e99bf9de454b76a7ddf25dd685f8a3dd0a294ce536431adb
game/citadel/models/panorama/layout/citadel_db_page_news.vxml_c	2159	citadel-runtime-and-assets	no-current-path-match-in-checked-sources			15478cec66fedf8a2280c4651c159f25c3c2b532f07f9d7b5e4ce72f16c3a434
game/citadel/models/panorama/layout/citadel_db_page_news_entry.vxml_c	2050	citadel-runtime-and-assets	no-current-path-match-in-checked-sources			41f54424b6c15707851c1f25f989c54a0709ec9fb129fde25f2bfca91d75831f
game/citadel/models/panorama/layout/citadel_db_page_play.vxml_c	3126	citadel-runtime-and-assets	no-current-path-match-in-checked-sources			307aea3c810296b4e2dd9c6a7c8748dd8ee5188442197fb1015fc51efb9b594e
game/citadel/models/panorama/layout/citadel_db_page_private_lobby.vxml_c	3721	citadel-runtime-and-assets	no-current-path-match-in-checked-sources			3de8a3c62fd10383c1e02d2c40033bfda0d16cdbc7c14aa4db900401bb36f43d
game/citadel/models/panorama/layout/citadel_db_page_profile.vxml_c	5158	citadel-runtime-and-assets	no-current-path-match-in-checked-sources			66dea990bba58cfd8d48a6b5d843adbdcf983fd77804cb1d547e4491f0b56cd7
game/citadel/models/panorama/layout/citadel_db_page_profile_match_history.vxml_c	1844	citadel-runtime-and-assets	no-current-path-match-in-checked-sources			5bbf8e2c32ef0ebfe0c5ee35e37344ed2f10cf602996f63a632134cd1d58c0c0
game/citadel/models/panorama/layout/citadel_db_page_roster_confirm.vxml_c	2780	citadel-runtime-and-assets	no-current-path-match-in-checked-sources			db973c96877dec4e468cb09d7fb92737bf8ecfaa1c0f9461e9fe13a91a54d884
game/citadel/models/panorama/layout/citadel_db_page_social.vxml_c	1850	citadel-runtime-and-assets	no-current-path-match-in-checked-sources			cfa722dea1710784c6fcc5c23ad3c92bb12db8a61926308645b005d04372e2f4
game/citadel/models/panorama/layout/citadel_db_page_watch.vxml_c	2184	citadel-runtime-and-assets	no-current-path-match-in-checked-sources			b07e74ba543b5d6c5067c45b1dd15172133f4952496e26b76e194a449aaf2bd7
game/citadel/models/panorama/layout/citadel_db_play_menu.vxml_c	2744	citadel-runtime-and-assets	no-current-path-match-in-checked-sources			6d136e6cd9133bbf27d8800535999c9b5f5663dc99e4319942d62b2371539c7b
game/citadel/models/panorama/layout/citadel_hero_card.vxml_c	2306	citadel-runtime-and-assets	no-current-path-match-in-checked-sources			91086ca277f39765e459ccb4ad3628901191f49f45b88fd4e229913ec42c1d24
game/citadel/models/panorama/layout/citadel_hero_stats_weapon_panel.vxml_c	2985	citadel-runtime-and-assets	no-current-path-match-in-checked-sources			728484a64f8e99cb3ffba8428771eb2c394206e2dc00605bc88f672fac600082
game/citadel/models/panorama/layout/citadel_hud_ability_details_panel.vxml_c	1657	citadel-runtime-and-assets	no-current-path-match-in-checked-sources			36249809338fd1a5a0aa5c519f7667d166a47e961708d8c38494364630255bb2
game/citadel/models/panorama/layout/citadel_hud_active_player_stats.vxml_c	2963	citadel-runtime-and-assets	no-current-path-match-in-checked-sources			8beebb2df6b2f1c8c82c849aee506fd67a53f841c2264ec5cb41fe8ff383020d
game/citadel/models/panorama/layout/citadel_hud_and_db_overlay.vxml_c	1668	citadel-runtime-and-assets	no-current-path-match-in-checked-sources			80953c0ef1a9ef600c0b657fbafd4f3e7818ac88c73412a5d478cf83f34146e9
game/citadel/models/panorama/layout/citadel_hud_damage_feedback_display.vxml_c	1635	citadel-runtime-and-assets	no-current-path-match-in-checked-sources			d7f0ced2a69c6b18d61dcaafd4ac81ba4221d7e8afee6456bcb5f13ad6f17f3a
game/citadel/models/panorama/layout/citadel_hud_data_feed_boss_killed.vxml_c	1755	citadel-runtime-and-assets	no-current-path-match-in-checked-sources			99aaafe2b23e0ec4cff75ff8ec9e4ab26ad34b9096cbfc7b46a1b2b0352e9e8c
game/citadel/models/panorama/layout/citadel_hud_data_feed_info.vxml_c	1627	citadel-runtime-and-assets	no-current-path-match-in-checked-sources			be45b53badc87597d6e4b1f2ee0b9721df567914cc6a52af05713c5a540ca6de
game/citadel/models/panorama/layout/citadel_hud_flex_slot_unlocked_message.vxml_c	1500	citadel-runtime-and-assets	no-current-path-match-in-checked-sources			8644df2236bdd2a0851e2e11bffa0f58a0357ac171726a73fbb6eab93dff4ece
game/citadel/models/panorama/layout/citadel_hud_game_over_display.vxml_c	1461	citadel-runtime-and-assets	no-current-path-match-in-checked-sources			85ba6ac3fc2b5847fb86217921a08c47bd1b4897d17bec3ef9ba70c10db440e0
game/citadel/models/panorama/layout/citadel_hud_hero_shop.vxml_c	5180	citadel-runtime-and-assets	no-current-path-match-in-checked-sources			b153b50146560ff61ee58561351e31263791e60f65e77028010a3e3020e9566d
game/citadel/models/panorama/layout/citadel_hud_item_bar_graph.vxml_c	1761	citadel-runtime-and-assets	no-current-path-match-in-checked-sources			2a09adb1bc546cd05dbf3ca792ba782ac208d2ff6a586af26ccb2ce2bbe14d3f
game/citadel/models/panorama/layout/citadel_hud_modifier_message.vxml_c	1606	citadel-runtime-and-assets	no-current-path-match-in-checked-sources			f8546be96a7f514e6a6003a73d27e44168462785646433e93334cc2265a69930
game/citadel/models/panorama/layout/citadel_hud_player_level.vxml_c	1873	citadel-runtime-and-assets	no-current-path-match-in-checked-sources			99b53a5c8a1e9e74a81708215c50a24dd65f6de1849aef6b203b2fd6c8616b87
game/citadel/models/panorama/layout/citadel_hud_player_level_up_bonus.vxml_c	2229	citadel-runtime-and-assets	no-current-path-match-in-checked-sources			f3e55767f3aacee86b6f80a3e65267a4ff12de518d2ee240fd8b8af1d8c8bfc2
game/citadel/models/panorama/layout/citadel_hud_top_bar.vxml_c	2521	citadel-runtime-and-assets	no-current-path-match-in-checked-sources			969c550e13d0bbcd51e1a1d1d6d9e9a75483f6d322db682e16a6f7143976dcb6
game/citadel/models/panorama/layout/citadel_hud_top_bar_player.vxml_c	4974	citadel-runtime-and-assets	no-current-path-match-in-checked-sources			89e070ba5f50ef38d9c7aa7d5f45ad766f5326796fd1ed5d6a6cede2e98fbb02
game/citadel/models/panorama/layout/citadel_hud_top_bar_team.vxml_c	1868	citadel-runtime-and-assets	no-current-path-match-in-checked-sources			18e69f3ad41f755675e051c9feb284f1ecd9224a367d8eb830c816cc4a7fbb18
game/citadel/models/panorama/layout/citadel_matchmaking_status.vxml_c	2113	citadel-runtime-and-assets	no-current-path-match-in-checked-sources			35c7f8f173f270a6965685c779b15a4b319c702e463ee7e31294fbf1d11ec92b
game/citadel/models/panorama/layout/citadel_match_history_block_large.vxml_c	1939	citadel-runtime-and-assets	no-current-path-match-in-checked-sources			ba745679504778005d8c91ab3ac4bbc04805b337d3e75695329b626a6529c17d
game/citadel/models/panorama/layout/citadel_modified_attribute_label.vxml_c	2671	citadel-runtime-and-assets	no-current-path-match-in-checked-sources			5f8026a53e45202d6189e4b98eb3fc0a0351895c1a81a38798dc6ce9cc53327d
game/citadel/models/panorama/layout/citadel_mod_bonus_display.vxml_c	1906	citadel-runtime-and-assets	no-current-path-match-in-checked-sources			a4d0aab9d7481744fd833bc06a6643681590a18de12907cab00cbd1e76918a43
game/citadel/models/panorama/layout/citadel_party.vxml_c	2066	citadel-runtime-and-assets	no-current-path-match-in-checked-sources			af30e94ad2b7417dbb90e7c291de72b269f516c5ae26563c29324bc6e236306a
game/citadel/models/panorama/layout/citadel_ranked_badge_full.vxml_c	1469	citadel-runtime-and-assets	no-current-path-match-in-checked-sources			93bec8804d3df1cc114b102e5381548b1c32722c5bb1fdfa875a07562e4c2982
game/citadel/models/panorama/layout/citadel_ranked_badge_mini.vxml_c	1387	citadel-runtime-and-assets	no-current-path-match-in-checked-sources			dd5465fc8e720387beefccd15de2b760ea5da878c41bc9a58e88493c5b96961d
game/citadel/models/panorama/layout/citadel_roster_hero_details.vxml_c	2483	citadel-runtime-and-assets	no-current-path-match-in-checked-sources			1f18b099ff5bb9130122e35f57c28bb29d1f0487296fd8a185cf721d817dddd3
game/citadel/models/panorama/layout/citadel_shop_mods_build.vxml_c	2537	citadel-runtime-and-assets	no-current-path-match-in-checked-sources			61eb1803b05ad466345083d9e84d67458ed16a53ef3539d74d8465264b2fe12f
game/citadel/models/panorama/layout/citadel_shop_mod_icon.vxml_c	1687	citadel-runtime-and-assets	no-current-path-match-in-checked-sources			b1c2a2c56d8d180bc1079ef6593b0b665941c74e3d14b35f32ff0e53f2773498
game/citadel/models/panorama/layout/citadel_shop_mod_view.vxml_c	4081	citadel-runtime-and-assets	no-current-path-match-in-checked-sources			09042b4477a485d769a9e3357c25a5a69e7c0b4d1fac7892ab11cf2f5ef0fc98
game/citadel/models/panorama/layout/citadel_stat_scaling_label.vxml_c	1825	citadel-runtime-and-assets	no-current-path-match-in-checked-sources			1192baf9b47c01688e07630c558d35fffd52ea045457990dccf7dd77fc13bdc8
game/citadel/models/panorama/layout/citadel_ui_account_survey.vxml_c	2399	citadel-runtime-and-assets	no-current-path-match-in-checked-sources			8da961277fa5dad5f3e96333be226a16719bdc2d03ddc114a42c45b8b0577c19
game/citadel/models/panorama/layout/citadel_ui_binding.vxml_c	1512	citadel-runtime-and-assets	no-current-path-match-in-checked-sources			60b44baad2c8b3f0866318a48e0c8959bb0a4334b1ab746f6be70490136049aa
game/citadel/models/panorama/layout/citadel_ui_keyboard_binding.vxml_c	1598	citadel-runtime-and-assets	no-current-path-match-in-checked-sources			32071e6b84deb258765a6f3ad1f76461c92a85a8ffe0af44a63f6d597af8b6cf
game/citadel/models/panorama/layout/citadel_ui_keyboard_glyph.vxml_c	1735	citadel-runtime-and-assets	no-current-path-match-in-checked-sources			3c371c4f5293bf0b331df8e905e1f293940ebd804573fe35c2dc30b3c681de3a
game/citadel/models/panorama/layout/citadel_ui_party.vxml_c	2532	citadel-runtime-and-assets	no-current-path-match-in-checked-sources			1c5b31cb1eb3139a1a5db2af5658e201ac11c6044f8a359219707a6a7b941d07
game/citadel/models/panorama/layout/citadel_ui_party_invite_list.vxml_c	1882	citadel-runtime-and-assets	no-current-path-match-in-checked-sources			1e210a932c19e3191579183aff85325dfcc081a0fefe7a78eb2e91249acf526c
game/citadel/models/panorama/layout/citadel_ui_party_member.vxml_c	1834	citadel-runtime-and-assets	no-current-path-match-in-checked-sources			346f89be6d51af45a82a17bedfbd280d85c914f757b2123caa2be24c93b6af9e
game/citadel/models/panorama/layout/citadel_ui_post_game_scoreboard.vxml_c	4152	citadel-runtime-and-assets	no-current-path-match-in-checked-sources			a9984b125c968853d797dd60f26921b08352adfd7fdb70512cb2e3abed4c3a7d
game/citadel/models/panorama/layout/citadel_ui_radial_abilities.vxml_c	2371	citadel-runtime-and-assets	no-current-path-match-in-checked-sources			7ec69446ce7ce2b6bce8c467c7550007eca33fa2759caa9cbbde4f6b94179232
game/citadel/models/panorama/layout/citadel_ui_social_party.vxml_c	2398	citadel-runtime-and-assets	no-current-path-match-in-checked-sources			f7cf5cfef0206084e93491a599df179a34d0cad4717a350713aa5491e32edb66
game/citadel/models/panorama/layout/dashboard.vxml_c	5001	citadel-runtime-and-assets	no-current-path-match-in-checked-sources			bd77552b6443b59dd92c47ab068ba902f2995dfe97aa2f507197d5514536aefd
game/citadel/models/panorama/layout/db_activematch.vxml_c	2987	citadel-runtime-and-assets	no-current-path-match-in-checked-sources			4297f9057c803e3062a9ccc70451d7d0db47a205a8665add422c64155377f0bf
game/citadel/models/panorama/layout/db_playerlist.vxml_c	3247	citadel-runtime-and-assets	no-current-path-match-in-checked-sources			da4b89500bb5c4f4cc9dd3c2325be22ecb5270a4421872eb7b073cde452e4eef
game/citadel/models/panorama/layout/dev_commands_menu.vxml_c	1769	citadel-runtime-and-assets	no-current-path-match-in-checked-sources			d21f1e4e1dcf5a27eb6703991985c1141bb8ea0bdf4d30a2e6694776bb36de70
game/citadel/models/panorama/layout/hero_badge.vxml_c	1819	citadel-runtime-and-assets	no-current-path-match-in-checked-sources			75d4a7c4edcb1849bd5f6d273c338e7dc8225b79374d9db48422a6d951722155
game/citadel/models/panorama/layout/hero_selection.vxml_c	1419	citadel-runtime-and-assets	no-current-path-match-in-checked-sources			14789034a5e4233772cbee06e7304626568b31f3705dca9f541704f365839745
game/citadel/models/panorama/layout/hero_testing_menu.vxml_c	1397	citadel-runtime-and-assets	no-current-path-match-in-checked-sources			5ec54f9e44a0fb1b5fb3357525feeb680371a4457ade8288f9d0e39a9aa6ed6e
game/citadel/models/panorama/layout/hideout/hideout_in_world_label.vxml_c	1691	citadel-runtime-and-assets	no-current-path-match-in-checked-sources			4de5c9bd329b6a86c727e6eaea08bc321224fa93d844b6763e41faa8517672c4
game/citadel/models/panorama/layout/hideout/hideout_world_hero_release_vote_status.vxml_c	1512	citadel-runtime-and-assets	no-current-path-match-in-checked-sources			b0bd3efd7f0adb8261d3e11cb80c65e2e3470b0150bec8f7ffc1ffdfea139eca
game/citadel/models/panorama/layout/hud.vxml_c	11453	citadel-runtime-and-assets	no-current-path-match-in-checked-sources			43183dd9371a26291e289e5f17a3648b772a635944c90f57d0d367a7d0f14964
game/citadel/models/panorama/layout/hudchat.vxml_c	1848	citadel-runtime-and-assets	no-current-path-match-in-checked-sources			cd3a9d1555269c092cfd0aa9fa9894d60d5db06d800f4dc118d3717a8369e1ea
game/citadel/models/panorama/layout/hud_ability_icon.vxml_c	2161	citadel-runtime-and-assets	no-current-path-match-in-checked-sources			b2d62c5f82a416fc937674659b62127725581a11ac8c69fb666933eecec2fbcc
game/citadel/models/panorama/layout/hud_ability_icon_active.vxml_c	1967	citadel-runtime-and-assets	no-current-path-match-in-checked-sources			0d7be22644efdee2ef7dc2292fa529326376497febe7c2d876c420def769107b
game/citadel/models/panorama/layout/hud_ability_icon_passive.vxml_c	1977	citadel-runtime-and-assets	no-current-path-match-in-checked-sources			f9d6317e2b0d7a8b15db9f575452a039efccb62a945a996e9c1a4ce52121401d
game/citadel/models/panorama/layout/hud_ability_interrupt.vxml_c	2285	citadel-runtime-and-assets	no-current-path-match-in-checked-sources			6ca2ebaa3fe06e7bacd8ebc7612c73066b2aaff51cddff6bde6d0d6c9a1a73ff
game/citadel/models/panorama/layout/hud_damage_impact.vxml_c	2026	citadel-runtime-and-assets	no-current-path-match-in-checked-sources			85a2c1386ffaa851d20ab0ebd7c901ebe421b7a30559f6180d7434579f8357a5
game/citadel/models/panorama/layout/hud_damage_report.vxml_c	3757	citadel-runtime-and-assets	no-current-path-match-in-checked-sources			5c5c1d6e2d3ae79f7a52974a51aa529eb0ee0c802accaeb75431077a148a8226
game/citadel/models/panorama/layout/hud_damage_rows.vxml_c	1899	citadel-runtime-and-assets	no-current-path-match-in-checked-sources			f96593e4533c3e4d3211afd0d91e500180f25d26822dac81f3bfe8a291a00190
game/citadel/models/panorama/layout/hud_damage_source_impact.vxml_c	1740	citadel-runtime-and-assets	no-current-path-match-in-checked-sources			4495fe7c9899e2aa046828c341b97226e5ac13e9ec55e87e8dc219b7d22f28a2
game/citadel/models/panorama/layout/hud_escape_menu.vxml_c	3399	citadel-runtime-and-assets	no-current-path-match-in-checked-sources			6c927ef04853cbf68c0a1ae8f36dfbacd6b3367bbb23f1bb50c25a305fdea097
game/citadel/models/panorama/layout/hud_event_indicator.vxml_c	1621	citadel-runtime-and-assets	no-current-path-match-in-checked-sources			48fa33c0758971e00bf4f5161c3d9cea695e407e68a269b4d4ab4fd6da740bad
game/citadel/models/panorama/layout/hud_gold_and_ap_container.vxml_c	3041	citadel-runtime-and-assets	no-current-path-match-in-checked-sources			682a753d156598d7c66111cf8cd8db7befdee4ed0dd98a2de5458a71b1cb8f20
game/citadel/models/panorama/layout/hud_health_container.vxml_c	2703	citadel-runtime-and-assets	no-current-path-match-in-checked-sources			0d6759cc6507fff510c68d8e154bd124d4e2fde72a371decb608b2508ea8f27a
game/citadel/models/panorama/layout/hud_hero_testing.vxml_c	3618	citadel-runtime-and-assets	no-current-path-match-in-checked-sources			a65de8c7cf9ada7dfaeadbc9ab625a099359ac0a0a2b001bbfe9848b7b1cdc76
game/citadel/models/panorama/layout/hud_hideout.vxml_c	2386	citadel-runtime-and-assets	no-current-path-match-in-checked-sources			87f5dd792a6c1a4e60af7be6b9874b4fb7e43c68dbd3880f574eae0559b40bdb
game/citadel/models/panorama/layout/hud_minimap.vxml_c	3752	citadel-runtime-and-assets	no-current-path-match-in-checked-sources			0fcef6e84b8f86881c9f556773783f558277416840e597a9e05f40d5a733bb3e
game/citadel/models/panorama/layout/hud_modifiers.vxml_c	1282	citadel-runtime-and-assets	no-current-path-match-in-checked-sources			7b409f34834bfd677225dc20efebb8f886c8682d6301c1e943d1459d7b5a8e2f
game/citadel/models/panorama/layout/hud_modifiers_custom.vxml_c	1690	citadel-runtime-and-assets	no-current-path-match-in-checked-sources			4ce4f9ed31741e429041e86d01e3b4253f9ae9707d0390c99b437fe622aeb376
game/citadel/models/panorama/layout/hud_modifiers_entry.vxml_c	1626	citadel-runtime-and-assets	no-current-path-match-in-checked-sources			a01e21bf184d57792651713179753eb70220e276dd3d9ecbe2890804d82739e5
game/citadel/models/panorama/layout/hud_modifiers_entry_center.vxml_c	1956	citadel-runtime-and-assets	no-current-path-match-in-checked-sources			3fd98ce750b3c819c8290a3b03245c8c7a9edce26950ca681570619679ecd0f1
game/citadel/models/panorama/layout/hud_objective_health.vxml_c	2036	citadel-runtime-and-assets	no-current-path-match-in-checked-sources			4be58fe515af0720114d1a0f27122f674faa3f081b4e8b785f4f8dcf5d1b007c
game/citadel/models/panorama/layout/hud_quickbuy.vxml_c	2898	citadel-runtime-and-assets	no-current-path-match-in-checked-sources			a98f1d5564be4c801aff13c2de5623c0b234b6f19c2414f7162ac8923d47415b
game/citadel/models/panorama/layout/hud_sandbox_tutorial.vxml_c	3757	citadel-runtime-and-assets	no-current-path-match-in-checked-sources			3a093055a825c93b8a4cf87ac22602216fa7c6eb8e5a632523080fdcdcc7c11f
game/citadel/models/panorama/layout/hud_scoreboard_mods.vxml_c	3417	citadel-runtime-and-assets	no-current-path-match-in-checked-sources			c62dd4ff74f33846241e1a90c5e57866f5d5ab4d93648a368b8c15d7056a6345
game/citadel/models/panorama/layout/hud_spectate_bar.vxml_c	2493	citadel-runtime-and-assets	no-current-path-match-in-checked-sources			aff7aa2fe62d406047cc757c9d4bcfbb9801ebb4ae0185ce41d50902f3603b07
game/citadel/models/panorama/layout/hud_team_objective_health.vxml_c	1457	citadel-runtime-and-assets	no-current-path-match-in-checked-sources			1baea967698c7e2c83dea624bbef59726497454f92af598e2376c8d20885d32f
game/citadel/models/panorama/layout/latest_news.vxml_c	1708	citadel-runtime-and-assets	no-current-path-match-in-checked-sources			2ae3a432940b187d7dbd4bafafe275de904b95c516b9fe846541be16abfbfac8
game/citadel/models/panorama/layout/local_player_details.vxml_c	1645	citadel-runtime-and-assets	no-current-path-match-in-checked-sources			a9f4818b175756b59403c9c48301dcdbdef488277d585f23ad4c57edc02da18e
game/citadel/models/panorama/layout/match_details.vxml_c	3082	citadel-runtime-and-assets	no-current-path-match-in-checked-sources			597dcd627b688f3bdc684680b239c4e86fdccd4a86d90f1d9eb120bc73613c99
game/citadel/models/panorama/layout/match_details_graphs.vxml_c	3213	citadel-runtime-and-assets	no-current-path-match-in-checked-sources			93ee4488103586d4ba392e047769a7c028f529fe6507f692fd345799e523bfb8
game/citadel/models/panorama/layout/match_details_items.vxml_c	1824	citadel-runtime-and-assets	no-current-path-match-in-checked-sources			c94ce1c9e18fd2c9ee34fbd3a429f6be19a185a21cba3fc5af9262828f25faa4
game/citadel/models/panorama/layout/match_details_kill_map.vxml_c	1541	citadel-runtime-and-assets	no-current-path-match-in-checked-sources			6cc52646940dde188df2fbcb9ddfdc41dafb43112ec80475607aef4bb2eb3e97
game/citadel/models/panorama/layout/match_details_kill_matrix.vxml_c	1775	citadel-runtime-and-assets	no-current-path-match-in-checked-sources			8e76ef1bc6d0d14cd370f5281332cfe758828a33ffd3846bb793f138f7b054db
game/citadel/models/panorama/layout/match_details_objectives.vxml_c	1294	citadel-runtime-and-assets	no-current-path-match-in-checked-sources			3e2d38490cfabf3f74cae8d6c2bf3e12fd2638571a107b59de0a30fd622a9c3d
game/citadel/models/panorama/layout/match_details_replay_button.vxml_c	1668	citadel-runtime-and-assets	no-current-path-match-in-checked-sources			4840f933f9db139d7874e62b414979a5df9d141a66c505943bf10f5fef8a5453
game/citadel/models/panorama/layout/match_details_summary_info.vxml_c	1783	citadel-runtime-and-assets	no-current-path-match-in-checked-sources			46d991d43b698513a555296aa2b661d6d68cafab74957b8b753c541382e463ed
game/citadel/models/panorama/layout/match_details_summary_table.vxml_c	1926	citadel-runtime-and-assets	no-current-path-match-in-checked-sources			ef4141464cb4593c638664abc367db3b8b8d8c2f13a1e4680faec0c0b62f4814
game/citadel/models/panorama/layout/match_history_entry.vxml_c	1835	citadel-runtime-and-assets	no-current-path-match-in-checked-sources			6699242cbfea6eb8354407ec7ebb6cc769ebac11b9516adf11603c09b5338459
game/citadel/models/panorama/layout/pages/citadel_db_page_control_library.vxml_c	18768	citadel-runtime-and-assets	no-current-path-match-in-checked-sources			015def0a9792efe94c2a141b1edb9a728b683773402c91a2896b36e9f8ccf4c7
game/citadel/models/panorama/layout/players_list.vxml_c	1931	citadel-runtime-and-assets	no-current-path-match-in-checked-sources			34c448b7ee869cc7ac60996bb1e242815ecf447aaa05bfcca19d5ca1197b10e9
game/citadel/models/panorama/layout/popups/citadel_popup_global_leaderboard.vxml_c	2423	citadel-runtime-and-assets	no-current-path-match-in-checked-sources			cd13b07bca70cdc85d7aef08135ff41b83ea223dc531450cfaa868391de3afa0
game/citadel/models/panorama/layout/popups/citadel_popup_hero_debut.vxml_c	3164	citadel-runtime-and-assets	no-current-path-match-in-checked-sources			a3d9e347bc8fed42a3511f863c442e3157d64db1221881c10ae56e4d0a72600f
game/citadel/models/panorama/layout/popups/citadel_popup_hero_picker.vxml_c	1516	citadel-runtime-and-assets	no-current-path-match-in-checked-sources			04979f5a051aa923452fae3e1020673ede83eb41e41f3cde2708f0dcf64b8659
game/citadel/models/panorama/layout/popups/citadel_popup_private_bots.vxml_c	2193	citadel-runtime-and-assets	no-current-path-match-in-checked-sources			4b999f2aa41eef1a1a1871ad98e93dc5a6665fa30e58c2405f3fc745ac7d6caa
game/citadel/models/panorama/layout/popups/citadel_popup_ranked_info.vxml_c	2357	citadel-runtime-and-assets	no-current-path-match-in-checked-sources			03c423f6fd9e55e0b78328a570cad73a905fbcf0b092ec67fad3ab7dcae25cd0
game/citadel/models/panorama/layout/popups/citadel_popup_roster_select.vxml_c	4607	citadel-runtime-and-assets	no-current-path-match-in-checked-sources			c75f3ae5644d53ae2fb5afd4d169b5d2fb969659e5ef70a70e54993e1c2fe3af
game/citadel/models/panorama/layout/popups/citadel_popup_weekly_ranked_summary.vxml_c	1995	citadel-runtime-and-assets	no-current-path-match-in-checked-sources			6d926d50bbe92f7e612cc818da5dc862d3556fa0cf80c0c57aec73818b4f05d4
game/citadel/models/panorama/layout/popups/popup_join_or_create_party.vxml_c	1945	citadel-runtime-and-assets	no-current-path-match-in-checked-sources			ca1748a3e8fc0359f6a8659b6d5e98d6bd522e6b399ef64536284948aea53f88
game/citadel/models/panorama/layout/popups/popup_sell_max_items.vxml_c	2332	citadel-runtime-and-assets	no-current-path-match-in-checked-sources			9146587a3ca22bbe8c30626d7e97666c3617b6ad4382446d5df4e1f17b7b89f0
game/citadel/models/panorama/layout/popups/popup_settings.vxml_c	19537	citadel-runtime-and-assets	no-current-path-match-in-checked-sources			cec039f0240618320d90b883e2f1d2420d3fd78cd1ecaa5e28e00640f9d54478
game/citadel/models/panorama/layout/popups/settings_enum.vxml_c	1293	citadel-runtime-and-assets	no-current-path-match-in-checked-sources			cf818e94c2b4f583382538d1f49258d0da0899a39e09970ed14aa38be68f837d
game/citadel/models/panorama/layout/popups/settings_slider.vxml_c	1409	citadel-runtime-and-assets	no-current-path-match-in-checked-sources			6bf39f03ea02cb73d43c9ba2891a97831d0c67a36bf090fc00786b650c931b1d
game/citadel/models/panorama/layout/post_game/citadel_db_page_post_game.vxml_c	2318	citadel-runtime-and-assets	no-current-path-match-in-checked-sources			9737fc8a795af5afa95d6c1e230d84ffdda9aeee95fb2ac578fbe2f8c643730d
game/citadel/models/panorama/layout/post_game/citadel_db_post_game_progress.vxml_c	2798	citadel-runtime-and-assets	no-current-path-match-in-checked-sources			1787b1b05c9cb010eb2a01a4fe4e7e3401508c82d064e82b3e5dff641379d4f6
game/citadel/models/panorama/layout/replay/citadel_hud_replay.vxml_c	2761	citadel-runtime-and-assets	no-current-path-match-in-checked-sources			3eb4a780350fe5301a403bf9ac6ff16dd38ff9ea1c5ea96df24b150ef95f2a5d
game/citadel/models/panorama/layout/settings_keybinder.vxml_c	2241	citadel-runtime-and-assets	no-current-path-match-in-checked-sources			2063984c5c6c48e96234439b3e8c5448d07002fc6ee64740d8191270dbfbd56a
game/citadel/models/panorama/layout/tooltips/citadel_tooltip_ability_details.vxml_c	1682	citadel-runtime-and-assets	no-current-path-match-in-checked-sources			1fd91550d4b96c2627da00799224a78e8bc605babd54e7c0e6e8332e79ddfc87
game/citadel/models/panorama/layout/tooltips/citadel_tooltip_ability_upgrade_button.vxml_c	1749	citadel-runtime-and-assets	no-current-path-match-in-checked-sources			ab04944fe21c9a3e15e6b2da13f1758c28a06b96df24f7d4a565cf0ddb75edfa
game/citadel/models/panorama/layout/tooltips/citadel_tooltip_graph_playernetworth.vxml_c	1713	citadel-runtime-and-assets	no-current-path-match-in-checked-sources			89c59d72af2964e1d67d00858614652f2f93e67960729b14f232283b39faf6fc
game/citadel/models/panorama/layout/tooltips/citadel_tooltip_mod_details.vxml_c	4063	citadel-runtime-and-assets	no-current-path-match-in-checked-sources			13ec2bc554384fcab0007015e4f8b54995a5c2045ae5a4b2d54cea8531dca6b5
game/citadel/models/panorama/layout/tooltips/citadel_tooltip_party_code.vxml_c	1727	citadel-runtime-and-assets	no-current-path-match-in-checked-sources			6f9ebdbcb5da7b5dc1755c3e508f937aa2f46cf1c3e97df8b8207eb5664564cd
game/citadel/models/panorama/layout/tooltips/citadel_tooltip_post_game_healing.vxml_c	1716	citadel-runtime-and-assets	no-current-path-match-in-checked-sources			c352a89baeee8930983a52c0d335bd9aaeff8e1341c836ff154dec333fd5a730
game/citadel/models/panorama/layout/tooltips/citadel_tooltip_ranked_badge.vxml_c	1256	citadel-runtime-and-assets	no-current-path-match-in-checked-sources			47a679990bab6b4ff8891ca29a8f660468dc1fad4911c6539059744cfc047ccf
game/citadel/models/panorama/layout/tooltips/citadel_tooltip_roster_select_hero.vxml_c	1702	citadel-runtime-and-assets	no-current-path-match-in-checked-sources			97c229be42cf0d541ac006c97f11c5129af4880e90b8e0b332a9c44c9dd02991
game/citadel/models/panorama/layout/tooltips/citadel_tooltip_roster_select_hero_hover.vxml_c	2004	citadel-runtime-and-assets	no-current-path-match-in-checked-sources			16a24a020da4892cb743304e3cb9c836b983c303310967f237559e3fe1fcba9c
game/citadel/models/panorama/layout/tooltips/citadel_tooltip_stats_panel.vxml_c	1367	citadel-runtime-and-assets	no-current-path-match-in-checked-sources			f072f9c54c8ded1dd1236b585adcc450d270726a1038fd9f8e0a59bee4b411f1
game/citadel/models/panorama/layout/unit_status_overlay.vxml_c	2312	citadel-runtime-and-assets	no-current-path-match-in-checked-sources			6b5499e70272b55823688a723e2e1dfc660d0e6adca171c5030b25e573cb6149
game/citadel/models/panorama/layout/upgrade_shop_ability_button.vxml_c	2009	citadel-runtime-and-assets	no-current-path-match-in-checked-sources			44f5ef6c486c90692684bf761fee70b51a539e0affa2250305d6f34aa463d7b5
game/citadel/models/panorama/scripts/citadel_db_post_game_progress.vts_c	15902	citadel-runtime-and-assets	no-current-path-match-in-checked-sources			cbc2032f081532316db8453b443d7e44cbb7ef61eac11ad997a7428ce11f6942
game/citadel/models/panorama/scripts/popups/popup_settings.vjs_c	1143	citadel-runtime-and-assets	no-current-path-match-in-checked-sources			6ec6db5b0696894583ac61e5bab57c05372e738ca13d596a2a7d8eec8df37fea
game/citadel/models/panorama/styles/ability_hud_elements/element_charges.vcss_c	13497	citadel-runtime-and-assets	no-current-path-match-in-checked-sources			afd6be7372a727774010d3fa3d28149ba6aafc4286e23d6c2933bdc2cda0cb23
game/citadel/models/panorama/styles/ability_hud_elements/element_gun.vcss_c	53815	citadel-runtime-and-assets	no-current-path-match-in-checked-sources			de23cc67f5bf91814a6cc35635961eff75d957d6c437f3629d395b5fe21342de
game/citadel/models/panorama/styles/ability_hud_elements/element_kinetic_carbine.vcss_c	3416	citadel-runtime-and-assets	no-current-path-match-in-checked-sources			d009952e9a38e40b58984e31be12810439b2f67d0d1ae394b264fdaf555a76cd
game/citadel/models/panorama/styles/ability_hud_elements/element_progress_bar.vcss_c	7016	citadel-runtime-and-assets	no-current-path-match-in-checked-sources			0bb4540153bd878c2d957c2b3944ef1f3a3905779ade4dbba282fb9ee024386e
game/citadel/models/panorama/styles/ability_hud_element_unit_target.vcss_c	8519	citadel-runtime-and-assets	no-current-path-match-in-checked-sources			0b7b888be7f856b08d9eff9c42d54534db74d11fcafd41ed705ad197597edd12
game/citadel/models/panorama/styles/ability_icons.vcss_c	86234	citadel-runtime-and-assets	no-current-path-match-in-checked-sources			d066650fd173ffc4ad744b7d44f003bec39ed0884d0e0809bbb63b469f7b2bc3
game/citadel/models/panorama/styles/ability_property_icons.vcss_c	38533	citadel-runtime-and-assets	no-current-path-match-in-checked-sources			d5dc20227dfab67fcb80e8139712d3664b3b8f2bcc78ef25e1ce791bf4abec84
game/citadel/models/panorama/styles/avatar_image.vcss_c	3179	citadel-runtime-and-assets	no-current-path-match-in-checked-sources			0b613561764d87ff9f7fb1efaccc88a309ef1003a446f0a890a4569793b771d2
game/citadel/models/panorama/styles/chat.vcss_c	10895	citadel-runtime-and-assets	no-current-path-match-in-checked-sources			ee86c6a63fa315dd298617f6e49d73c9b844134d5c3c177e0af7cd0fd073d4ee
game/citadel/models/panorama/styles/citadel_ability_details_panel.vcss_c	7365	citadel-runtime-and-assets	no-current-path-match-in-checked-sources			e7dcaa5f7044b70927ba6398ccd82a12dcf0a9247b1376298abc4bf61dfaa64b
game/citadel/models/panorama/styles/citadel_ability_property_panel.vcss_c	11093	citadel-runtime-and-assets	no-current-path-match-in-checked-sources			a8accab91dcaf8f5d30c8b688e9401e7387bc2256fd0d245657feaa4e9978f25
game/citadel/models/panorama/styles/citadel_base_styles.vcss_c	113809	citadel-runtime-and-assets	no-current-path-match-in-checked-sources			3b29d7206b22958fea955832a73f50cae7b70f3a2568eb5059a44b1b4bc1d00d
game/citadel/models/panorama/styles/citadel_client_status.vcss_c	5522	citadel-runtime-and-assets	no-current-path-match-in-checked-sources			2826b8ec8b40bc2eb16ffdc36ce5515285ed19be34bb46069ae7a41d6eb1378b
game/citadel/models/panorama/styles/citadel_dashboard_footer_bar.vcss_c	3941	citadel-runtime-and-assets	no-current-path-match-in-checked-sources			c78f3f49650474bb0ae723b7a163505e6bb13bd31b105cd50151299e8e6b3daa
game/citadel/models/panorama/styles/citadel_db_page_heroes.vcss_c	1124	citadel-runtime-and-assets	no-current-path-match-in-checked-sources			ef610afe80635a8a0301974d7544db99fa953e2d21fe4b4e6f1c19248dcf9215
game/citadel/models/panorama/styles/citadel_db_page_hero_badge_gallery.vcss_c	2578	citadel-runtime-and-assets	no-current-path-match-in-checked-sources			d29e3c22845816b508e2b0a13105a6b58fab271daf59ceccc77707fe5f917a95
game/citadel/models/panorama/styles/citadel_db_page_hero_builds.vcss_c	13322	citadel-runtime-and-assets	no-current-path-match-in-checked-sources			1d8497c807447756f978a926743e0880ffaffb6cea5aa369bcb09d6fc8a9139a
game/citadel/models/panorama/styles/citadel_db_page_hero_details.vcss_c	31037	citadel-runtime-and-assets	no-current-path-match-in-checked-sources			16ba77898123a61a2e2c7ff9430126c652e91cf1f6e410773bd6167a5310945a
game/citadel/models/panorama/styles/citadel_db_page_hero_release_vote.vcss_c	26924	citadel-runtime-and-assets	no-current-path-match-in-checked-sources			1bdb472b1ae85f4e13eeca3207e5e788c166d8442460465981529ccc2394cd8c
game/citadel/models/panorama/styles/citadel_db_page_learn.vcss_c	16650	citadel-runtime-and-assets	no-current-path-match-in-checked-sources			6f6d09f05d82b3ef69bbcf9f1d3fafa912ff3252419586e083626caf4581d0d9
game/citadel/models/panorama/styles/citadel_db_page_news.vcss_c	5572	citadel-runtime-and-assets	no-current-path-match-in-checked-sources			26fc116cff2c265c3b330e9feafffbd565a88155ad1794e3256cbb8011f5a767
game/citadel/models/panorama/styles/citadel_db_page_news_entry.vcss_c	5552	citadel-runtime-and-assets	no-current-path-match-in-checked-sources			685f5498611b71acb70651eab230952a5543923eb17372f2fcd583a6087c1747
game/citadel/models/panorama/styles/citadel_db_page_play.vcss_c	22484	citadel-runtime-and-assets	no-current-path-match-in-checked-sources			786a067424541bfbab7e9d18b83108e70c6314f8cec6f984becbee1e792ae3d4
game/citadel/models/panorama/styles/citadel_db_page_private_lobby.vcss_c	9561	citadel-runtime-and-assets	no-current-path-match-in-checked-sources			30bfc6f1ae678d41032bdb8dd03de0d73056385983f790b99699fc95a02f9cc2
game/citadel/models/panorama/styles/citadel_db_page_profile.vcss_c	46386	citadel-runtime-and-assets	no-current-path-match-in-checked-sources			71fa611804d74f3c008e743bf8bf6f5bd9cc2aa981c84f12f96027ba56e6fe9e
game/citadel/models/panorama/styles/citadel_db_page_profile_match_history.vcss_c	3758	citadel-runtime-and-assets	no-current-path-match-in-checked-sources			a7e34ffc3af8f02dcbe65fa2d745ddd20dae9bb3b429c2f456a9cb471e430458
game/citadel/models/panorama/styles/citadel_db_page_roster_confirm.vcss_c	17158	citadel-runtime-and-assets	no-current-path-match-in-checked-sources			5b4f14f4387f91db62b29a431601740ddd67f46150f44b050dad3a3b5a79f7ba
game/citadel/models/panorama/styles/citadel_db_page_shared.vcss_c	5353	citadel-runtime-and-assets	no-current-path-match-in-checked-sources			990aacd7bd5103a2d5893715d2ac614868cd5348d94d62d188b2eb84fe356a4f
game/citadel/models/panorama/styles/citadel_db_page_social.vcss_c	3945	citadel-runtime-and-assets	no-current-path-match-in-checked-sources			680691f698af33bc345d20889ed2abae6232aa6420078528bea6d1622a7fd271
game/citadel/models/panorama/styles/citadel_db_page_watch.vcss_c	8397	citadel-runtime-and-assets	no-current-path-match-in-checked-sources			c84abfc0e2f0fea7e94e626a17a04eefbfd98932c1f9251b39acb54aa1f2411a
game/citadel/models/panorama/styles/citadel_hero_card.vcss_c	29981	citadel-runtime-and-assets	no-current-path-match-in-checked-sources			58d6407e4c15471e8bbd3efe2b95a8e6c902817f3bb20b38c2155d13f3f2249c
game/citadel/models/panorama/styles/citadel_hero_grid.vcss_c	3787	citadel-runtime-and-assets	no-current-path-match-in-checked-sources			002c0d9a8085007fcbaaf5bf08cd949ca2829ec64733a47c211d91ae3ae05f88
game/citadel/models/panorama/styles/citadel_hero_stats_panels_shared.vcss_c	7288	citadel-runtime-and-assets	no-current-path-match-in-checked-sources			9b70cdb354fb263dea9fdff0c093e014d134a9313041d30746c2c8fc4a58f93c
game/citadel/models/panorama/styles/citadel_hero_stats_weapon_panel.vcss_c	5103	citadel-runtime-and-assets	no-current-path-match-in-checked-sources			fbd3d365e4e1c72609a1e740035fb77e8defaf1ea354f7c0e6e8a969ce3ecee3
game/citadel/models/panorama/styles/citadel_hud_ability_button.vcss_c	20954	citadel-runtime-and-assets	no-current-path-match-in-checked-sources			8cc675a5ce4da0ffd3abf0a00952dc97d0f2556d87db6e2216bcee9dc9911d6e
game/citadel/models/panorama/styles/citadel_hud_ability_button_hint.vcss_c	5751	citadel-runtime-and-assets	no-current-path-match-in-checked-sources			a75a22da6bb11611499b53a059176149dc87db196d8f3bd957becdb3c6e3172d
game/citadel/models/panorama/styles/citadel_hud_ability_details_panel.vcss_c	2431	citadel-runtime-and-assets	no-current-path-match-in-checked-sources			212f2999a6ebfbb12b3289bdaefb8e19f8296607c4e74957a96c408718c807fe
game/citadel/models/panorama/styles/citadel_hud_ability_upgrade_list.vcss_c	2773	citadel-runtime-and-assets	no-current-path-match-in-checked-sources			0d6b3b286cbc5db90d43b458bc1b268ab71668ffb90a350dab21d65f2a39b086
game/citadel/models/panorama/styles/citadel_hud_and_db_overlay.vcss_c	2912	citadel-runtime-and-assets	no-current-path-match-in-checked-sources			ce96cc8ebfa3cd3e7689f3e305f4d3d0da0b1e5cc2d64d7887d84ffac12674fe
game/citadel/models/panorama/styles/citadel_hud_chat_wheel.vcss_c	16049	citadel-runtime-and-assets	no-current-path-match-in-checked-sources			f89e2008e16d3dd9b9eece04c7c08fc3ce6defda89aaec5978011692297cf790
game/citadel/models/panorama/styles/citadel_hud_damage_feedback_display.vcss_c	25440	citadel-runtime-and-assets	no-current-path-match-in-checked-sources			af20016321d744dca2a14c2892442d0084c1bb0440f2051f4e734bd55cb56614
game/citadel/models/panorama/styles/citadel_hud_data_feed_boss_killed.vcss_c	5977	citadel-runtime-and-assets	no-current-path-match-in-checked-sources			273c3ec59063f9f8b9d5578ee1648962ef44a1e079bf8b11feb9371fb36f9326
game/citadel/models/panorama/styles/citadel_hud_data_feed_info.vcss_c	10138	citadel-runtime-and-assets	no-current-path-match-in-checked-sources			f2f181b9051e9577c031be353c8ea744dab1af3b7ecda996b25742da282df1d9
game/citadel/models/panorama/styles/citadel_hud_flex_slot_unlocked_message.vcss_c	2315	citadel-runtime-and-assets	no-current-path-match-in-checked-sources			24d5aa637b6afcafd721a0dd34fdc6a50aa6b5adbe4f238b1ad1b02d33054399
game/citadel/models/panorama/styles/citadel_hud_game_over_display.vcss_c	3540	citadel-runtime-and-assets	no-current-path-match-in-checked-sources			f5340271fb6a3f884a483b20617bf075bfe5d53c1045aacf93d9f995667ee4a8
game/citadel/models/panorama/styles/citadel_hud_hero_shop.vcss_c	80984	citadel-runtime-and-assets	no-current-path-match-in-checked-sources			53787836c6da37312e9b5d935cd7ef2d27b9b35211fa8828ed7c97a7ac704a03
game/citadel/models/panorama/styles/citadel_hud_item_bar_graph.vcss_c	10482	citadel-runtime-and-assets	no-current-path-match-in-checked-sources			e9225abd5e3c77007abf873a07067b6256a36e1c9ec78c8fb032d678b6637ee9
game/citadel/models/panorama/styles/citadel_hud_modifier_message.vcss_c	5624	citadel-runtime-and-assets	no-current-path-match-in-checked-sources			e270e8c0e3e9888e514b4a09bd62ad2eaa1a6e449366a4ff5a302df187f59457
game/citadel/models/panorama/styles/citadel_hud_mod_bar_graph.vcss_c	3272	citadel-runtime-and-assets	no-current-path-match-in-checked-sources			043a52f0976537c7626b0daf881cc11839c0aab7290c55c06230a8539c99e208
game/citadel/models/panorama/styles/citadel_hud_player_level.vcss_c	5212	citadel-runtime-and-assets	no-current-path-match-in-checked-sources			975878ba62e965cdfd04eaf3f7cfe4ddeba886a9f1d416b8199d0e6be9c9dec0
game/citadel/models/panorama/styles/citadel_hud_player_level_up_bonus.vcss_c	8989	citadel-runtime-and-assets	no-current-path-match-in-checked-sources			6c533e0a1bcf67856b4568e6d2b8648e09ac27a7f14c69483dbc99dc93448f0a
game/citadel/models/panorama/styles/citadel_hud_pregame_countdown.vcss_c	5862	citadel-runtime-and-assets	no-current-path-match-in-checked-sources			f4612163063ab6071757fc611a26f36add0ba0403b88e9f93b783daaf0c8724b
game/citadel/models/panorama/styles/citadel_hud_top_bar.vcss_c	94620	citadel-runtime-and-assets	no-current-path-match-in-checked-sources			4ddc2ff0aaa6887240125c344e6cc657a461021ba914a2f471a2a8a547024a38
game/citadel/models/panorama/styles/citadel_matchmaking_status.vcss_c	10059	citadel-runtime-and-assets	no-current-path-match-in-checked-sources			57aa1ba39d88a9cfd5aae9ad3349b4ce94f540c7a451b2f64309521fb2a1e947
game/citadel/models/panorama/styles/citadel_match_history_block_shared.vcss_c	6782	citadel-runtime-and-assets	no-current-path-match-in-checked-sources			7a73331623ac1627830ec6c43613874f359f348c67a2eafde7b34e7274064a05
game/citadel/models/panorama/styles/citadel_modified_attribute_label.vcss_c	21692	citadel-runtime-and-assets	no-current-path-match-in-checked-sources			c9c097ce8c4366bf271ea7564c8c4b25a08cad7ff2edb3b74373abf4db7b8c64
game/citadel/models/panorama/styles/citadel_mods_purchased_panel.vcss_c	14134	citadel-runtime-and-assets	no-current-path-match-in-checked-sources			5499ed367c3b74ca9153ea3d5e58930e910c2962e2ceb0e6d10ef34dbb7abb51
game/citadel/models/panorama/styles/citadel_mod_bonus_display.vcss_c	14348	citadel-runtime-and-assets	no-current-path-match-in-checked-sources			3573be21551332d15d71c12d870053c0fdb33fde9fb77e5d9e40060abfdaeebe
game/citadel/models/panorama/styles/citadel_party.vcss_c	11563	citadel-runtime-and-assets	no-current-path-match-in-checked-sources			f3a682095227a46494b22dbadafa506d9a4603348b71bb00b811b118aca4288e
game/citadel/models/panorama/styles/citadel_ranked_badge_full.vcss_c	32541	citadel-runtime-and-assets	no-current-path-match-in-checked-sources			8b51ed370f46bf0f900bb3cc17908d459695581777810c26e9d82b2cd83105a3
game/citadel/models/panorama/styles/citadel_ranked_badge_mini.vcss_c	26365	citadel-runtime-and-assets	no-current-path-match-in-checked-sources			3205324be8d655b566d7c1a23f78b52e9b1a320b3fe6ff4dc89a10795c7d25e7
game/citadel/models/panorama/styles/citadel_roster_hero_details.vcss_c	12389	citadel-runtime-and-assets	no-current-path-match-in-checked-sources			9bdc37124db703473806eea4503c4f6282978c5d958711b8f051779ef14261bd
game/citadel/models/panorama/styles/citadel_shop_mods_build.vcss_c	9278	citadel-runtime-and-assets	no-current-path-match-in-checked-sources			953ef4a9c41b8bf0283569d152fa2e3f8bca208b0c28accf5bbc56691e17cc20
game/citadel/models/panorama/styles/citadel_shop_mods_list.vcss_c	13379	citadel-runtime-and-assets	no-current-path-match-in-checked-sources			295c1e4b3189cc9d04be5af6acc743916270013033ca88f6f20335e3c5a3d59c
game/citadel/models/panorama/styles/citadel_shop_mods_tier.vcss_c	7236	citadel-runtime-and-assets	no-current-path-match-in-checked-sources			a579d7aa3c9758ad79c08d79f6a8baf54a672663cf6af3005c681cfeb7dd32ad
game/citadel/models/panorama/styles/citadel_shop_mod_icon.vcss_c	15578	citadel-runtime-and-assets	no-current-path-match-in-checked-sources			0dc4c87a123ef311cd4e9e6d768ccf2d3c2a7bcd29dd7cc80d29328d3137f7fd
game/citadel/models/panorama/styles/citadel_shop_mod_view.vcss_c	63630	citadel-runtime-and-assets	no-current-path-match-in-checked-sources			dc2496e6502c197f417729aef793267756d1660d98d896c708aeb83ae9932d2e
game/citadel/models/panorama/styles/citadel_shop_mod_view_favorites.vcss_c	10369	citadel-runtime-and-assets	no-current-path-match-in-checked-sources			f87053334b7ef8e4d7d5ae877a972791d670c53a93fe3f701bac2fd2596ef25a
game/citadel/models/panorama/styles/citadel_status_effect.vcss_c	2323	citadel-runtime-and-assets	no-current-path-match-in-checked-sources			9f90bd79003b175860802d641ecdd421f608d76021f6479fc21761159252c1b2
game/citadel/models/panorama/styles/citadel_stat_scaling_label.vcss_c	10263	citadel-runtime-and-assets	no-current-path-match-in-checked-sources			d0ad1ef8f09a65d6202014fb6313bf19561612bbca93e700ace888d6e645c926
game/citadel/models/panorama/styles/citadel_ui_ability_order.vcss_c	8527	citadel-runtime-and-assets	no-current-path-match-in-checked-sources			5582eed43eeee6941e66b3e114b54c9070a075bf40df3d98a3e0d9a927456135
game/citadel/models/panorama/styles/citadel_ui_account_survey.vcss_c	9637	citadel-runtime-and-assets	no-current-path-match-in-checked-sources			bd1c25c1ed20cf09791ea690d111ab0fcadceb923b2ad119c0c010cce41787cf
game/citadel/models/panorama/styles/citadel_ui_binding.vcss_c	4771	citadel-runtime-and-assets	no-current-path-match-in-checked-sources			26f1d4e99aae5bb6d561ffed7dccefab1994488d2e02fe1146e6468b23cfb47a
game/citadel/models/panorama/styles/citadel_ui_friend.vcss_c	27572	citadel-runtime-and-assets	no-current-path-match-in-checked-sources			7404c41b002ba1314945384ea6448a27865e3c8ee004368637ac30730093b459
game/citadel/models/panorama/styles/citadel_ui_keyboard_glyph.vcss_c	6666	citadel-runtime-and-assets	no-current-path-match-in-checked-sources			2fc8e6158ceb688c005c23c7ba470c11b9fc75e7a3b0f869e46ce021d6f2fb58
game/citadel/models/panorama/styles/citadel_ui_party.vcss_c	36063	citadel-runtime-and-assets	no-current-path-match-in-checked-sources			53831e93621233586fef209d854f14b74fa173ba8e84b0a8a2222b054b06e54a
game/citadel/models/panorama/styles/citadel_ui_party_invite_list.vcss_c	7008	citadel-runtime-and-assets	no-current-path-match-in-checked-sources			c80f8c80c69f1cde5205696440a915173093d0b33ddca3c1e49e484566000ab3
game/citadel/models/panorama/styles/citadel_ui_party_member.vcss_c	14413	citadel-runtime-and-assets	no-current-path-match-in-checked-sources			c76bfbefc78f92fc574cc54a533bb1c410c31551916c697d96977de1c82ac375
game/citadel/models/panorama/styles/citadel_ui_post_game_scoreboard.vcss_c	35751	citadel-runtime-and-assets	no-current-path-match-in-checked-sources			6fe6bd37170d1bcd91aeeb4451395d180f63f1a1800799eaa2cbfb8def42a511
game/citadel/models/panorama/styles/citadel_ui_private_lobby_team_slot.vcss_c	7080	citadel-runtime-and-assets	no-current-path-match-in-checked-sources			fe4c31a75844b75b4c75c477c52339e4e1b3ff7b120e6c7036a5d59f020d19da
game/citadel/models/panorama/styles/citadel_ui_radial_abilities.vcss_c	20160	citadel-runtime-and-assets	no-current-path-match-in-checked-sources			ae94c7c532001428a6ca28ca6fc18cef8e5138ef80f53c701d4790b09c562455
game/citadel/models/panorama/styles/citadel_ui_radial_abilities_segment.vcss_c	6635	citadel-runtime-and-assets	no-current-path-match-in-checked-sources			d90422879ba82b5617a936b0ac9c64aea6ee80495e56df0a81e7d071fc23e3f5
game/citadel/models/panorama/styles/citadel_ui_social_party.vcss_c	31369	citadel-runtime-and-assets	no-current-path-match-in-checked-sources			bb0fdc1652c358e3efe3f1fb7183a8c23ba57e76abe8871a0e179e95cb17f57f
game/citadel/models/panorama/styles/dashboard.vcss_c	56986	citadel-runtime-and-assets	no-current-path-match-in-checked-sources			7a3ed5c051af64afc5bcbc8f27e93588e7e43fd8fe9a14cf9b73ea0130f36015
game/citadel/models/panorama/styles/db_activematch.vcss_c	14638	citadel-runtime-and-assets	no-current-path-match-in-checked-sources			ffefb15c3c26443478a0d66af3a9fd6f42603045dfc947cfbfb493542de9f5ac
game/citadel/models/panorama/styles/db_playerlist.vcss_c	30973	citadel-runtime-and-assets	no-current-path-match-in-checked-sources			a0ab4c07120e762c36b01f83d0d271525e602dca78cbf4ab60ffafd43426a697
game/citadel/models/panorama/styles/dev_commands_menu.vcss_c	3637	citadel-runtime-and-assets	no-current-path-match-in-checked-sources			7663b48a60af722cf0057267ae4c7b1f0952ce6f98907508521368904ffb865f
game/citadel/models/panorama/styles/friends_list.vcss_c	12541	citadel-runtime-and-assets	no-current-path-match-in-checked-sources			c1cbbcf451631bede3e8040778a8ca2d27c76869a99be1fb4dcabdaae43aba94
game/citadel/models/panorama/styles/friends_list_entry.vcss_c	9364	citadel-runtime-and-assets	no-current-path-match-in-checked-sources			15f5a6ea9ea10d630b673baa553f5d1ebfa1da38af2512152b555c1b3abc627b
game/citadel/models/panorama/styles/hero_backgrounds/hero_background_default.vcss_c	20377	citadel-runtime-and-assets	no-current-path-match-in-checked-sources			eadcc6549345d8aca0d41fc8aa41d34a2247dbafbef63eb34ffff92f467b036e
game/citadel/models/panorama/styles/hero_badge.vcss_c	23942	citadel-runtime-and-assets	no-current-path-match-in-checked-sources			a987dad66bed7d1810ec7ff8753ac6ba6ef34b76adffea46d938e67abab3ee83
game/citadel/models/panorama/styles/hero_selection.vcss_c	1152	citadel-runtime-and-assets	no-current-path-match-in-checked-sources			fbabfb5be9239260756c1f3737f4b8c06c251f7c6807bd78fdcd8a594b917bf5
game/citadel/models/panorama/styles/hero_testing_menu.vcss_c	10671	citadel-runtime-and-assets	no-current-path-match-in-checked-sources			9ee818ef8762182383b7edac35b10ff688c660613da8d2c27dea1e81c713dfaa
game/citadel/models/panorama/styles/hud.vcss_c	112546	citadel-runtime-and-assets	no-current-path-match-in-checked-sources			ed94b93d6eaf7f7d557b4af91ebecd5cb7d2f63cccfc84ed54bbbd6f552d9a90
game/citadel/models/panorama/styles/hudchat.vcss_c	12953	citadel-runtime-and-assets	no-current-path-match-in-checked-sources			e0bfed1b9f71ba33b98aad0324a4eb2153872ebdaa7c3b0c289819a3125382ce
game/citadel/models/panorama/styles/hud_ability_icon.vcss_c	47202	citadel-runtime-and-assets	no-current-path-match-in-checked-sources			01ce661f51fd2c733322c3b2a4af55a6fcd5b3e3c51f3956283f346ccdae8e7c
game/citadel/models/panorama/styles/hud_ability_icon_active.vcss_c	24868	citadel-runtime-and-assets	no-current-path-match-in-checked-sources			a3b7094800a8db15ca4344d94b364ec0447233dd0ed540575fa3e60d1c3db3c6
game/citadel/models/panorama/styles/hud_ability_interrupt.vcss_c	2054	citadel-runtime-and-assets	no-current-path-match-in-checked-sources			57c48375573c5ac1f9f969a28b40c4d200a91f166c86d0c42dca7ff88e2d1a0b
game/citadel/models/panorama/styles/hud_damage_impact.vcss_c	10148	citadel-runtime-and-assets	no-current-path-match-in-checked-sources			5081c445c16dbdade322e5f8e8bf609d4ccd7e143e2bc916bc39d3ea793a819f
game/citadel/models/panorama/styles/hud_damage_report.vcss_c	41165	citadel-runtime-and-assets	no-current-path-match-in-checked-sources			dba56b5191130249168a730f33e802fc096cec3a827aa4314b3b021ba2189204
game/citadel/models/panorama/styles/hud_damage_source_impact.vcss_c	6642	citadel-runtime-and-assets	no-current-path-match-in-checked-sources			82d7755c0c7702dd2acd6fd87a11fddc3902d3c1d02b94596bbe15b2cf39ea2c
game/citadel/models/panorama/styles/hud_escape_menu.vcss_c	24949	citadel-runtime-and-assets	no-current-path-match-in-checked-sources			2921d0f5c08f9fe5480c2ff2069c286f6650ca96141264fdcfe43de6b31468e5
game/citadel/models/panorama/styles/hud_event_indicator.vcss_c	27940	citadel-runtime-and-assets	no-current-path-match-in-checked-sources			cc7cfa26d1adeabdb84a4dc5d45d2f9239a1b037bfd9ed813e776f080954c29a
game/citadel/models/panorama/styles/hud_gold_and_ap_container.vcss_c	21158	citadel-runtime-and-assets	no-current-path-match-in-checked-sources			3eccb30ec398dddd90de5f68f9937b26c110da0ef1a6fe17a084bca03a262f5b
game/citadel/models/panorama/styles/hud_health_container.vcss_c	17952	citadel-runtime-and-assets	no-current-path-match-in-checked-sources			1d299f750aa998212b0d7fd232deb171ba6554d0e8fe7dae8125c1ff84023b04
game/citadel/models/panorama/styles/hud_health_pips.vcss_c	5262	citadel-runtime-and-assets	no-current-path-match-in-checked-sources			930d2ae465f62b520f4b105071cb93b49228d0006a83c9d8bceedd9e4743742e
game/citadel/models/panorama/styles/hud_hideout.vcss_c	8115	citadel-runtime-and-assets	no-current-path-match-in-checked-sources			19ce21cbd18caaf655cb47d9420e939fd34ca4c4bdd449e57a2ac68e58809078
game/citadel/models/panorama/styles/hud_minimap.vcss_c	63661	citadel-runtime-and-assets	no-current-path-match-in-checked-sources			14855fcfb74b07f3512c09ff4a518b1243bc4f4777e8bddd7fe0070dd36b3c4d
game/citadel/models/panorama/styles/hud_modifiers.vcss_c	13730	citadel-runtime-and-assets	no-current-path-match-in-checked-sources			ecc4f9ea3f391edcf40a1b12e017d02dfe4ec1f5cd61c2409f1cf84d9b353bf5
game/citadel/models/panorama/styles/hud_objective_health.vcss_c	21895	citadel-runtime-and-assets	no-current-path-match-in-checked-sources			6511cb6f01808da678e2d7755bca06da8ef3ec41d4c203eb0d43ccf3bca99753
game/citadel/models/panorama/styles/hud_paused.vcss_c	10337	citadel-runtime-and-assets	no-current-path-match-in-checked-sources			8c5f8bcb598f83793a6578e771dbdc944c163021a94fd28bc5d78cab4c3335f0
game/citadel/models/panorama/styles/hud_quickbuy.vcss_c	25159	citadel-runtime-and-assets	no-current-path-match-in-checked-sources			5412a654ed442e07f05ed2accd533f3125280550c7c488b43585dbab295ac35d
game/citadel/models/panorama/styles/hud_quickbuy_entry.vcss_c	15655	citadel-runtime-and-assets	no-current-path-match-in-checked-sources			ee59ec1c4dc4969fc6f504f44d7f3543a69de87cfb4fc44e3ac9b7e125a5ea7a
game/citadel/models/panorama/styles/hud_reportcard.vcss_c	30017	citadel-runtime-and-assets	no-current-path-match-in-checked-sources			9437ec2d6a118f6f5ffe0abe8d17107b6d2c5fe7ae5888644308292a1c999bf9
game/citadel/models/panorama/styles/hud_sandbox_tutorial.vcss_c	21453	citadel-runtime-and-assets	no-current-path-match-in-checked-sources			b6e478ef408734103ab7ce2cd2dad2919601a7894edb731d1ed13af91eb5f7f3
game/citadel/models/panorama/styles/hud_scoreboard_mods.vcss_c	22646	citadel-runtime-and-assets	no-current-path-match-in-checked-sources			29d8439f1e979d46d3eddd760a62e3acfc8f236926d597e2b9569a7f00565cfa
game/citadel/models/panorama/styles/hud_screen_effects_scope.vcss_c	3429	citadel-runtime-and-assets	no-current-path-match-in-checked-sources			47f73efaaf1660759aadae42ea8d292a7c20054a7700e2f6d4b0235668d35826
game/citadel/models/panorama/styles/hud_spectate_bar.vcss_c	11880	citadel-runtime-and-assets	no-current-path-match-in-checked-sources			27035cb5c13bd5f5092e9b7a1473d8cb87a1f8ab65a8a59f20787c4902d5e484
game/citadel/models/panorama/styles/hud_team_objective_health.vcss_c	1550	citadel-runtime-and-assets	no-current-path-match-in-checked-sources			22f2caa2500fc399a75a84d5e17401774af0ae61732b4ec08a67d58a62145af8
game/citadel/models/panorama/styles/in_world_item_panel.vcss_c	3543	citadel-runtime-and-assets	no-current-path-match-in-checked-sources			9955828fb1446177ede7c98c5b26bcfa2f0b48edac3ca52b24a5dd9397435ac6
game/citadel/models/panorama/styles/local_player_details.vcss_c	2451	citadel-runtime-and-assets	no-current-path-match-in-checked-sources			03bc7a448a16bd981a3a60a0eaf5f3ef6659313bf73fc7f38027a042ba262429
game/citadel/models/panorama/styles/map_ping_panel.vcss_c	5886	citadel-runtime-and-assets	no-current-path-match-in-checked-sources			8f9e9a0d7a8e9a6ebc438d55ae1262528d62f220d38c3c8bede89d6cbe88c4ff
game/citadel/models/panorama/styles/match_details.vcss_c	5808	citadel-runtime-and-assets	no-current-path-match-in-checked-sources			05925887d34ceb0a940fdae93df9e1e1c94ca8a74ab44a94694a70da6c901b38
game/citadel/models/panorama/styles/match_details_graphs.vcss_c	16181	citadel-runtime-and-assets	no-current-path-match-in-checked-sources			c7d581d1f89ac9c8fd56ad79b6934eddcc5f3368cdeefc5e7b18b9df695d73f7
game/citadel/models/panorama/styles/match_details_items.vcss_c	3167	citadel-runtime-and-assets	no-current-path-match-in-checked-sources			14f36264f37ae776e87726236502b90ffd8698bfeb249d49341aeb53d9005978
game/citadel/models/panorama/styles/match_details_kill_map.vcss_c	5848	citadel-runtime-and-assets	no-current-path-match-in-checked-sources			a764ae0b708fb689c08c70b567abd3383836f5aa836da81ff476b4e33102d185
game/citadel/models/panorama/styles/match_details_kill_matrix.vcss_c	3410	citadel-runtime-and-assets	no-current-path-match-in-checked-sources			e3f803249bd000c0f51de88469a8da28425ca95df006949ec31c7059b2668458
game/citadel/models/panorama/styles/match_details_objectives.vcss_c	1280	citadel-runtime-and-assets	no-current-path-match-in-checked-sources			5f761a385dbb6f7141ed87cf58fa5884a89931d9157ef90acd0f8900a6e1595f
game/citadel/models/panorama/styles/match_details_replay_button.vcss_c	1788	citadel-runtime-and-assets	no-current-path-match-in-checked-sources			89dc3ce27f39305e11d6ea95f8de4142651efb1cbc1fc00ed4cfc6479f5ad18f
game/citadel/models/panorama/styles/match_details_summary_info.vcss_c	1880	citadel-runtime-and-assets	no-current-path-match-in-checked-sources			2166937471e27e09e1886762935beec67137e4af7834ad847094c54ee7417cd9
game/citadel/models/panorama/styles/match_details_summary_table.vcss_c	3253	citadel-runtime-and-assets	no-current-path-match-in-checked-sources			e71a088bce33f2f6109c1ef2fa1fdb7659da0a32a299097b7f279db146b25990
game/citadel/models/panorama/styles/match_history_entry.vcss_c	3130	citadel-runtime-and-assets	no-current-path-match-in-checked-sources			5c12025ce4987df569bed3f4ef9acddd6e7de493bc5305db8ba76f3d93404126
game/citadel/models/panorama/styles/npc_icons.vcss_c	3703	citadel-runtime-and-assets	no-current-path-match-in-checked-sources			f22d0a5640796c49ed47409eb79546c96d7df76b03bfa86d6193c66ac55412c3
game/citadel/models/panorama/styles/pages/citadel_db_page_control_library.vcss_c	47359	citadel-runtime-and-assets	no-current-path-match-in-checked-sources			287f25e0588c802af101f0f9d5ac0f905ea50b0fc8467b1efec8180c71efd7bd
game/citadel/models/panorama/styles/players_list.vcss_c	3727	citadel-runtime-and-assets	no-current-path-match-in-checked-sources			f9fc6d88a40bc8f9fcc7bc8880735106c9ec4147c0f82b4cddfa9133c070e506
game/citadel/models/panorama/styles/players_list_entry.vcss_c	5383	citadel-runtime-and-assets	no-current-path-match-in-checked-sources			e2570f1c59662eae3544767d5c6fe842e42958a46af313db5cbccf90476f43d5
game/citadel/models/panorama/styles/popups/citadel_popup_global_leaderboard.vcss_c	9702	citadel-runtime-and-assets	no-current-path-match-in-checked-sources			76f0fc482d3eb736296a44d28ca4d6b9e0627b752093e9a2d11e21a44b338cfe
game/citadel/models/panorama/styles/popups/citadel_popup_hero_debut.vcss_c	44900	citadel-runtime-and-assets	no-current-path-match-in-checked-sources			8e9af517cf41c403602e1ec5131947cdf93efede38795970f478ddb57e1f9f87
game/citadel/models/panorama/styles/popups/citadel_popup_hero_picker.vcss_c	1010	citadel-runtime-and-assets	no-current-path-match-in-checked-sources			9f865012db1aa3fdf191ea3555a2c40bec16d58c067eb7385724bd6ad385c889
game/citadel/models/panorama/styles/popups/citadel_popup_player_feedback.vcss_c	5333	citadel-runtime-and-assets	no-current-path-match-in-checked-sources			bf11d7de71c97cf8a8fd8bf9e2e5b1581a2aa6a480d7e4edea8b342a7502a67f
game/citadel/models/panorama/styles/popups/citadel_popup_private_bots.vcss_c	5299	citadel-runtime-and-assets	no-current-path-match-in-checked-sources			ee5e055ff5cc720f3c041f2d140f405e7ba12b9cc46f4892b41e7b3b9bfaff95
game/citadel/models/panorama/styles/popups/citadel_popup_ranked_info.vcss_c	6845	citadel-runtime-and-assets	no-current-path-match-in-checked-sources			d9eefa627f16a4fdda25e5fdfbba09c7a72bb8a565d9464e2d865bc641f2c24a
game/citadel/models/panorama/styles/popups/citadel_popup_roster_select.vcss_c	60750	citadel-runtime-and-assets	no-current-path-match-in-checked-sources			7fbea8b2d16b561fc1e405b1847a21d8090394d05455b57529b0d8b22c3aed2a
game/citadel/models/panorama/styles/popups/citadel_popup_weekly_ranked_summary.vcss_c	4392	citadel-runtime-and-assets	no-current-path-match-in-checked-sources			c65e23f798833f9ddbbab1db32d4f798b87dcf3b8bdf122cf4c9537429b62e4f
game/citadel/models/panorama/styles/popups/popups_shared.vcss_c	5062	citadel-runtime-and-assets	no-current-path-match-in-checked-sources			663ab1dde05ca4ba9e6490a4e208949edd37ca5cf94f4ec668cc585d0641046b
game/citadel/models/panorama/styles/popups/popup_generic.vcss_c	4444	citadel-runtime-and-assets	no-current-path-match-in-checked-sources			eced6d634b85119311a26c3a4a3db4d167cfae101b328d7d3f1b696b72638aaf
game/citadel/models/panorama/styles/popups/popup_join_or_create_party.vcss_c	2156	citadel-runtime-and-assets	no-current-path-match-in-checked-sources			f868c27ddd2cbfa5defa94afb8375f034efef06938674cffabb1a5563b9da5b0
game/citadel/models/panorama/styles/popups/popup_playtest_user.vcss_c	5458	citadel-runtime-and-assets	no-current-path-match-in-checked-sources			8c484e0a3502fdcc3f9b60d36afe3f317ab4cdf23e9adbb5b60670e0c62bc430
game/citadel/models/panorama/styles/popups/popup_sell_max_items.vcss_c	8128	citadel-runtime-and-assets	no-current-path-match-in-checked-sources			71262b3f4928c9db85b1babb90903f41ec1d4f92ccd8f518d46c2d9bb0de5156
game/citadel/models/panorama/styles/popups/popup_settings.vcss_c	100141	citadel-runtime-and-assets	no-current-path-match-in-checked-sources			c5028de1852e7bddb08e14c220fb6060a9c2a07a6d91eebadb03ea8d03e11fde
game/citadel/models/panorama/styles/popups/settings_enum.vcss_c	2332	citadel-runtime-and-assets	no-current-path-match-in-checked-sources			b1e3a67b48a4847a5716e79b0ffde6e1adc03d8f11ddddc1b1251e2e0da19196
game/citadel/models/panorama/styles/popups/settings_slider.vcss_c	1880	citadel-runtime-and-assets	no-current-path-match-in-checked-sources			87547ba30d07582ad2b3eee0cacf00d54c34e879ff35210bea9c7f0347cc5dab
game/citadel/models/panorama/styles/post_game/citadel_db_page_post_game.vcss_c	4830	citadel-runtime-and-assets	no-current-path-match-in-checked-sources			74e4ea0a8afcca22072cfabc959e820936093db60ca672e207c4a7088e8bbdbc
game/citadel/models/panorama/styles/post_game/citadel_db_post_game_progress.vcss_c	15795	citadel-runtime-and-assets	no-current-path-match-in-checked-sources			42b2c9e2d04e2feb792edeaed365e951b1c3d4aad5adbe713b7579f817044f36
game/citadel/models/panorama/styles/profile_card.vcss_c	23380	citadel-runtime-and-assets	no-current-path-match-in-checked-sources			89329d1461d8a37ade08a325876198b41e45ab754a280afad0dbd519de9d290d
game/citadel/models/panorama/styles/settings_keybinder.vcss_c	17408	citadel-runtime-and-assets	no-current-path-match-in-checked-sources			ab7f9bb13f4780f20f79397f0092a77fe2800809400a24b3bb8179343fcdb46f
game/citadel/models/panorama/styles/team_chat_status.vcss_c	7467	citadel-runtime-and-assets	no-current-path-match-in-checked-sources			47cb7c4eb9d95224ddd8b9d005f97804520d660a5b6a12b6e634c52dcfdf2469
game/citadel/models/panorama/styles/tooltips/citadel_tooltip_ability_details.vcss_c	4901	citadel-runtime-and-assets	no-current-path-match-in-checked-sources			edbc356845217edf2df3d6a40a24a32b80afd4382290c10d4a7045444438af1b
game/citadel/models/panorama/styles/tooltips/citadel_tooltip_ability_upgrade_button.vcss_c	8106	citadel-runtime-and-assets	no-current-path-match-in-checked-sources			1d5235be5942f9224e32ec140b03fc1fcbfe8a07fe58f3585a35c381c7b3d518
game/citadel/models/panorama/styles/tooltips/citadel_tooltip_graph_playernetworth.vcss_c	4052	citadel-runtime-and-assets	no-current-path-match-in-checked-sources			6febffe1f0ad22220303c8783f754adc1714da9645be95099750a74650bccd3b
game/citadel/models/panorama/styles/tooltips/citadel_tooltip_mod_details.vcss_c	45533	citadel-runtime-and-assets	no-current-path-match-in-checked-sources			33d286fb89f07c0ac9e66ee90f7ef40a1b7685adbd383eb4a3ade80646853f94
game/citadel/models/panorama/styles/tooltips/citadel_tooltip_mod_hover.vcss_c	7948	citadel-runtime-and-assets	no-current-path-match-in-checked-sources			f15e505cdf20a4abdedea734fccb7906f9843be3ce63b52129d7aa22a878f2f0
game/citadel/models/panorama/styles/tooltips/citadel_tooltip_party_code.vcss_c	2907	citadel-runtime-and-assets	no-current-path-match-in-checked-sources			b22b62f00b8b6187ace9c19bd8dd8b74062616a38cee4f40f1c90d30cf442d98
game/citadel/models/panorama/styles/tooltips/citadel_tooltip_roster_select_hero.vcss_c	2165	citadel-runtime-and-assets	no-current-path-match-in-checked-sources			2503807ed8555b06647c082be7388c7bdfc057b2713b6f7a09818aea176d0890
game/citadel/models/panorama/styles/tooltips/citadel_tooltip_roster_select_hero_hover.vcss_c	18527	citadel-runtime-and-assets	no-current-path-match-in-checked-sources			495bcca947ed13b2d69a30ab27e8498cd861dd7fdcc48eb2b6a3a36ab49566f5
game/citadel/models/panorama/styles/tooltips/citadel_tooltip_stats_panel.vcss_c	1291	citadel-runtime-and-assets	no-current-path-match-in-checked-sources			5236d0aa7cdd036c928afea886321e4b67cb5ccae23e7c50fd32e77b65476627
game/citadel/models/panorama/styles/tooltips/tooltip_base.vcss_c	7617	citadel-runtime-and-assets	no-current-path-match-in-checked-sources			5efdbbb50e182c7370f7c765fa5b52d2d7ab8c2b3c367059c6a8d6c4f59cd6f5
game/citadel/models/panorama/styles/tooltips/tooltip_text.vcss_c	2885	citadel-runtime-and-assets	no-current-path-match-in-checked-sources			85ab5934cb1e59fe2f69af3f61fccb3f8c88197f275ddff2fcc30c4cac922386
game/citadel/models/panorama/styles/unit_status.vcss_c	30163	citadel-runtime-and-assets	no-current-path-match-in-checked-sources			a96e768e4a1bb20e4ae98425e666a7807fd4220c948ba34906464701adfdfe07
game/citadel/models/panorama/styles/unit_status_icons.vcss_c	52601	citadel-runtime-and-assets	no-current-path-match-in-checked-sources			d094b255836cb62dbb4f32687f028c649d3036a9f7333904a88179856e46c909
game/citadel/models/panorama/styles/upgrade_shop_ability_button.vcss_c	19470	citadel-runtime-and-assets	no-current-path-match-in-checked-sources			4ebd5977a52bc7944cfa21b59a8cba2c519709da024253649adacc57fdec1203
game/citadel/models/test/materials/checkerboard_blue.vmat_c	4776	citadel-runtime-and-assets	same-name-current-deadlock-vpk-member-listed	game/citadel/pak01_dir.vpk!models/test/materials/checkerboard_blue.vmat_c	1422456/9192361732058507254	41e8d851be7a060a9c2e9bfe0692169263af8303802ae6a07b0e80aab111ff2a
game/citadel/models/test/materials/checkerboard_darkgray.vmat_c	4792	citadel-runtime-and-assets	same-name-current-deadlock-vpk-member-listed	game/citadel/pak01_dir.vpk!models/test/materials/checkerboard_darkgray.vmat_c	1422456/9192361732058507254	600bb05ce678ec2d916d1907a573a3101ffd3a28e3504f4e2498f575a0043380
game/citadel/models/test/materials/checkerboard_gray.vmat_c	4776	citadel-runtime-and-assets	same-name-current-deadlock-vpk-member-listed	game/citadel/pak01_dir.vpk!models/test/materials/checkerboard_gray.vmat_c	1422456/9192361732058507254	971bd2f2bc239a5df6c29af8b5959ffc659db5caff8f910a48859f5bdb6745fd
game/citadel/models/test/materials/checkerboard_green.vmat_c	4792	citadel-runtime-and-assets	same-name-current-deadlock-vpk-member-listed	game/citadel/pak01_dir.vpk!models/test/materials/checkerboard_green.vmat_c	1422456/9192361732058507254	a7d7bc9c72d58a92b3ca264a90e866b209832e37af94ec80978e89da71337090
game/citadel/models/test/materials/checkerboard_orange.vmat_c	4792	citadel-runtime-and-assets	same-name-current-deadlock-vpk-member-listed	game/citadel/pak01_dir.vpk!models/test/materials/checkerboard_orange.vmat_c	1422456/9192361732058507254	8cedac11d468204049fba71251fd903c765dec36d9d47f74281702db686b6498
game/citadel/models/test/materials/checkerboard_red.vmat_c	4776	citadel-runtime-and-assets	same-name-current-deadlock-vpk-member-listed	game/citadel/pak01_dir.vpk!models/test/materials/checkerboard_red.vmat_c	1422456/9192361732058507254	a444c290ee5272c9d4785da2faf01c09a9e9fd118195cfcffb9182ffe92dbfd8
game/citadel/models/test/materials/checkergrid_green.vmat_c	4776	citadel-runtime-and-assets	same-name-current-deadlock-vpk-member-listed	game/citadel/pak01_dir.vpk!models/test/materials/checkergrid_green.vmat_c	1422456/9192361732058507254	7093bcfc4ec06924c5ed6222798b6f88b05fa437f265fa60be9f9625d85a9fbb
game/citadel/models/test/materials/checkergrid_red.vmat_c	4760	citadel-runtime-and-assets	same-name-current-deadlock-vpk-member-listed	game/citadel/pak01_dir.vpk!models/test/materials/checkergrid_red.vmat_c	1422456/9192361732058507254	5bcc1128a2848a0572c110bc8ea30f781eb2109ee4b4f835d816d6769009dca2
game/citadel/models/test/materials/grid_multi.vmat_c	4744	citadel-runtime-and-assets	same-name-current-deadlock-vpk-member-listed	game/citadel/pak01_dir.vpk!models/test/materials/grid_multi.vmat_c	1422456/9192361732058507254	55a150930f0ff34452f7e27b673812efa2baab2f082fd0ca1eb85644a758923b
game/citadel/models/test/materials/grid_red_blue.vmat_c	4760	citadel-runtime-and-assets	same-name-current-deadlock-vpk-member-listed	game/citadel/pak01_dir.vpk!models/test/materials/grid_red_blue.vmat_c	1422456/9192361732058507254	a287874449b929dc31fb6474f2e44c76e838785f906693bfeea5f11ed1bf9821
game/citadel/models/test/shield/shield.vmat_c	4296	citadel-runtime-and-assets	same-name-current-deadlock-vpk-member-listed	game/citadel/pak01_dir.vpk!models/test/shield/shield.vmat_c	1422456/9192361732058507254	4aa1a4e874c88677cb569fcec85deececd9c6663aec65d686211c8e1e2df6b15
game/citadel/models/test/shield/shield_chainlink.vmat_c	4264	citadel-runtime-and-assets	same-name-current-deadlock-vpk-member-listed	game/citadel/pak01_dir.vpk!models/test/shield/shield_chainlink.vmat_c	1422456/9192361732058507254	a1a4f8ddf8b6bd53239419ab3d1deb3fae3841ce10c7d437b5b633210998f6a6
game/citadel/models/test/shield/shield_dissolve.vmat_c	5176	citadel-runtime-and-assets	same-name-current-deadlock-vpk-member-listed	game/citadel/pak01_dir.vpk!models/test/shield/shield_dissolve.vmat_c	1422456/9192361732058507254	6b2de36d3bd7b64b6b9884ece5a7879bb10e1bf4dc334321fa5f79356d4b5bc0
game/citadel/models/test/shield/shield_half.vmat_c	4232	citadel-runtime-and-assets	same-name-current-deadlock-vpk-member-listed	game/citadel/pak01_dir.vpk!models/test/shield/shield_half.vmat_c	1422456/9192361732058507254	ac3a4e35168912130d6464c5a33e2c29bca1abef4f18583f8516785879231c87
game/citadel/models/test/shield/shield_mono.vmat_c	4520	citadel-runtime-and-assets	same-name-current-deadlock-vpk-member-listed	game/citadel/pak01_dir.vpk!models/test/shield/shield_mono.vmat_c	1422456/9192361732058507254	f425818a0aeb688d2ce0d6030af537508863f754024bb73cb3fa84c704ba3c70
game/citadel/models/test/shield/shield_npc_escort.vmat_c	5480	citadel-runtime-and-assets	same-name-current-deadlock-vpk-member-listed	game/citadel/pak01_dir.vpk!models/test/shield/shield_npc_escort.vmat_c	1422456/9192361732058507254	58eaede7fd30f3c77a17eb4295382127de43d3f03046348db5684e26d3b8ef0e
game/citadel/models/test/shield/shield_personal.vmat_c	4232	citadel-runtime-and-assets	same-name-current-deadlock-vpk-member-listed	game/citadel/pak01_dir.vpk!models/test/shield/shield_personal.vmat_c	1422456/9192361732058507254	96731d900f39a09dc35a518914bff21ea291b694cd8112cf24c99b3ad57c3e68
game/citadel/models/ui/glyphs/materials/hero_picker_glyph_dashed_scrolling.vmat_c	5033	citadel-runtime-and-assets	same-name-current-deadlock-vpk-member-listed	game/citadel/pak01_dir.vpk!models/ui/glyphs/materials/hero_picker_glyph_dashed_scrolling.vmat_c	1422456/9192361732058507254	3c9722b3754799a8fb39a71e29b2046f07021e9d5708b0f75a82379382261596
game/citadel/models/ui/glyphs/materials/hero_picker_glyph_solid.vmat_c	4857	citadel-runtime-and-assets	same-name-current-deadlock-vpk-member-listed	game/citadel/pak01_dir.vpk!models/ui/glyphs/materials/hero_picker_glyph_solid.vmat_c	1422456/9192361732058507254	7f9d4a5fdcfafaf7b9550ba8f61964aaf6072857aee8c889f48bcdee4c8ec43c
game/citadel/models/ui/magic_lock/materials/magic_lock.vmat_c	5119	citadel-runtime-and-assets	same-name-current-deadlock-vpk-member-listed	game/citadel/pak01_dir.vpk!models/ui/magic_lock/materials/magic_lock.vmat_c	1422456/9192361732058507254	027bdbffd17317f87e1179d660da1341c9e59efa1ae5529187623e504a7d58cd
game/citadel/models/ui/ping_markers/materials/ping_marker_arrow.vmat_c	4680	citadel-runtime-and-assets	same-name-current-deadlock-vpk-member-listed	game/citadel/pak01_dir.vpk!models/ui/ping_markers/materials/ping_marker_arrow.vmat_c	1422456/9192361732058507254	bcbed6e9322b777c9beec9f1abd9b588e933f44d55920bf2b1e463dd02218efc
game/citadel/models/ui/ping_markers/materials/ping_marker_arrow_outline.vmat_c	4712	citadel-runtime-and-assets	same-name-current-deadlock-vpk-member-listed	game/citadel/pak01_dir.vpk!models/ui/ping_markers/materials/ping_marker_arrow_outline.vmat_c	1422456/9192361732058507254	a66d9bb1e49ebdd1bf3a3fa4d13def886dbcc3164732c32e15c5ccdc9caed91a
game/citadel/models/ui/ping_markers/materials/ping_marker_attack.vmat_c	4680	citadel-runtime-and-assets	same-name-current-deadlock-vpk-member-listed	game/citadel/pak01_dir.vpk!models/ui/ping_markers/materials/ping_marker_attack.vmat_c	1422456/9192361732058507254	2acfd893b0fadbcffe86c97ef3e30edb2617b072b1523461645e927918342189
game/citadel/models/ui/ping_markers/materials/ping_marker_attack_outline.vmat_c	4712	citadel-runtime-and-assets	same-name-current-deadlock-vpk-member-listed	game/citadel/pak01_dir.vpk!models/ui/ping_markers/materials/ping_marker_attack_outline.vmat_c	1422456/9192361732058507254	48a4866ebacbfef6d148fd5f20d88c4b8e9783a1003764736bb53dd7bf7324e0
game/citadel/models/ui/ping_markers/materials/ping_marker_blue.vmat_c	4440	citadel-runtime-and-assets	same-name-current-deadlock-vpk-member-listed	game/citadel/pak01_dir.vpk!models/ui/ping_markers/materials/ping_marker_blue.vmat_c	1422456/9192361732058507254	ccf1240a302dfdfc15d66695566a7d33ac5fe2064cab1057e6451d7e660f4405
game/citadel/models/ui/ping_markers/materials/ping_marker_defend.vmat_c	4664	citadel-runtime-and-assets	same-name-current-deadlock-vpk-member-listed	game/citadel/pak01_dir.vpk!models/ui/ping_markers/materials/ping_marker_defend.vmat_c	1422456/9192361732058507254	b013a75b8bd9cd7a9aad96a93931c44c12519c770cf89146ea0ca86603679680
game/citadel/models/ui/ping_markers/materials/ping_marker_defend_outline.vmat_c	4712	citadel-runtime-and-assets	same-name-current-deadlock-vpk-member-listed	game/citadel/pak01_dir.vpk!models/ui/ping_markers/materials/ping_marker_defend_outline.vmat_c	1422456/9192361732058507254	196af89f974be77ae3437d6a83e7bb3f1066ad356a077c36b66920a9d6d9f7bb
game/citadel/models/ui/ping_markers/materials/ping_marker_green.vmat_c	4456	citadel-runtime-and-assets	same-name-current-deadlock-vpk-member-listed	game/citadel/pak01_dir.vpk!models/ui/ping_markers/materials/ping_marker_green.vmat_c	1422456/9192361732058507254	ac68ddc83c6b5857f2bd0e56c1dc41c26c642ae9db3165675b21aaab8d023553
game/citadel/models/ui/ping_markers/materials/ping_marker_orange.vmat_c	4456	citadel-runtime-and-assets	same-name-current-deadlock-vpk-member-listed	game/citadel/pak01_dir.vpk!models/ui/ping_markers/materials/ping_marker_orange.vmat_c	1422456/9192361732058507254	8cb98fb6e4f112cfb195cf81c66e983a076077c7ebc1c7fbbfcb55f20e6518fd
game/citadel/models/ui/ping_markers/materials/ping_marker_purple.vmat_c	4424	citadel-runtime-and-assets	same-name-current-deadlock-vpk-member-listed	game/citadel/pak01_dir.vpk!models/ui/ping_markers/materials/ping_marker_purple.vmat_c	1422456/9192361732058507254	ae39670042584ad56376597c8373e44476e603596abd5101eae600aca7d53b9d
game/citadel/models/ui/ping_markers/materials/ping_marker_red.vmat_c	4424	citadel-runtime-and-assets	same-name-current-deadlock-vpk-member-listed	game/citadel/pak01_dir.vpk!models/ui/ping_markers/materials/ping_marker_red.vmat_c	1422456/9192361732058507254	02c3511d9dae78fb545a9b7dec951f235ac830d5ec377e0641289f0eebf3984c
game/citadel/models/ui/ping_markers/materials/ping_marker_run.vmat_c	4680	citadel-runtime-and-assets	same-name-current-deadlock-vpk-member-listed	game/citadel/pak01_dir.vpk!models/ui/ping_markers/materials/ping_marker_run.vmat_c	1422456/9192361732058507254	94f2276c0acecebb9ba4f699c2d750627478fe57afbe1f07ce9e0427e9dd5441
game/citadel/models/ui/ping_markers/materials/ping_marker_run_outline.vmat_c	4696	citadel-runtime-and-assets	same-name-current-deadlock-vpk-member-listed	game/citadel/pak01_dir.vpk!models/ui/ping_markers/materials/ping_marker_run_outline.vmat_c	1422456/9192361732058507254	a59bb9249c1c48a9fa48b55d53f46914fdccd33505faaa676eaa2575aa227768
game/citadel/models/ui/ping_markers/materials/ping_marker_yellow.vmat_c	4440	citadel-runtime-and-assets	same-name-current-deadlock-vpk-member-listed	game/citadel/pak01_dir.vpk!models/ui/ping_markers/materials/ping_marker_yellow.vmat_c	1422456/9192361732058507254	abae86dd351b320af277d85ffc040b97db491620d2286d26d2671eed40b7fce8
game/citadel/models_gamedata.fgd	4521	citadel-runtime-and-assets	no-current-path-match-in-checked-sources			d548a45c5ddcf58b5858040b5b4d7b63542251a7555428bc1f58f320849387a3
game/citadel/panorama/fonts/fonts.conf	17002	citadel-runtime-and-assets	same-name-current-loose-file-listed	game/citadel/panorama/fonts/fonts.conf	1422451/886051970741897775	535e368b3e04f4488440aef1196c9ca9326f9c83458ec92a1365e27439072dd8
game/citadel/panorama/fonts/forevsdemo-bold.otf	11300	citadel-runtime-and-assets	no-current-path-match-in-checked-sources			18069a50d92391ca654ef77e05c1497bf70312e095a04ec71df9a362c817bd4d
game/citadel/panorama/fonts/forevsdemo-bolditalic.otf	11976	citadel-runtime-and-assets	no-current-path-match-in-checked-sources			61a5834dab6216af16130cbdf6ba80f8ec226f56dc378aeef15a786cba0906b1
game/citadel/panorama/fonts/forevsdemo-medium.otf	11240	citadel-runtime-and-assets	no-current-path-match-in-checked-sources			4c0a595f0a8b3bf2ee324c9caa524155a2b19842685a605dfa1dc80177fb645b
game/citadel/panorama/fonts/forevsdemo-mediumitalic.otf	11976	citadel-runtime-and-assets	no-current-path-match-in-checked-sources			d0364105c5f2d778b470e59925c999eb90163475bce7fdd97dec6d6e7522ecfc
game/citadel/panorama/fonts/valveoccult-semibold.ttf	23820	citadel-runtime-and-assets	no-current-path-match-in-checked-sources			418e87e781a96ed133e972b6bb205761e54fa2e59f68d31f4238ec9a1cfb7a8c
game/citadel/panorama/fonts/valvepulp-bold.ttf	144984	citadel-runtime-and-assets	same-name-current-loose-file-listed	game/citadel/panorama/fonts/valvepulp-bold.ttf	1422456/9192361732058507254	ba1c07f76749c9d198aa42cb2414b86d62a4e1163433ed3ce8bfd49485a8c2b2
game/citadel/panorama/layout/ability_hud_elements/element_charges.vxml_c	1945	citadel-runtime-and-assets	same-name-current-deadlock-vpk-member-listed	game/citadel/pak01_dir.vpk!panorama/layout/ability_hud_elements/element_charges.vxml_c	1422456/9192361732058507254	de7ffaf3b8f1083b8e108cba2ce863c84324bf6e9ca2c8aac01f99fcb1f1a6bf
game/citadel/panorama/layout/ability_hud_elements/element_gun.vxml_c	3310	citadel-runtime-and-assets	same-name-current-deadlock-vpk-member-listed	game/citadel/pak01_dir.vpk!panorama/layout/ability_hud_elements/element_gun.vxml_c	1422456/9192361732058507254	70b5be910feb22697efa9b76b35d16a59b33c155d6daf47de0e4bb41e57b852d
game/citadel/panorama/layout/base_hud_and_db_overlay.vxml_c	1318	citadel-runtime-and-assets	same-name-current-deadlock-vpk-member-listed	game/citadel/pak01_dir.vpk!panorama/layout/base_hud_and_db_overlay.vxml_c	1422456/9192361732058507254	3417b19ff5702965ee46523bd4a7ef75b49781353fbf1fbee35dd43d1b4dbe8b
game/citadel/panorama/layout/chat.vxml_c	2358	citadel-runtime-and-assets	same-name-current-deadlock-vpk-member-listed	game/citadel/pak01_dir.vpk!panorama/layout/chat.vxml_c	1422456/9192361732058507254	c2a531750b8b3ae8d216eba6ba4a6f72b5f7ff80a385bfcc737e89e9f537d23f
game/citadel/panorama/layout/citadel_ability_details_panel.vxml_c	2494	citadel-runtime-and-assets	same-name-current-deadlock-vpk-member-listed	game/citadel/pak01_dir.vpk!panorama/layout/citadel_ability_details_panel.vxml_c	1422456/9192361732058507254	98c107c262f3441d2e90f13722ba63c87ec59a25eafcd72ae61def757d102d79
game/citadel/panorama/layout/citadel_ability_icon.vxml_c	1247	citadel-runtime-and-assets	no-current-path-match-in-checked-sources			624a113adb3869c95a106812186b7290ecb38d9a8d34a170432eb842ec5acdc2
game/citadel/panorama/layout/citadel_ability_property_panel.vxml_c	2136	citadel-runtime-and-assets	same-name-current-deadlock-vpk-member-listed	game/citadel/pak01_dir.vpk!panorama/layout/citadel_ability_property_panel.vxml_c	1422456/9192361732058507254	711af7e474d418ec880109ed5d20c5126c936c03a7bd93aae3969f28b54558fc
game/citadel/panorama/layout/citadel_client_status.vxml_c	1885	citadel-runtime-and-assets	same-name-current-deadlock-vpk-member-listed	game/citadel/pak01_dir.vpk!panorama/layout/citadel_client_status.vxml_c	1422456/9192361732058507254	11db3f3276ef5273364a97fb2ff275a68e9eedd6c7a3aaf5e98e20fb9914504e
game/citadel/panorama/layout/citadel_db_page_heroes.vxml_c	1484	citadel-runtime-and-assets	no-current-path-match-in-checked-sources			8272d1486b829ebf26538cb55458f301d35b5aecd436b30c420a552e9f56b7f6
game/citadel/panorama/layout/citadel_db_page_hero_badge_gallery.vxml_c	1814	citadel-runtime-and-assets	no-current-path-match-in-checked-sources			7aaca279da7b60a423f8a433a2b8ab4beaab9e06725a1efe3a8825efa2c67bd9
game/citadel/panorama/layout/citadel_db_page_hero_builds.vxml_c	1465	citadel-runtime-and-assets	no-current-path-match-in-checked-sources			6c54dd9f30895f86291042fd1056abc8bfafef2dd03704ffc4048c268beeda3c
game/citadel/panorama/layout/citadel_db_page_hero_details.vxml_c	5071	citadel-runtime-and-assets	no-current-path-match-in-checked-sources			bed38c4ac4805c4d17bc7bb36b4c24228ca1b250ab8d46926e26cdf28c6b0b79
game/citadel/panorama/layout/citadel_db_page_hero_release_vote.vxml_c	4180	citadel-runtime-and-assets	same-name-current-deadlock-vpk-member-listed	game/citadel/pak01_dir.vpk!panorama/layout/citadel_db_page_hero_release_vote.vxml_c	1422456/9192361732058507254	6f5bacf7d3b44ad17a040530be4f84644cecf72e6d31c881e7a238c12ba9161a
game/citadel/panorama/layout/citadel_db_page_holiday_2025.vxml_c	1790	citadel-runtime-and-assets	same-name-current-deadlock-vpk-member-listed	game/citadel/pak01_dir.vpk!panorama/layout/citadel_db_page_holiday_2025.vxml_c	1422456/9192361732058507254	6024fcbb28cac8f4947a34125ae7944442d093f6a5e1fc0ef428b4d88c68e27c
game/citadel/panorama/layout/citadel_db_page_home.vxml_c	3087	citadel-runtime-and-assets	same-name-current-deadlock-vpk-member-listed	game/citadel/pak01_dir.vpk!panorama/layout/citadel_db_page_home.vxml_c	1422456/9192361732058507254	e22189f7c6e47f021e6eb8d96773a7100025b312af43125d75c818a9a96671b7
game/citadel/panorama/layout/citadel_db_page_learn.vxml_c	2529	citadel-runtime-and-assets	same-name-current-deadlock-vpk-member-listed	game/citadel/pak01_dir.vpk!panorama/layout/citadel_db_page_learn.vxml_c	1422456/9192361732058507254	d08062197541d0f4e99bf9de454b76a7ddf25dd685f8a3dd0a294ce536431adb
game/citadel/panorama/layout/citadel_db_page_news.vxml_c	2186	citadel-runtime-and-assets	same-name-current-deadlock-vpk-member-listed	game/citadel/pak01_dir.vpk!panorama/layout/citadel_db_page_news.vxml_c	1422456/9192361732058507254	48f21d7b59a51665e7255ab6a5a24b1abf86120c92a7e5fac6ed339b1c14ba56
game/citadel/panorama/layout/citadel_db_page_news_entry.vxml_c	2050	citadel-runtime-and-assets	same-name-current-deadlock-vpk-member-listed	game/citadel/pak01_dir.vpk!panorama/layout/citadel_db_page_news_entry.vxml_c	1422456/9192361732058507254	7651ce832dc49c5bab37431e6d2bfec347996f79803f7574ea8d86e29cdcc4cc
game/citadel/panorama/layout/citadel_db_page_play.vxml_c	3126	citadel-runtime-and-assets	same-name-current-deadlock-vpk-member-listed	game/citadel/pak01_dir.vpk!panorama/layout/citadel_db_page_play.vxml_c	1422456/9192361732058507254	9a745e36145e003c213ef5ebd148f624c7d01d27f0965fbc3d5fb1a929f4816e
game/citadel/panorama/layout/citadel_db_page_private_lobby.vxml_c	3721	citadel-runtime-and-assets	same-name-current-deadlock-vpk-member-listed	game/citadel/pak01_dir.vpk!panorama/layout/citadel_db_page_private_lobby.vxml_c	1422456/9192361732058507254	3de8a3c62fd10383c1e02d2c40033bfda0d16cdbc7c14aa4db900401bb36f43d
game/citadel/panorama/layout/citadel_db_page_profile.vxml_c	5158	citadel-runtime-and-assets	same-name-current-deadlock-vpk-member-listed	game/citadel/pak01_dir.vpk!panorama/layout/citadel_db_page_profile.vxml_c	1422456/9192361732058507254	66dea990bba58cfd8d48a6b5d843adbdcf983fd77804cb1d547e4491f0b56cd7
game/citadel/panorama/layout/citadel_db_page_profile_match_history.vxml_c	1844	citadel-runtime-and-assets	same-name-current-deadlock-vpk-member-listed	game/citadel/pak01_dir.vpk!panorama/layout/citadel_db_page_profile_match_history.vxml_c	1422456/9192361732058507254	5bbf8e2c32ef0ebfe0c5ee35e37344ed2f10cf602996f63a632134cd1d58c0c0
game/citadel/panorama/layout/citadel_db_page_roster_confirm.vxml_c	2780	citadel-runtime-and-assets	no-current-path-match-in-checked-sources			db973c96877dec4e468cb09d7fb92737bf8ecfaa1c0f9461e9fe13a91a54d884
game/citadel/panorama/layout/citadel_db_page_social.vxml_c	1850	citadel-runtime-and-assets	no-current-path-match-in-checked-sources			cfa722dea1710784c6fcc5c23ad3c92bb12db8a61926308645b005d04372e2f4
game/citadel/panorama/layout/citadel_db_page_watch.vxml_c	2184	citadel-runtime-and-assets	same-name-current-deadlock-vpk-member-listed	game/citadel/pak01_dir.vpk!panorama/layout/citadel_db_page_watch.vxml_c	1422456/9192361732058507254	b07e74ba543b5d6c5067c45b1dd15172133f4952496e26b76e194a449aaf2bd7
game/citadel/panorama/layout/citadel_db_play_menu.vxml_c	2744	citadel-runtime-and-assets	same-name-current-deadlock-vpk-member-listed	game/citadel/pak01_dir.vpk!panorama/layout/citadel_db_play_menu.vxml_c	1422456/9192361732058507254	6d136e6cd9133bbf27d8800535999c9b5f5663dc99e4319942d62b2371539c7b
game/citadel/panorama/layout/citadel_hero_card.vxml_c	2306	citadel-runtime-and-assets	same-name-current-deadlock-vpk-member-listed	game/citadel/pak01_dir.vpk!panorama/layout/citadel_hero_card.vxml_c	1422456/9192361732058507254	91086ca277f39765e459ccb4ad3628901191f49f45b88fd4e229913ec42c1d24
game/citadel/panorama/layout/citadel_hero_stats_weapon_panel.vxml_c	2985	citadel-runtime-and-assets	same-name-current-deadlock-vpk-member-listed	game/citadel/pak01_dir.vpk!panorama/layout/citadel_hero_stats_weapon_panel.vxml_c	1422456/9192361732058507254	728484a64f8e99cb3ffba8428771eb2c394206e2dc00605bc88f672fac600082
game/citadel/panorama/layout/citadel_hud_ability_details_panel.vxml_c	1657	citadel-runtime-and-assets	no-current-path-match-in-checked-sources			36249809338fd1a5a0aa5c519f7667d166a47e961708d8c38494364630255bb2
game/citadel/panorama/layout/citadel_hud_active_player_stats.vxml_c	2963	citadel-runtime-and-assets	same-name-current-deadlock-vpk-member-listed	game/citadel/pak01_dir.vpk!panorama/layout/citadel_hud_active_player_stats.vxml_c	1422456/9192361732058507254	8beebb2df6b2f1c8c82c849aee506fd67a53f841c2264ec5cb41fe8ff383020d
game/citadel/panorama/layout/citadel_hud_and_db_overlay.vxml_c	1668	citadel-runtime-and-assets	same-name-current-deadlock-vpk-member-listed	game/citadel/pak01_dir.vpk!panorama/layout/citadel_hud_and_db_overlay.vxml_c	1422456/9192361732058507254	80953c0ef1a9ef600c0b657fbafd4f3e7818ac88c73412a5d478cf83f34146e9
game/citadel/panorama/layout/citadel_hud_damage_feedback_display.vxml_c	1635	citadel-runtime-and-assets	no-current-path-match-in-checked-sources			d7f0ced2a69c6b18d61dcaafd4ac81ba4221d7e8afee6456bcb5f13ad6f17f3a
game/citadel/panorama/layout/citadel_hud_data_feed_boss_killed.vxml_c	1755	citadel-runtime-and-assets	same-name-current-deadlock-vpk-member-listed	game/citadel/pak01_dir.vpk!panorama/layout/citadel_hud_data_feed_boss_killed.vxml_c	1422456/9192361732058507254	99aaafe2b23e0ec4cff75ff8ec9e4ab26ad34b9096cbfc7b46a1b2b0352e9e8c
game/citadel/panorama/layout/citadel_hud_data_feed_info.vxml_c	1627	citadel-runtime-and-assets	same-name-current-deadlock-vpk-member-listed	game/citadel/pak01_dir.vpk!panorama/layout/citadel_hud_data_feed_info.vxml_c	1422456/9192361732058507254	be45b53badc87597d6e4b1f2ee0b9721df567914cc6a52af05713c5a540ca6de
game/citadel/panorama/layout/citadel_hud_flex_slot_unlocked_message.vxml_c	1500	citadel-runtime-and-assets	same-name-current-deadlock-vpk-member-listed	game/citadel/pak01_dir.vpk!panorama/layout/citadel_hud_flex_slot_unlocked_message.vxml_c	1422456/9192361732058507254	8644df2236bdd2a0851e2e11bffa0f58a0357ac171726a73fbb6eab93dff4ece
game/citadel/panorama/layout/citadel_hud_game_over_display.vxml_c	1461	citadel-runtime-and-assets	no-current-path-match-in-checked-sources			85ba6ac3fc2b5847fb86217921a08c47bd1b4897d17bec3ef9ba70c10db440e0
game/citadel/panorama/layout/citadel_hud_hero_shop.vxml_c	5251	citadel-runtime-and-assets	same-name-current-deadlock-vpk-member-listed	game/citadel/pak01_dir.vpk!panorama/layout/citadel_hud_hero_shop.vxml_c	1422456/9192361732058507254	aba101d37bafa1ab4b990641a8e863b66de2bedcc01ec3f311f5ed6c7417ddbb
game/citadel/panorama/layout/citadel_hud_item_bar_graph.vxml_c	1761	citadel-runtime-and-assets	same-name-current-deadlock-vpk-member-listed	game/citadel/pak01_dir.vpk!panorama/layout/citadel_hud_item_bar_graph.vxml_c	1422456/9192361732058507254	2a09adb1bc546cd05dbf3ca792ba782ac208d2ff6a586af26ccb2ce2bbe14d3f
game/citadel/panorama/layout/citadel_hud_modifier_message.vxml_c	1606	citadel-runtime-and-assets	same-name-current-deadlock-vpk-member-listed	game/citadel/pak01_dir.vpk!panorama/layout/citadel_hud_modifier_message.vxml_c	1422456/9192361732058507254	f8546be96a7f514e6a6003a73d27e44168462785646433e93334cc2265a69930
game/citadel/panorama/layout/citadel_hud_player_level.vxml_c	1873	citadel-runtime-and-assets	same-name-current-deadlock-vpk-member-listed	game/citadel/pak01_dir.vpk!panorama/layout/citadel_hud_player_level.vxml_c	1422456/9192361732058507254	99b53a5c8a1e9e74a81708215c50a24dd65f6de1849aef6b203b2fd6c8616b87
game/citadel/panorama/layout/citadel_hud_player_level_up_bonus.vxml_c	2229	citadel-runtime-and-assets	same-name-current-deadlock-vpk-member-listed	game/citadel/pak01_dir.vpk!panorama/layout/citadel_hud_player_level_up_bonus.vxml_c	1422456/9192361732058507254	f3e55767f3aacee86b6f80a3e65267a4ff12de518d2ee240fd8b8af1d8c8bfc2
game/citadel/panorama/layout/citadel_hud_top_bar.vxml_c	2521	citadel-runtime-and-assets	same-name-current-deadlock-vpk-member-listed	game/citadel/pak01_dir.vpk!panorama/layout/citadel_hud_top_bar.vxml_c	1422456/9192361732058507254	969c550e13d0bbcd51e1a1d1d6d9e9a75483f6d322db682e16a6f7143976dcb6
game/citadel/panorama/layout/citadel_hud_top_bar_player.vxml_c	4974	citadel-runtime-and-assets	same-name-current-deadlock-vpk-member-listed	game/citadel/pak01_dir.vpk!panorama/layout/citadel_hud_top_bar_player.vxml_c	1422456/9192361732058507254	89e070ba5f50ef38d9c7aa7d5f45ad766f5326796fd1ed5d6a6cede2e98fbb02
game/citadel/panorama/layout/citadel_hud_top_bar_team.vxml_c	1868	citadel-runtime-and-assets	same-name-current-deadlock-vpk-member-listed	game/citadel/pak01_dir.vpk!panorama/layout/citadel_hud_top_bar_team.vxml_c	1422456/9192361732058507254	18e69f3ad41f755675e051c9feb284f1ecd9224a367d8eb830c816cc4a7fbb18
game/citadel/panorama/layout/citadel_matchmaking_status.vxml_c	2113	citadel-runtime-and-assets	same-name-current-deadlock-vpk-member-listed	game/citadel/pak01_dir.vpk!panorama/layout/citadel_matchmaking_status.vxml_c	1422456/9192361732058507254	35c7f8f173f270a6965685c779b15a4b319c702e463ee7e31294fbf1d11ec92b
game/citadel/panorama/layout/citadel_match_history_block_large.vxml_c	1939	citadel-runtime-and-assets	same-name-current-deadlock-vpk-member-listed	game/citadel/pak01_dir.vpk!panorama/layout/citadel_match_history_block_large.vxml_c	1422456/9192361732058507254	ba745679504778005d8c91ab3ac4bbc04805b337d3e75695329b626a6529c17d
game/citadel/panorama/layout/citadel_modified_attribute_label.vxml_c	2671	citadel-runtime-and-assets	same-name-current-deadlock-vpk-member-listed	game/citadel/pak01_dir.vpk!panorama/layout/citadel_modified_attribute_label.vxml_c	1422456/9192361732058507254	5f8026a53e45202d6189e4b98eb3fc0a0351895c1a81a38798dc6ce9cc53327d
game/citadel/panorama/layout/citadel_party.vxml_c	2066	citadel-runtime-and-assets	same-name-current-deadlock-vpk-member-listed	game/citadel/pak01_dir.vpk!panorama/layout/citadel_party.vxml_c	1422456/9192361732058507254	af30e94ad2b7417dbb90e7c291de72b269f516c5ae26563c29324bc6e236306a
game/citadel/panorama/layout/citadel_ranked_badge_full.vxml_c	1469	citadel-runtime-and-assets	same-name-current-deadlock-vpk-member-listed	game/citadel/pak01_dir.vpk!panorama/layout/citadel_ranked_badge_full.vxml_c	1422456/9192361732058507254	93bec8804d3df1cc114b102e5381548b1c32722c5bb1fdfa875a07562e4c2982
game/citadel/panorama/layout/citadel_ranked_badge_mini.vxml_c	1387	citadel-runtime-and-assets	same-name-current-deadlock-vpk-member-listed	game/citadel/pak01_dir.vpk!panorama/layout/citadel_ranked_badge_mini.vxml_c	1422456/9192361732058507254	dd5465fc8e720387beefccd15de2b760ea5da878c41bc9a58e88493c5b96961d
game/citadel/panorama/layout/citadel_roster_hero_details.vxml_c	2483	citadel-runtime-and-assets	no-current-path-match-in-checked-sources			1f18b099ff5bb9130122e35f57c28bb29d1f0487296fd8a185cf721d817dddd3
game/citadel/panorama/layout/citadel_shop_mods_build.vxml_c	2537	citadel-runtime-and-assets	same-name-current-deadlock-vpk-member-listed	game/citadel/pak01_dir.vpk!panorama/layout/citadel_shop_mods_build.vxml_c	1422456/9192361732058507254	61eb1803b05ad466345083d9e84d67458ed16a53ef3539d74d8465264b2fe12f
game/citadel/panorama/layout/citadel_shop_mod_icon.vxml_c	1687	citadel-runtime-and-assets	same-name-current-deadlock-vpk-member-listed	game/citadel/pak01_dir.vpk!panorama/layout/citadel_shop_mod_icon.vxml_c	1422456/9192361732058507254	b1c2a2c56d8d180bc1079ef6593b0b665941c74e3d14b35f32ff0e53f2773498
game/citadel/panorama/layout/citadel_shop_mod_view.vxml_c	4111	citadel-runtime-and-assets	same-name-current-deadlock-vpk-member-listed	game/citadel/pak01_dir.vpk!panorama/layout/citadel_shop_mod_view.vxml_c	1422456/9192361732058507254	c7231db28da4b9400b719b73a8d87f1192dc7afd921fb7114e69fa8107bdc1cc
game/citadel/panorama/layout/citadel_stat_scaling_label.vxml_c	1825	citadel-runtime-and-assets	same-name-current-deadlock-vpk-member-listed	game/citadel/pak01_dir.vpk!panorama/layout/citadel_stat_scaling_label.vxml_c	1422456/9192361732058507254	1192baf9b47c01688e07630c558d35fffd52ea045457990dccf7dd77fc13bdc8
game/citadel/panorama/layout/citadel_ui_account_survey.vxml_c	2479	citadel-runtime-and-assets	same-name-current-deadlock-vpk-member-listed	game/citadel/pak01_dir.vpk!panorama/layout/citadel_ui_account_survey.vxml_c	1422456/9192361732058507254	0b1ebc077b9aa71c23d21d87c0da7fd6bc66f931912506e3cdb302b76d3358b6
game/citadel/panorama/layout/citadel_ui_keyboard_binding.vxml_c	1598	citadel-runtime-and-assets	same-name-current-deadlock-vpk-member-listed	game/citadel/pak01_dir.vpk!panorama/layout/citadel_ui_keyboard_binding.vxml_c	1422456/9192361732058507254	32071e6b84deb258765a6f3ad1f76461c92a85a8ffe0af44a63f6d597af8b6cf
game/citadel/panorama/layout/citadel_ui_keyboard_glyph.vxml_c	1778	citadel-runtime-and-assets	same-name-current-deadlock-vpk-member-listed	game/citadel/pak01_dir.vpk!panorama/layout/citadel_ui_keyboard_glyph.vxml_c	1422456/9192361732058507254	ca32055c497abcc7b6a91abef1b47655dd4d74b949f07f632176bde3019b52d9
game/citadel/panorama/layout/citadel_ui_party.vxml_c	2532	citadel-runtime-and-assets	no-current-path-match-in-checked-sources			1c5b31cb1eb3139a1a5db2af5658e201ac11c6044f8a359219707a6a7b941d07
game/citadel/panorama/layout/citadel_ui_party_invite_list.vxml_c	1882	citadel-runtime-and-assets	same-name-current-deadlock-vpk-member-listed	game/citadel/pak01_dir.vpk!panorama/layout/citadel_ui_party_invite_list.vxml_c	1422456/9192361732058507254	5fad441e26940e0d95a1b0281fc685357b32a0d903d02847890a2c5f4bc4996a
game/citadel/panorama/layout/citadel_ui_party_member.vxml_c	1834	citadel-runtime-and-assets	no-current-path-match-in-checked-sources			346f89be6d51af45a82a17bedfbd280d85c914f757b2123caa2be24c93b6af9e
game/citadel/panorama/layout/citadel_ui_post_game_scoreboard.vxml_c	4253	citadel-runtime-and-assets	no-current-path-match-in-checked-sources			1228fe5f03fac12c2b5344b7d51e5173e515b07d4e7ff1585e53d68d60c1bb4f
game/citadel/panorama/layout/citadel_ui_radial_abilities.vxml_c	2371	citadel-runtime-and-assets	same-name-current-deadlock-vpk-member-listed	game/citadel/pak01_dir.vpk!panorama/layout/citadel_ui_radial_abilities.vxml_c	1422456/9192361732058507254	7ec69446ce7ce2b6bce8c467c7550007eca33fa2759caa9cbbde4f6b94179232
game/citadel/panorama/layout/citadel_ui_social_party.vxml_c	2398	citadel-runtime-and-assets	no-current-path-match-in-checked-sources			f7cf5cfef0206084e93491a599df179a34d0cad4717a350713aa5491e32edb66
game/citadel/panorama/layout/dashboard.vxml_c	5264	citadel-runtime-and-assets	same-name-current-deadlock-vpk-member-listed	game/citadel/pak01_dir.vpk!panorama/layout/dashboard.vxml_c	1422456/9192361732058507254	fae2a06453ffb99def1c65a8c92f6f652dec8af44f81982217fe46695ced1f35
game/citadel/panorama/layout/db_activematch.vxml_c	2987	citadel-runtime-and-assets	same-name-current-deadlock-vpk-member-listed	game/citadel/pak01_dir.vpk!panorama/layout/db_activematch.vxml_c	1422456/9192361732058507254	4297f9057c803e3062a9ccc70451d7d0db47a205a8665add422c64155377f0bf
game/citadel/panorama/layout/db_playerlist.vxml_c	3247	citadel-runtime-and-assets	no-current-path-match-in-checked-sources			da4b89500bb5c4f4cc9dd3c2325be22ecb5270a4421872eb7b073cde452e4eef
game/citadel/panorama/layout/dev_commands_menu.vxml_c	1769	citadel-runtime-and-assets	no-current-path-match-in-checked-sources			d21f1e4e1dcf5a27eb6703991985c1141bb8ea0bdf4d30a2e6694776bb36de70
game/citadel/panorama/layout/hero_badge.vxml_c	1819	citadel-runtime-and-assets	same-name-current-deadlock-vpk-member-listed	game/citadel/pak01_dir.vpk!panorama/layout/hero_badge.vxml_c	1422456/9192361732058507254	75d4a7c4edcb1849bd5f6d273c338e7dc8225b79374d9db48422a6d951722155
game/citadel/panorama/layout/hero_selection.vxml_c	1419	citadel-runtime-and-assets	no-current-path-match-in-checked-sources			14789034a5e4233772cbee06e7304626568b31f3705dca9f541704f365839745
game/citadel/panorama/layout/hero_testing_menu.vxml_c	1397	citadel-runtime-and-assets	no-current-path-match-in-checked-sources			5ec54f9e44a0fb1b5fb3357525feeb680371a4457ade8288f9d0e39a9aa6ed6e
game/citadel/panorama/layout/hideout/hideout_in_world_label.vxml_c	2048	citadel-runtime-and-assets	same-name-current-deadlock-vpk-member-listed	game/citadel/pak01_dir.vpk!panorama/layout/hideout/hideout_in_world_label.vxml_c	1422456/9192361732058507254	29b6c3a511413a4456dcadb9aa8d3f0a48e40eb1782000dea5dabd8dd1a4c8a4
game/citadel/panorama/layout/hideout/hideout_world_hero_release_vote_status.vxml_c	1512	citadel-runtime-and-assets	same-name-current-deadlock-vpk-member-listed	game/citadel/pak01_dir.vpk!panorama/layout/hideout/hideout_world_hero_release_vote_status.vxml_c	1422456/9192361732058507254	b0bd3efd7f0adb8261d3e11cb80c65e2e3470b0150bec8f7ffc1ffdfea139eca
game/citadel/panorama/layout/hud.vxml_c	12037	citadel-runtime-and-assets	same-name-current-deadlock-vpk-member-listed	game/citadel/pak01_dir.vpk!panorama/layout/hud.vxml_c	1422456/9192361732058507254	3c61aca6a2da5e32e3f516e0cadff5c5fe4abc79963ce5910ea0d546b4339452
game/citadel/panorama/layout/hudchat.vxml_c	1848	citadel-runtime-and-assets	no-current-path-match-in-checked-sources			cd3a9d1555269c092cfd0aa9fa9894d60d5db06d800f4dc118d3717a8369e1ea
game/citadel/panorama/layout/hud_ability_icon.vxml_c	2161	citadel-runtime-and-assets	same-name-current-deadlock-vpk-member-listed	game/citadel/pak01_dir.vpk!panorama/layout/hud_ability_icon.vxml_c	1422456/9192361732058507254	b2d62c5f82a416fc937674659b62127725581a11ac8c69fb666933eecec2fbcc
game/citadel/panorama/layout/hud_ability_icon_passive.vxml_c	1977	citadel-runtime-and-assets	same-name-current-deadlock-vpk-member-listed	game/citadel/pak01_dir.vpk!panorama/layout/hud_ability_icon_passive.vxml_c	1422456/9192361732058507254	f9d6317e2b0d7a8b15db9f575452a039efccb62a945a996e9c1a4ce52121401d
game/citadel/panorama/layout/hud_ability_interrupt.vxml_c	2285	citadel-runtime-and-assets	same-name-current-deadlock-vpk-member-listed	game/citadel/pak01_dir.vpk!panorama/layout/hud_ability_interrupt.vxml_c	1422456/9192361732058507254	6ca2ebaa3fe06e7bacd8ebc7612c73066b2aaff51cddff6bde6d0d6c9a1a73ff
game/citadel/panorama/layout/hud_damage_impact.vxml_c	2026	citadel-runtime-and-assets	same-name-current-deadlock-vpk-member-listed	game/citadel/pak01_dir.vpk!panorama/layout/hud_damage_impact.vxml_c	1422456/9192361732058507254	85a2c1386ffaa851d20ab0ebd7c901ebe421b7a30559f6180d7434579f8357a5
game/citadel/panorama/layout/hud_damage_report.vxml_c	3782	citadel-runtime-and-assets	same-name-current-deadlock-vpk-member-listed	game/citadel/pak01_dir.vpk!panorama/layout/hud_damage_report.vxml_c	1422456/9192361732058507254	fc96574e867965f6453bd4100416a24c131ea640968272d8a5b30a88ca8bc8e4
game/citadel/panorama/layout/hud_damage_rows.vxml_c	1932	citadel-runtime-and-assets	same-name-current-deadlock-vpk-member-listed	game/citadel/pak01_dir.vpk!panorama/layout/hud_damage_rows.vxml_c	1422456/9192361732058507254	2076734220ff855ccd699fb2fc06fc8b490ff09c54011410e6e399dae26d7ef5
game/citadel/panorama/layout/hud_damage_source_impact.vxml_c	1740	citadel-runtime-and-assets	no-current-path-match-in-checked-sources			4495fe7c9899e2aa046828c341b97226e5ac13e9ec55e87e8dc219b7d22f28a2
game/citadel/panorama/layout/hud_escape_menu.vxml_c	3428	citadel-runtime-and-assets	same-name-current-deadlock-vpk-member-listed	game/citadel/pak01_dir.vpk!panorama/layout/hud_escape_menu.vxml_c	1422456/9192361732058507254	a608ebc40a29376e4fabf565935fb23148128a338abfc0649791d8f7260827fb
game/citadel/panorama/layout/hud_gold_and_ap_container.vxml_c	3041	citadel-runtime-and-assets	same-name-current-deadlock-vpk-member-listed	game/citadel/pak01_dir.vpk!panorama/layout/hud_gold_and_ap_container.vxml_c	1422456/9192361732058507254	682a753d156598d7c66111cf8cd8db7befdee4ed0dd98a2de5458a71b1cb8f20
game/citadel/panorama/layout/hud_health_container.vxml_c	3167	citadel-runtime-and-assets	same-name-current-deadlock-vpk-member-listed	game/citadel/pak01_dir.vpk!panorama/layout/hud_health_container.vxml_c	1422456/9192361732058507254	a4a2cd3665722ec948f48b502c80c239a35488e42fffb38eedacd5e14b449d6b
game/citadel/panorama/layout/hud_hero_testing.vxml_c	3626	citadel-runtime-and-assets	same-name-current-deadlock-vpk-member-listed	game/citadel/pak01_dir.vpk!panorama/layout/hud_hero_testing.vxml_c	1422456/9192361732058507254	5336c08e4eea97b56bfc6366bb7d5e1c8d459e392dab56f2f067e7b7f8088932
game/citadel/panorama/layout/hud_hideout.vxml_c	2381	citadel-runtime-and-assets	same-name-current-deadlock-vpk-member-listed	game/citadel/pak01_dir.vpk!panorama/layout/hud_hideout.vxml_c	1422456/9192361732058507254	7493753c5928b52d5e8dda4401887fe564cd957d354004c7de6f98a69a9710b0
game/citadel/panorama/layout/hud_minimap.vxml_c	3752	citadel-runtime-and-assets	same-name-current-deadlock-vpk-member-listed	game/citadel/pak01_dir.vpk!panorama/layout/hud_minimap.vxml_c	1422456/9192361732058507254	0fcef6e84b8f86881c9f556773783f558277416840e597a9e05f40d5a733bb3e
game/citadel/panorama/layout/hud_modifiers_entry_center.vxml_c	1979	citadel-runtime-and-assets	same-name-current-deadlock-vpk-member-listed	game/citadel/pak01_dir.vpk!panorama/layout/hud_modifiers_entry_center.vxml_c	1422456/9192361732058507254	96eb0403188f1ad4c01c380b9b3a15bdd9a1e99974bd797354521710a0e08180
game/citadel/panorama/layout/hud_objective_health.vxml_c	2180	citadel-runtime-and-assets	same-name-current-deadlock-vpk-member-listed	game/citadel/pak01_dir.vpk!panorama/layout/hud_objective_health.vxml_c	1422456/9192361732058507254	752b29d6913cd9be9bace32115e3078b795197c0a9f4c047bfe93bef3b81c963
game/citadel/panorama/layout/hud_quickbuy.vxml_c	2898	citadel-runtime-and-assets	same-name-current-deadlock-vpk-member-listed	game/citadel/pak01_dir.vpk!panorama/layout/hud_quickbuy.vxml_c	1422456/9192361732058507254	a98f1d5564be4c801aff13c2de5623c0b234b6f19c2414f7162ac8923d47415b
game/citadel/panorama/layout/hud_sandbox_tutorial.vxml_c	3757	citadel-runtime-and-assets	same-name-current-deadlock-vpk-member-listed	game/citadel/pak01_dir.vpk!panorama/layout/hud_sandbox_tutorial.vxml_c	1422456/9192361732058507254	3a093055a825c93b8a4cf87ac22602216fa7c6eb8e5a632523080fdcdcc7c11f
game/citadel/panorama/layout/hud_scoreboard_mods.vxml_c	3417	citadel-runtime-and-assets	no-current-path-match-in-checked-sources			c62dd4ff74f33846241e1a90c5e57866f5d5ab4d93648a368b8c15d7056a6345
game/citadel/panorama/layout/hud_spectate_bar.vxml_c	2493	citadel-runtime-and-assets	same-name-current-deadlock-vpk-member-listed	game/citadel/pak01_dir.vpk!panorama/layout/hud_spectate_bar.vxml_c	1422456/9192361732058507254	aff7aa2fe62d406047cc757c9d4bcfbb9801ebb4ae0185ce41d50902f3603b07
game/citadel/panorama/layout/hud_team_objective_health.vxml_c	1457	citadel-runtime-and-assets	same-name-current-deadlock-vpk-member-listed	game/citadel/pak01_dir.vpk!panorama/layout/hud_team_objective_health.vxml_c	1422456/9192361732058507254	1baea967698c7e2c83dea624bbef59726497454f92af598e2376c8d20885d32f
game/citadel/panorama/layout/latest_news.vxml_c	1708	citadel-runtime-and-assets	same-name-current-deadlock-vpk-member-listed	game/citadel/pak01_dir.vpk!panorama/layout/latest_news.vxml_c	1422456/9192361732058507254	2ae3a432940b187d7dbd4bafafe275de904b95c516b9fe846541be16abfbfac8
game/citadel/panorama/layout/local_player_details.vxml_c	1645	citadel-runtime-and-assets	no-current-path-match-in-checked-sources			a9f4818b175756b59403c9c48301dcdbdef488277d585f23ad4c57edc02da18e
game/citadel/panorama/layout/match_details.vxml_c	3082	citadel-runtime-and-assets	no-current-path-match-in-checked-sources			597dcd627b688f3bdc684680b239c4e86fdccd4a86d90f1d9eb120bc73613c99
game/citadel/panorama/layout/match_details_graphs.vxml_c	3213	citadel-runtime-and-assets	same-name-current-deadlock-vpk-member-listed	game/citadel/pak01_dir.vpk!panorama/layout/match_details_graphs.vxml_c	1422456/9192361732058507254	93ee4488103586d4ba392e047769a7c028f529fe6507f692fd345799e523bfb8
game/citadel/panorama/layout/match_details_items.vxml_c	1824	citadel-runtime-and-assets	no-current-path-match-in-checked-sources			c94ce1c9e18fd2c9ee34fbd3a429f6be19a185a21cba3fc5af9262828f25faa4
game/citadel/panorama/layout/match_details_kill_map.vxml_c	1541	citadel-runtime-and-assets	no-current-path-match-in-checked-sources			6cc52646940dde188df2fbcb9ddfdc41dafb43112ec80475607aef4bb2eb3e97
game/citadel/panorama/layout/match_details_kill_matrix.vxml_c	1775	citadel-runtime-and-assets	no-current-path-match-in-checked-sources			8e76ef1bc6d0d14cd370f5281332cfe758828a33ffd3846bb793f138f7b054db
game/citadel/panorama/layout/match_details_objectives.vxml_c	1294	citadel-runtime-and-assets	no-current-path-match-in-checked-sources			3e2d38490cfabf3f74cae8d6c2bf3e12fd2638571a107b59de0a30fd622a9c3d
game/citadel/panorama/layout/match_details_replay_button.vxml_c	1668	citadel-runtime-and-assets	same-name-current-deadlock-vpk-member-listed	game/citadel/pak01_dir.vpk!panorama/layout/match_details_replay_button.vxml_c	1422456/9192361732058507254	4840f933f9db139d7874e62b414979a5df9d141a66c505943bf10f5fef8a5453
game/citadel/panorama/layout/match_details_summary_info.vxml_c	1783	citadel-runtime-and-assets	no-current-path-match-in-checked-sources			46d991d43b698513a555296aa2b661d6d68cafab74957b8b753c541382e463ed
game/citadel/panorama/layout/match_details_summary_table.vxml_c	1926	citadel-runtime-and-assets	no-current-path-match-in-checked-sources			ef4141464cb4593c638664abc367db3b8b8d8c2f13a1e4680faec0c0b62f4814
game/citadel/panorama/layout/match_history_entry.vxml_c	1835	citadel-runtime-and-assets	no-current-path-match-in-checked-sources			6699242cbfea6eb8354407ec7ebb6cc769ebac11b9516adf11603c09b5338459
game/citadel/panorama/layout/pages/citadel_db_page_control_library.vxml_c	18768	citadel-runtime-and-assets	same-name-current-deadlock-vpk-member-listed	game/citadel/pak01_dir.vpk!panorama/layout/pages/citadel_db_page_control_library.vxml_c	1422456/9192361732058507254	015def0a9792efe94c2a141b1edb9a728b683773402c91a2896b36e9f8ccf4c7
game/citadel/panorama/layout/players_list.vxml_c	1931	citadel-runtime-and-assets	same-name-current-deadlock-vpk-member-listed	game/citadel/pak01_dir.vpk!panorama/layout/players_list.vxml_c	1422456/9192361732058507254	34c448b7ee869cc7ac60996bb1e242815ecf447aaa05bfcca19d5ca1197b10e9
game/citadel/panorama/layout/popups/citadel_popup_global_leaderboard.vxml_c	2423	citadel-runtime-and-assets	same-name-current-deadlock-vpk-member-listed	game/citadel/pak01_dir.vpk!panorama/layout/popups/citadel_popup_global_leaderboard.vxml_c	1422456/9192361732058507254	cd13b07bca70cdc85d7aef08135ff41b83ea223dc531450cfaa868391de3afa0
game/citadel/panorama/layout/popups/citadel_popup_hero_debut.vxml_c	3164	citadel-runtime-and-assets	same-name-current-deadlock-vpk-member-listed	game/citadel/pak01_dir.vpk!panorama/layout/popups/citadel_popup_hero_debut.vxml_c	1422456/9192361732058507254	a3d9e347bc8fed42a3511f863c442e3157d64db1221881c10ae56e4d0a72600f
game/citadel/panorama/layout/popups/citadel_popup_hero_picker.vxml_c	1516	citadel-runtime-and-assets	no-current-path-match-in-checked-sources			04979f5a051aa923452fae3e1020673ede83eb41e41f3cde2708f0dcf64b8659
game/citadel/panorama/layout/popups/citadel_popup_private_bots.vxml_c	2193	citadel-runtime-and-assets	same-name-current-deadlock-vpk-member-listed	game/citadel/pak01_dir.vpk!panorama/layout/popups/citadel_popup_private_bots.vxml_c	1422456/9192361732058507254	4b999f2aa41eef1a1a1871ad98e93dc5a6665fa30e58c2405f3fc745ac7d6caa
game/citadel/panorama/layout/popups/citadel_popup_ranked_info.vxml_c	2357	citadel-runtime-and-assets	no-current-path-match-in-checked-sources			03c423f6fd9e55e0b78328a570cad73a905fbcf0b092ec67fad3ab7dcae25cd0
game/citadel/panorama/layout/popups/citadel_popup_roster_select.vxml_c	4607	citadel-runtime-and-assets	same-name-current-deadlock-vpk-member-listed	game/citadel/pak01_dir.vpk!panorama/layout/popups/citadel_popup_roster_select.vxml_c	1422456/9192361732058507254	9523c8f8cc602c948093056cfa100b17918b8e2a972c7ade7d9d7388b9c3e2bb
game/citadel/panorama/layout/popups/citadel_popup_weekly_ranked_summary.vxml_c	1995	citadel-runtime-and-assets	no-current-path-match-in-checked-sources			6d926d50bbe92f7e612cc818da5dc862d3556fa0cf80c0c57aec73818b4f05d4
game/citadel/panorama/layout/popups/popup_join_or_create_party.vxml_c	1945	citadel-runtime-and-assets	same-name-current-deadlock-vpk-member-listed	game/citadel/pak01_dir.vpk!panorama/layout/popups/popup_join_or_create_party.vxml_c	1422456/9192361732058507254	ca1748a3e8fc0359f6a8659b6d5e98d6bd522e6b399ef64536284948aea53f88
game/citadel/panorama/layout/popups/popup_sell_max_items.vxml_c	2332	citadel-runtime-and-assets	same-name-current-deadlock-vpk-member-listed	game/citadel/pak01_dir.vpk!panorama/layout/popups/popup_sell_max_items.vxml_c	1422456/9192361732058507254	9146587a3ca22bbe8c30626d7e97666c3617b6ad4382446d5df4e1f17b7b89f0
game/citadel/panorama/layout/popups/popup_settings.vxml_c	19537	citadel-runtime-and-assets	same-name-current-deadlock-vpk-member-listed	game/citadel/pak01_dir.vpk!panorama/layout/popups/popup_settings.vxml_c	1422456/9192361732058507254	cec039f0240618320d90b883e2f1d2420d3fd78cd1ecaa5e28e00640f9d54478
game/citadel/panorama/layout/popups/popup_settings_old.vxml_c	19657	citadel-runtime-and-assets	no-current-path-match-in-checked-sources			bd22111e731e7d26883c45da795e8a6f2c88995aa1d42f1f96b91ec7196d07b7
game/citadel/panorama/layout/popups/settings_enum.vxml_c	1293	citadel-runtime-and-assets	same-name-current-deadlock-vpk-member-listed	game/citadel/pak01_dir.vpk!panorama/layout/popups/settings_enum.vxml_c	1422456/9192361732058507254	cf818e94c2b4f583382538d1f49258d0da0899a39e09970ed14aa38be68f837d
game/citadel/panorama/layout/popups/settings_slider.vxml_c	1409	citadel-runtime-and-assets	same-name-current-deadlock-vpk-member-listed	game/citadel/pak01_dir.vpk!panorama/layout/popups/settings_slider.vxml_c	1422456/9192361732058507254	6bf39f03ea02cb73d43c9ba2891a97831d0c67a36bf090fc00786b650c931b1d
game/citadel/panorama/layout/post_game/citadel_db_page_post_game.vxml_c	2318	citadel-runtime-and-assets	no-current-path-match-in-checked-sources			9737fc8a795af5afa95d6c1e230d84ffdda9aeee95fb2ac578fbe2f8c643730d
game/citadel/panorama/layout/post_game/citadel_db_post_game_progress.vxml_c	2798	citadel-runtime-and-assets	no-current-path-match-in-checked-sources			1787b1b05c9cb010eb2a01a4fe4e7e3401508c82d064e82b3e5dff641379d4f6
game/citadel/panorama/layout/replay/citadel_hud_replay.vxml_c	2761	citadel-runtime-and-assets	same-name-current-deadlock-vpk-member-listed	game/citadel/pak01_dir.vpk!panorama/layout/replay/citadel_hud_replay.vxml_c	1422456/9192361732058507254	3eb4a780350fe5301a403bf9ac6ff16dd38ff9ea1c5ea96df24b150ef95f2a5d
game/citadel/panorama/layout/settings_keybinder.vxml_c	2241	citadel-runtime-and-assets	same-name-current-deadlock-vpk-member-listed	game/citadel/pak01_dir.vpk!panorama/layout/settings_keybinder.vxml_c	1422456/9192361732058507254	2063984c5c6c48e96234439b3e8c5448d07002fc6ee64740d8191270dbfbd56a
game/citadel/panorama/layout/tooltips/citadel_tooltip_ability_details.vxml_c	1682	citadel-runtime-and-assets	same-name-current-deadlock-vpk-member-listed	game/citadel/pak01_dir.vpk!panorama/layout/tooltips/citadel_tooltip_ability_details.vxml_c	1422456/9192361732058507254	1fd91550d4b96c2627da00799224a78e8bc605babd54e7c0e6e8332e79ddfc87
game/citadel/panorama/layout/tooltips/citadel_tooltip_ability_upgrade_button.vxml_c	1749	citadel-runtime-and-assets	same-name-current-deadlock-vpk-member-listed	game/citadel/pak01_dir.vpk!panorama/layout/tooltips/citadel_tooltip_ability_upgrade_button.vxml_c	1422456/9192361732058507254	ab04944fe21c9a3e15e6b2da13f1758c28a06b96df24f7d4a565cf0ddb75edfa
game/citadel/panorama/layout/tooltips/citadel_tooltip_graph_playernetworth.vxml_c	1713	citadel-runtime-and-assets	same-name-current-deadlock-vpk-member-listed	game/citadel/pak01_dir.vpk!panorama/layout/tooltips/citadel_tooltip_graph_playernetworth.vxml_c	1422456/9192361732058507254	89c59d72af2964e1d67d00858614652f2f93e67960729b14f232283b39faf6fc
game/citadel/panorama/layout/tooltips/citadel_tooltip_mod_details.vxml_c	4273	citadel-runtime-and-assets	same-name-current-deadlock-vpk-member-listed	game/citadel/pak01_dir.vpk!panorama/layout/tooltips/citadel_tooltip_mod_details.vxml_c	1422456/9192361732058507254	972d80e9c5730a0fe9102b7810fb1c7470775086a6dbc4d763d8226f8c364956
game/citadel/panorama/layout/tooltips/citadel_tooltip_party_code.vxml_c	1727	citadel-runtime-and-assets	same-name-current-deadlock-vpk-member-listed	game/citadel/pak01_dir.vpk!panorama/layout/tooltips/citadel_tooltip_party_code.vxml_c	1422456/9192361732058507254	6f9ebdbcb5da7b5dc1755c3e508f937aa2f46cf1c3e97df8b8207eb5664564cd
game/citadel/panorama/layout/tooltips/citadel_tooltip_post_game_healing.vxml_c	1716	citadel-runtime-and-assets	same-name-current-deadlock-vpk-member-listed	game/citadel/pak01_dir.vpk!panorama/layout/tooltips/citadel_tooltip_post_game_healing.vxml_c	1422456/9192361732058507254	c352a89baeee8930983a52c0d335bd9aaeff8e1341c836ff154dec333fd5a730
game/citadel/panorama/layout/tooltips/citadel_tooltip_ranked_badge.vxml_c	1256	citadel-runtime-and-assets	same-name-current-deadlock-vpk-member-listed	game/citadel/pak01_dir.vpk!panorama/layout/tooltips/citadel_tooltip_ranked_badge.vxml_c	1422456/9192361732058507254	47a679990bab6b4ff8891ca29a8f660468dc1fad4911c6539059744cfc047ccf
game/citadel/panorama/layout/tooltips/citadel_tooltip_roster_select_hero.vxml_c	1702	citadel-runtime-and-assets	same-name-current-deadlock-vpk-member-listed	game/citadel/pak01_dir.vpk!panorama/layout/tooltips/citadel_tooltip_roster_select_hero.vxml_c	1422456/9192361732058507254	97c229be42cf0d541ac006c97f11c5129af4880e90b8e0b332a9c44c9dd02991
game/citadel/panorama/layout/tooltips/citadel_tooltip_roster_select_hero_hover.vxml_c	2004	citadel-runtime-and-assets	same-name-current-deadlock-vpk-member-listed	game/citadel/pak01_dir.vpk!panorama/layout/tooltips/citadel_tooltip_roster_select_hero_hover.vxml_c	1422456/9192361732058507254	16a24a020da4892cb743304e3cb9c836b983c303310967f237559e3fe1fcba9c
game/citadel/panorama/layout/tooltips/citadel_tooltip_stats_panel.vxml_c	1367	citadel-runtime-and-assets	same-name-current-deadlock-vpk-member-listed	game/citadel/pak01_dir.vpk!panorama/layout/tooltips/citadel_tooltip_stats_panel.vxml_c	1422456/9192361732058507254	f072f9c54c8ded1dd1236b585adcc450d270726a1038fd9f8e0a59bee4b411f1
game/citadel/panorama/layout/unit_status_overlay.vxml_c	2312	citadel-runtime-and-assets	same-name-current-deadlock-vpk-member-listed	game/citadel/pak01_dir.vpk!panorama/layout/unit_status_overlay.vxml_c	1422456/9192361732058507254	6b5499e70272b55823688a723e2e1dfc660d0e6adca171c5030b25e573cb6149
game/citadel/panorama/layout/upgrade_shop_ability_button.vxml_c	2009	citadel-runtime-and-assets	no-current-path-match-in-checked-sources			44f5ef6c486c90692684bf761fee70b51a539e0affa2250305d6f34aa463d7b5
game/citadel/panorama/scripts/citadel_db_post_game_progress.vts_c	15902	citadel-runtime-and-assets	no-current-path-match-in-checked-sources			cbc2032f081532316db8453b443d7e44cbb7ef61eac11ad997a7428ce11f6942
game/citadel/panorama/scripts/popups/popup_settings.vjs_c	1143	citadel-runtime-and-assets	no-current-path-match-in-checked-sources			6ec6db5b0696894583ac61e5bab57c05372e738ca13d596a2a7d8eec8df37fea
game/citadel/panorama/styles/ability_hud_elements/element_charges.vcss_c	13497	citadel-runtime-and-assets	same-name-current-deadlock-vpk-member-listed	game/citadel/pak01_dir.vpk!panorama/styles/ability_hud_elements/element_charges.vcss_c	1422456/9192361732058507254	afd6be7372a727774010d3fa3d28149ba6aafc4286e23d6c2933bdc2cda0cb23
game/citadel/panorama/styles/ability_hud_elements/element_gun.vcss_c	53815	citadel-runtime-and-assets	same-name-current-deadlock-vpk-member-listed	game/citadel/pak01_dir.vpk!panorama/styles/ability_hud_elements/element_gun.vcss_c	1422456/9192361732058507254	de23cc67f5bf91814a6cc35635961eff75d957d6c437f3629d395b5fe21342de
game/citadel/panorama/styles/ability_hud_element_unit_target.vcss_c	8519	citadel-runtime-and-assets	same-name-current-deadlock-vpk-member-listed	game/citadel/pak01_dir.vpk!panorama/styles/ability_hud_element_unit_target.vcss_c	1422456/9192361732058507254	0b7b888be7f856b08d9eff9c42d54534db74d11fcafd41ed705ad197597edd12
game/citadel/panorama/styles/ability_icons.vcss_c	86234	citadel-runtime-and-assets	same-name-current-deadlock-vpk-member-listed	game/citadel/pak01_dir.vpk!panorama/styles/ability_icons.vcss_c	1422456/9192361732058507254	d066650fd173ffc4ad744b7d44f003bec39ed0884d0e0809bbb63b469f7b2bc3
game/citadel/panorama/styles/ability_property_icons.vcss_c	38533	citadel-runtime-and-assets	same-name-current-deadlock-vpk-member-listed	game/citadel/pak01_dir.vpk!panorama/styles/ability_property_icons.vcss_c	1422456/9192361732058507254	d5dc20227dfab67fcb80e8139712d3664b3b8f2bcc78ef25e1ce791bf4abec84
game/citadel/panorama/styles/avatar_image.vcss_c	3179	citadel-runtime-and-assets	same-name-current-deadlock-vpk-member-listed	game/citadel/pak01_dir.vpk!panorama/styles/avatar_image.vcss_c	1422456/9192361732058507254	0b613561764d87ff9f7fb1efaccc88a309ef1003a446f0a890a4569793b771d2
game/citadel/panorama/styles/chat.vcss_c	10895	citadel-runtime-and-assets	same-name-current-deadlock-vpk-member-listed	game/citadel/pak01_dir.vpk!panorama/styles/chat.vcss_c	1422456/9192361732058507254	ee86c6a63fa315dd298617f6e49d73c9b844134d5c3c177e0af7cd0fd073d4ee
game/citadel/panorama/styles/citadel_ability_details_panel.vcss_c	7365	citadel-runtime-and-assets	same-name-current-deadlock-vpk-member-listed	game/citadel/pak01_dir.vpk!panorama/styles/citadel_ability_details_panel.vcss_c	1422456/9192361732058507254	e7dcaa5f7044b70927ba6398ccd82a12dcf0a9247b1376298abc4bf61dfaa64b
game/citadel/panorama/styles/citadel_ability_property_panel.vcss_c	11158	citadel-runtime-and-assets	same-name-current-deadlock-vpk-member-listed	game/citadel/pak01_dir.vpk!panorama/styles/citadel_ability_property_panel.vcss_c	1422456/9192361732058507254	082626c6ca265276333370d4a3b60246b63037fcc6334af6f64a509b0c01459e
game/citadel/panorama/styles/citadel_base_styles.vcss_c	121762	citadel-runtime-and-assets	same-name-current-deadlock-vpk-member-listed	game/citadel/pak01_dir.vpk!panorama/styles/citadel_base_styles.vcss_c	1422456/9192361732058507254	453f8fbb11e096ccdfffdaf05d02d8ccf48064fa7e3455ba7820c2ec28d7dffd
game/citadel/panorama/styles/citadel_client_status.vcss_c	5522	citadel-runtime-and-assets	same-name-current-deadlock-vpk-member-listed	game/citadel/pak01_dir.vpk!panorama/styles/citadel_client_status.vcss_c	1422456/9192361732058507254	2826b8ec8b40bc2eb16ffdc36ce5515285ed19be34bb46069ae7a41d6eb1378b
game/citadel/panorama/styles/citadel_dashboard_footer_bar.vcss_c	3941	citadel-runtime-and-assets	same-name-current-deadlock-vpk-member-listed	game/citadel/pak01_dir.vpk!panorama/styles/citadel_dashboard_footer_bar.vcss_c	1422456/9192361732058507254	c78f3f49650474bb0ae723b7a163505e6bb13bd31b105cd50151299e8e6b3daa
game/citadel/panorama/styles/citadel_db_page_heroes.vcss_c	1124	citadel-runtime-and-assets	no-current-path-match-in-checked-sources			ef610afe80635a8a0301974d7544db99fa953e2d21fe4b4e6f1c19248dcf9215
game/citadel/panorama/styles/citadel_db_page_hero_badge_gallery.vcss_c	2578	citadel-runtime-and-assets	no-current-path-match-in-checked-sources			d29e3c22845816b508e2b0a13105a6b58fab271daf59ceccc77707fe5f917a95
game/citadel/panorama/styles/citadel_db_page_hero_builds.vcss_c	13322	citadel-runtime-and-assets	no-current-path-match-in-checked-sources			1d8497c807447756f978a926743e0880ffaffb6cea5aa369bcb09d6fc8a9139a
game/citadel/panorama/styles/citadel_db_page_hero_details.vcss_c	31037	citadel-runtime-and-assets	no-current-path-match-in-checked-sources			16ba77898123a61a2e2c7ff9430126c652e91cf1f6e410773bd6167a5310945a
game/citadel/panorama/styles/citadel_db_page_hero_release_vote.vcss_c	26924	citadel-runtime-and-assets	same-name-current-deadlock-vpk-member-listed	game/citadel/pak01_dir.vpk!panorama/styles/citadel_db_page_hero_release_vote.vcss_c	1422456/9192361732058507254	1bdb472b1ae85f4e13eeca3207e5e788c166d8442460465981529ccc2394cd8c
game/citadel/panorama/styles/citadel_db_page_learn.vcss_c	16650	citadel-runtime-and-assets	same-name-current-deadlock-vpk-member-listed	game/citadel/pak01_dir.vpk!panorama/styles/citadel_db_page_learn.vcss_c	1422456/9192361732058507254	6f6d09f05d82b3ef69bbcf9f1d3fafa912ff3252419586e083626caf4581d0d9
game/citadel/panorama/styles/citadel_db_page_news_entry.vcss_c	5771	citadel-runtime-and-assets	same-name-current-deadlock-vpk-member-listed	game/citadel/pak01_dir.vpk!panorama/styles/citadel_db_page_news_entry.vcss_c	1422456/9192361732058507254	bb7cd8f8dc5ddcef94764d4541148440768b0b34a635f91e54d7ffa9ab6d2c40
game/citadel/panorama/styles/citadel_db_page_play.vcss_c	22573	citadel-runtime-and-assets	same-name-current-deadlock-vpk-member-listed	game/citadel/pak01_dir.vpk!panorama/styles/citadel_db_page_play.vcss_c	1422456/9192361732058507254	7e5c7996de254f17506d694d6b3233faadc985133e3766a9098d80ec41a8a865
game/citadel/panorama/styles/citadel_db_page_private_lobby.vcss_c	9561	citadel-runtime-and-assets	same-name-current-deadlock-vpk-member-listed	game/citadel/pak01_dir.vpk!panorama/styles/citadel_db_page_private_lobby.vcss_c	1422456/9192361732058507254	30bfc6f1ae678d41032bdb8dd03de0d73056385983f790b99699fc95a02f9cc2
game/citadel/panorama/styles/citadel_db_page_profile.vcss_c	46634	citadel-runtime-and-assets	same-name-current-deadlock-vpk-member-listed	game/citadel/pak01_dir.vpk!panorama/styles/citadel_db_page_profile.vcss_c	1422456/9192361732058507254	08574284df39e1718a525a14bc4ac8a51dbc973a8ca84c71e7ea55e60a1ad574
game/citadel/panorama/styles/citadel_db_page_profile_match_history.vcss_c	3758	citadel-runtime-and-assets	same-name-current-deadlock-vpk-member-listed	game/citadel/pak01_dir.vpk!panorama/styles/citadel_db_page_profile_match_history.vcss_c	1422456/9192361732058507254	a7e34ffc3af8f02dcbe65fa2d745ddd20dae9bb3b429c2f456a9cb471e430458
game/citadel/panorama/styles/citadel_db_page_roster_confirm.vcss_c	17158	citadel-runtime-and-assets	no-current-path-match-in-checked-sources			5b4f14f4387f91db62b29a431601740ddd67f46150f44b050dad3a3b5a79f7ba
game/citadel/panorama/styles/citadel_db_page_shared.vcss_c	5353	citadel-runtime-and-assets	same-name-current-deadlock-vpk-member-listed	game/citadel/pak01_dir.vpk!panorama/styles/citadel_db_page_shared.vcss_c	1422456/9192361732058507254	990aacd7bd5103a2d5893715d2ac614868cd5348d94d62d188b2eb84fe356a4f
game/citadel/panorama/styles/citadel_db_page_social.vcss_c	3945	citadel-runtime-and-assets	no-current-path-match-in-checked-sources			680691f698af33bc345d20889ed2abae6232aa6420078528bea6d1622a7fd271
game/citadel/panorama/styles/citadel_db_page_watch.vcss_c	8397	citadel-runtime-and-assets	same-name-current-deadlock-vpk-member-listed	game/citadel/pak01_dir.vpk!panorama/styles/citadel_db_page_watch.vcss_c	1422456/9192361732058507254	c84abfc0e2f0fea7e94e626a17a04eefbfd98932c1f9251b39acb54aa1f2411a
game/citadel/panorama/styles/citadel_hero_card.vcss_c	29981	citadel-runtime-and-assets	same-name-current-deadlock-vpk-member-listed	game/citadel/pak01_dir.vpk!panorama/styles/citadel_hero_card.vcss_c	1422456/9192361732058507254	58d6407e4c15471e8bbd3efe2b95a8e6c902817f3bb20b38c2155d13f3f2249c
game/citadel/panorama/styles/citadel_hero_grid.vcss_c	3787	citadel-runtime-and-assets	same-name-current-deadlock-vpk-member-listed	game/citadel/pak01_dir.vpk!panorama/styles/citadel_hero_grid.vcss_c	1422456/9192361732058507254	002c0d9a8085007fcbaaf5bf08cd949ca2829ec64733a47c211d91ae3ae05f88
game/citadel/panorama/styles/citadel_hero_stats_panels_shared.vcss_c	7288	citadel-runtime-and-assets	same-name-current-deadlock-vpk-member-listed	game/citadel/pak01_dir.vpk!panorama/styles/citadel_hero_stats_panels_shared.vcss_c	1422456/9192361732058507254	9b70cdb354fb263dea9fdff0c093e014d134a9313041d30746c2c8fc4a58f93c
game/citadel/panorama/styles/citadel_hero_stats_weapon_panel.vcss_c	5103	citadel-runtime-and-assets	same-name-current-deadlock-vpk-member-listed	game/citadel/pak01_dir.vpk!panorama/styles/citadel_hero_stats_weapon_panel.vcss_c	1422456/9192361732058507254	fbd3d365e4e1c72609a1e740035fb77e8defaf1ea354f7c0e6e8a969ce3ecee3
game/citadel/panorama/styles/citadel_hud_ability_button.vcss_c	20954	citadel-runtime-and-assets	same-name-current-deadlock-vpk-member-listed	game/citadel/pak01_dir.vpk!panorama/styles/citadel_hud_ability_button.vcss_c	1422456/9192361732058507254	8cc675a5ce4da0ffd3abf0a00952dc97d0f2556d87db6e2216bcee9dc9911d6e
game/citadel/panorama/styles/citadel_hud_ability_button_hint.vcss_c	5751	citadel-runtime-and-assets	same-name-current-deadlock-vpk-member-listed	game/citadel/pak01_dir.vpk!panorama/styles/citadel_hud_ability_button_hint.vcss_c	1422456/9192361732058507254	a75a22da6bb11611499b53a059176149dc87db196d8f3bd957becdb3c6e3172d
game/citadel/panorama/styles/citadel_hud_ability_details_panel.vcss_c	2431	citadel-runtime-and-assets	same-name-current-deadlock-vpk-member-listed	game/citadel/pak01_dir.vpk!panorama/styles/citadel_hud_ability_details_panel.vcss_c	1422456/9192361732058507254	212f2999a6ebfbb12b3289bdaefb8e19f8296607c4e74957a96c408718c807fe
game/citadel/panorama/styles/citadel_hud_ability_upgrade_list.vcss_c	2773	citadel-runtime-and-assets	same-name-current-deadlock-vpk-member-listed	game/citadel/pak01_dir.vpk!panorama/styles/citadel_hud_ability_upgrade_list.vcss_c	1422456/9192361732058507254	0d6b3b286cbc5db90d43b458bc1b268ab71668ffb90a350dab21d65f2a39b086
game/citadel/panorama/styles/citadel_hud_and_db_overlay.vcss_c	2912	citadel-runtime-and-assets	same-name-current-deadlock-vpk-member-listed	game/citadel/pak01_dir.vpk!panorama/styles/citadel_hud_and_db_overlay.vcss_c	1422456/9192361732058507254	ce96cc8ebfa3cd3e7689f3e305f4d3d0da0b1e5cc2d64d7887d84ffac12674fe
game/citadel/panorama/styles/citadel_hud_chat_wheel.vcss_c	16049	citadel-runtime-and-assets	same-name-current-deadlock-vpk-member-listed	game/citadel/pak01_dir.vpk!panorama/styles/citadel_hud_chat_wheel.vcss_c	1422456/9192361732058507254	f89e2008e16d3dd9b9eece04c7c08fc3ce6defda89aaec5978011692297cf790
game/citadel/panorama/styles/citadel_hud_damage_feedback_display.vcss_c	25440	citadel-runtime-and-assets	no-current-path-match-in-checked-sources			af20016321d744dca2a14c2892442d0084c1bb0440f2051f4e734bd55cb56614
game/citadel/panorama/styles/citadel_hud_data_feed_boss_killed.vcss_c	5977	citadel-runtime-and-assets	same-name-current-deadlock-vpk-member-listed	game/citadel/pak01_dir.vpk!panorama/styles/citadel_hud_data_feed_boss_killed.vcss_c	1422456/9192361732058507254	273c3ec59063f9f8b9d5578ee1648962ef44a1e079bf8b11feb9371fb36f9326
game/citadel/panorama/styles/citadel_hud_data_feed_info.vcss_c	10138	citadel-runtime-and-assets	same-name-current-deadlock-vpk-member-listed	game/citadel/pak01_dir.vpk!panorama/styles/citadel_hud_data_feed_info.vcss_c	1422456/9192361732058507254	f2f181b9051e9577c031be353c8ea744dab1af3b7ecda996b25742da282df1d9
game/citadel/panorama/styles/citadel_hud_flex_slot_unlocked_message.vcss_c	2315	citadel-runtime-and-assets	same-name-current-deadlock-vpk-member-listed	game/citadel/pak01_dir.vpk!panorama/styles/citadel_hud_flex_slot_unlocked_message.vcss_c	1422456/9192361732058507254	24d5aa637b6afcafd721a0dd34fdc6a50aa6b5adbe4f238b1ad1b02d33054399
game/citadel/panorama/styles/citadel_hud_game_over_display.vcss_c	3744	citadel-runtime-and-assets	no-current-path-match-in-checked-sources			12960bb0a0f676588342cbee29653d3465cebfb3aa14839f38bd377b27021865
game/citadel/panorama/styles/citadel_hud_hero_shop.vcss_c	82350	citadel-runtime-and-assets	same-name-current-deadlock-vpk-member-listed	game/citadel/pak01_dir.vpk!panorama/styles/citadel_hud_hero_shop.vcss_c	1422456/9192361732058507254	2efb60c2c6f5f9bcad41eb3d6f1a7e3850a695738c822cc965543cee73a176c1
game/citadel/panorama/styles/citadel_hud_item_bar_graph.vcss_c	10482	citadel-runtime-and-assets	same-name-current-deadlock-vpk-member-listed	game/citadel/pak01_dir.vpk!panorama/styles/citadel_hud_item_bar_graph.vcss_c	1422456/9192361732058507254	e9225abd5e3c77007abf873a07067b6256a36e1c9ec78c8fb032d678b6637ee9
game/citadel/panorama/styles/citadel_hud_modifier_message.vcss_c	5624	citadel-runtime-and-assets	same-name-current-deadlock-vpk-member-listed	game/citadel/pak01_dir.vpk!panorama/styles/citadel_hud_modifier_message.vcss_c	1422456/9192361732058507254	e270e8c0e3e9888e514b4a09bd62ad2eaa1a6e449366a4ff5a302df187f59457
game/citadel/panorama/styles/citadel_hud_mod_bar_graph.vcss_c	3272	citadel-runtime-and-assets	same-name-current-deadlock-vpk-member-listed	game/citadel/pak01_dir.vpk!panorama/styles/citadel_hud_mod_bar_graph.vcss_c	1422456/9192361732058507254	043a52f0976537c7626b0daf881cc11839c0aab7290c55c06230a8539c99e208
game/citadel/panorama/styles/citadel_hud_player_level.vcss_c	5212	citadel-runtime-and-assets	same-name-current-deadlock-vpk-member-listed	game/citadel/pak01_dir.vpk!panorama/styles/citadel_hud_player_level.vcss_c	1422456/9192361732058507254	975878ba62e965cdfd04eaf3f7cfe4ddeba886a9f1d416b8199d0e6be9c9dec0
game/citadel/panorama/styles/citadel_hud_player_level_up_bonus.vcss_c	8989	citadel-runtime-and-assets	same-name-current-deadlock-vpk-member-listed	game/citadel/pak01_dir.vpk!panorama/styles/citadel_hud_player_level_up_bonus.vcss_c	1422456/9192361732058507254	6c533e0a1bcf67856b4568e6d2b8648e09ac27a7f14c69483dbc99dc93448f0a
game/citadel/panorama/styles/citadel_hud_pregame_countdown.vcss_c	5862	citadel-runtime-and-assets	same-name-current-deadlock-vpk-member-listed	game/citadel/pak01_dir.vpk!panorama/styles/citadel_hud_pregame_countdown.vcss_c	1422456/9192361732058507254	f4612163063ab6071757fc611a26f36add0ba0403b88e9f93b783daaf0c8724b
game/citadel/panorama/styles/citadel_hud_top_bar.vcss_c	94620	citadel-runtime-and-assets	same-name-current-deadlock-vpk-member-listed	game/citadel/pak01_dir.vpk!panorama/styles/citadel_hud_top_bar.vcss_c	1422456/9192361732058507254	4ddc2ff0aaa6887240125c344e6cc657a461021ba914a2f471a2a8a547024a38
game/citadel/panorama/styles/citadel_matchmaking_status.vcss_c	10059	citadel-runtime-and-assets	same-name-current-deadlock-vpk-member-listed	game/citadel/pak01_dir.vpk!panorama/styles/citadel_matchmaking_status.vcss_c	1422456/9192361732058507254	57aa1ba39d88a9cfd5aae9ad3349b4ce94f540c7a451b2f64309521fb2a1e947
game/citadel/panorama/styles/citadel_match_history_block_shared.vcss_c	6782	citadel-runtime-and-assets	same-name-current-deadlock-vpk-member-listed	game/citadel/pak01_dir.vpk!panorama/styles/citadel_match_history_block_shared.vcss_c	1422456/9192361732058507254	7a73331623ac1627830ec6c43613874f359f348c67a2eafde7b34e7274064a05
game/citadel/panorama/styles/citadel_modified_attribute_label.vcss_c	21915	citadel-runtime-and-assets	same-name-current-deadlock-vpk-member-listed	game/citadel/pak01_dir.vpk!panorama/styles/citadel_modified_attribute_label.vcss_c	1422456/9192361732058507254	32e26ac1d617889248788525da470ca4343e68a28ddbf97d0bc065a4c274fe0f
game/citadel/panorama/styles/citadel_mods_purchased_panel.vcss_c	14134	citadel-runtime-and-assets	same-name-current-deadlock-vpk-member-listed	game/citadel/pak01_dir.vpk!panorama/styles/citadel_mods_purchased_panel.vcss_c	1422456/9192361732058507254	5499ed367c3b74ca9153ea3d5e58930e910c2962e2ceb0e6d10ef34dbb7abb51
game/citadel/panorama/styles/citadel_mod_bonus_display.vcss_c	15557	citadel-runtime-and-assets	same-name-current-deadlock-vpk-member-listed	game/citadel/pak01_dir.vpk!panorama/styles/citadel_mod_bonus_display.vcss_c	1422456/9192361732058507254	781cfb57df676622851cf46af1af8d0413d50bec417a8fd1f8a569e17038c99d
game/citadel/panorama/styles/citadel_party.vcss_c	11563	citadel-runtime-and-assets	same-name-current-deadlock-vpk-member-listed	game/citadel/pak01_dir.vpk!panorama/styles/citadel_party.vcss_c	1422456/9192361732058507254	b3cd26a77b2b310359a00d0daccd89b2ed854a92f54de12c41a80ecd5740776b
game/citadel/panorama/styles/citadel_ranked_badge_full.vcss_c	32541	citadel-runtime-and-assets	same-name-current-deadlock-vpk-member-listed	game/citadel/pak01_dir.vpk!panorama/styles/citadel_ranked_badge_full.vcss_c	1422456/9192361732058507254	8b51ed370f46bf0f900bb3cc17908d459695581777810c26e9d82b2cd83105a3
game/citadel/panorama/styles/citadel_ranked_badge_mini.vcss_c	26365	citadel-runtime-and-assets	same-name-current-deadlock-vpk-member-listed	game/citadel/pak01_dir.vpk!panorama/styles/citadel_ranked_badge_mini.vcss_c	1422456/9192361732058507254	3205324be8d655b566d7c1a23f78b52e9b1a320b3fe6ff4dc89a10795c7d25e7
game/citadel/panorama/styles/citadel_roster_hero_details.vcss_c	12389	citadel-runtime-and-assets	no-current-path-match-in-checked-sources			9bdc37124db703473806eea4503c4f6282978c5d958711b8f051779ef14261bd
game/citadel/panorama/styles/citadel_shop_mods_build.vcss_c	9278	citadel-runtime-and-assets	same-name-current-deadlock-vpk-member-listed	game/citadel/pak01_dir.vpk!panorama/styles/citadel_shop_mods_build.vcss_c	1422456/9192361732058507254	953ef4a9c41b8bf0283569d152fa2e3f8bca208b0c28accf5bbc56691e17cc20
game/citadel/panorama/styles/citadel_shop_mods_list.vcss_c	13379	citadel-runtime-and-assets	same-name-current-deadlock-vpk-member-listed	game/citadel/pak01_dir.vpk!panorama/styles/citadel_shop_mods_list.vcss_c	1422456/9192361732058507254	295c1e4b3189cc9d04be5af6acc743916270013033ca88f6f20335e3c5a3d59c
game/citadel/panorama/styles/citadel_shop_mods_tier.vcss_c	7236	citadel-runtime-and-assets	same-name-current-deadlock-vpk-member-listed	game/citadel/pak01_dir.vpk!panorama/styles/citadel_shop_mods_tier.vcss_c	1422456/9192361732058507254	a579d7aa3c9758ad79c08d79f6a8baf54a672663cf6af3005c681cfeb7dd32ad
game/citadel/panorama/styles/citadel_shop_mod_icon.vcss_c	15578	citadel-runtime-and-assets	same-name-current-deadlock-vpk-member-listed	game/citadel/pak01_dir.vpk!panorama/styles/citadel_shop_mod_icon.vcss_c	1422456/9192361732058507254	0dc4c87a123ef311cd4e9e6d768ccf2d3c2a7bcd29dd7cc80d29328d3137f7fd
game/citadel/panorama/styles/citadel_shop_mod_view.vcss_c	64106	citadel-runtime-and-assets	same-name-current-deadlock-vpk-member-listed	game/citadel/pak01_dir.vpk!panorama/styles/citadel_shop_mod_view.vcss_c	1422456/9192361732058507254	ef28fa629acb4560e8a34a68620bd5e5d51d4e4c5667a0cc894e5807d56e5c49
game/citadel/panorama/styles/citadel_shop_mod_view_favorites.vcss_c	10369	citadel-runtime-and-assets	same-name-current-deadlock-vpk-member-listed	game/citadel/pak01_dir.vpk!panorama/styles/citadel_shop_mod_view_favorites.vcss_c	1422456/9192361732058507254	f87053334b7ef8e4d7d5ae877a972791d670c53a93fe3f701bac2fd2596ef25a
game/citadel/panorama/styles/citadel_status_effect.vcss_c	2323	citadel-runtime-and-assets	same-name-current-deadlock-vpk-member-listed	game/citadel/pak01_dir.vpk!panorama/styles/citadel_status_effect.vcss_c	1422456/9192361732058507254	7f50c411b4c9138306f34bcdad70b6fb0c1c9077a4674210e5715e23c7b065bd
game/citadel/panorama/styles/citadel_stat_scaling_label.vcss_c	10268	citadel-runtime-and-assets	same-name-current-deadlock-vpk-member-listed	game/citadel/pak01_dir.vpk!panorama/styles/citadel_stat_scaling_label.vcss_c	1422456/9192361732058507254	69ea1dee078541a966d91ba79762f2a5aabfc6ad92d8c1d4961cb673110b8065
game/citadel/panorama/styles/citadel_ui_ability_order.vcss_c	8527	citadel-runtime-and-assets	same-name-current-deadlock-vpk-member-listed	game/citadel/pak01_dir.vpk!panorama/styles/citadel_ui_ability_order.vcss_c	1422456/9192361732058507254	5582eed43eeee6941e66b3e114b54c9070a075bf40df3d98a3e0d9a927456135
game/citadel/panorama/styles/citadel_ui_account_survey.vcss_c	12509	citadel-runtime-and-assets	same-name-current-deadlock-vpk-member-listed	game/citadel/pak01_dir.vpk!panorama/styles/citadel_ui_account_survey.vcss_c	1422456/9192361732058507254	ac260b096c2097bd8e0e8e66cfa4bb41b7dde7170bf1357b3bbfb75ad1a00612
game/citadel/panorama/styles/citadel_ui_binding.vcss_c	7901	citadel-runtime-and-assets	same-name-current-deadlock-vpk-member-listed	game/citadel/pak01_dir.vpk!panorama/styles/citadel_ui_binding.vcss_c	1422456/9192361732058507254	2b47cb900931d23e63bfb66349f12679d8880514d2b079576e89ec63674b315c
game/citadel/panorama/styles/citadel_ui_friend.vcss_c	27572	citadel-runtime-and-assets	same-name-current-deadlock-vpk-member-listed	game/citadel/pak01_dir.vpk!panorama/styles/citadel_ui_friend.vcss_c	1422456/9192361732058507254	7404c41b002ba1314945384ea6448a27865e3c8ee004368637ac30730093b459
game/citadel/panorama/styles/citadel_ui_keyboard_glyph.vcss_c	8428	citadel-runtime-and-assets	same-name-current-deadlock-vpk-member-listed	game/citadel/pak01_dir.vpk!panorama/styles/citadel_ui_keyboard_glyph.vcss_c	1422456/9192361732058507254	7191f34bd1fa1761eca69dadbec3209e0d423bd117d1d6e7a3f686377c0eb689
game/citadel/panorama/styles/citadel_ui_party.vcss_c	36063	citadel-runtime-and-assets	no-current-path-match-in-checked-sources			53831e93621233586fef209d854f14b74fa173ba8e84b0a8a2222b054b06e54a
game/citadel/panorama/styles/citadel_ui_party_member.vcss_c	14413	citadel-runtime-and-assets	no-current-path-match-in-checked-sources			c76bfbefc78f92fc574cc54a533bb1c410c31551916c697d96977de1c82ac375
game/citadel/panorama/styles/citadel_ui_post_game_scoreboard.vcss_c	36572	citadel-runtime-and-assets	no-current-path-match-in-checked-sources			7455a72e5fd1374ca5185edc5ad622b90164b2a28847799fc250236edcf1844a
game/citadel/panorama/styles/citadel_ui_private_lobby_team_slot.vcss_c	7080	citadel-runtime-and-assets	same-name-current-deadlock-vpk-member-listed	game/citadel/pak01_dir.vpk!panorama/styles/citadel_ui_private_lobby_team_slot.vcss_c	1422456/9192361732058507254	fe4c31a75844b75b4c75c477c52339e4e1b3ff7b120e6c7036a5d59f020d19da
game/citadel/panorama/styles/citadel_ui_radial_abilities.vcss_c	20160	citadel-runtime-and-assets	same-name-current-deadlock-vpk-member-listed	game/citadel/pak01_dir.vpk!panorama/styles/citadel_ui_radial_abilities.vcss_c	1422456/9192361732058507254	ae94c7c532001428a6ca28ca6fc18cef8e5138ef80f53c701d4790b09c562455
game/citadel/panorama/styles/citadel_ui_radial_abilities_segment.vcss_c	6635	citadel-runtime-and-assets	same-name-current-deadlock-vpk-member-listed	game/citadel/pak01_dir.vpk!panorama/styles/citadel_ui_radial_abilities_segment.vcss_c	1422456/9192361732058507254	d90422879ba82b5617a936b0ac9c64aea6ee80495e56df0a81e7d071fc23e3f5
game/citadel/panorama/styles/citadel_ui_social_party.vcss_c	31369	citadel-runtime-and-assets	no-current-path-match-in-checked-sources			bb0fdc1652c358e3efe3f1fb7183a8c23ba57e76abe8871a0e179e95cb17f57f
game/citadel/panorama/styles/dashboard.vcss_c	56986	citadel-runtime-and-assets	same-name-current-deadlock-vpk-member-listed	game/citadel/pak01_dir.vpk!panorama/styles/dashboard.vcss_c	1422456/9192361732058507254	5537e95e9d54d35b00703002bf8e8dbd30faae545a02e57f264662e21c47677f
game/citadel/panorama/styles/db_activematch.vcss_c	14638	citadel-runtime-and-assets	same-name-current-deadlock-vpk-member-listed	game/citadel/pak01_dir.vpk!panorama/styles/db_activematch.vcss_c	1422456/9192361732058507254	ffefb15c3c26443478a0d66af3a9fd6f42603045dfc947cfbfb493542de9f5ac
game/citadel/panorama/styles/db_playerlist.vcss_c	30973	citadel-runtime-and-assets	no-current-path-match-in-checked-sources			a0ab4c07120e762c36b01f83d0d271525e602dca78cbf4ab60ffafd43426a697
game/citadel/panorama/styles/dev_commands_menu.vcss_c	3637	citadel-runtime-and-assets	no-current-path-match-in-checked-sources			7663b48a60af722cf0057267ae4c7b1f0952ce6f98907508521368904ffb865f
game/citadel/panorama/styles/friends_list_entry.vcss_c	9364	citadel-runtime-and-assets	same-name-current-deadlock-vpk-member-listed	game/citadel/pak01_dir.vpk!panorama/styles/friends_list_entry.vcss_c	1422456/9192361732058507254	15f5a6ea9ea10d630b673baa553f5d1ebfa1da38af2512152b555c1b3abc627b
game/citadel/panorama/styles/hero_backgrounds/hero_background_default.vcss_c	20377	citadel-runtime-and-assets	same-name-current-deadlock-vpk-member-listed	game/citadel/pak01_dir.vpk!panorama/styles/hero_backgrounds/hero_background_default.vcss_c	1422456/9192361732058507254	eadcc6549345d8aca0d41fc8aa41d34a2247dbafbef63eb34ffff92f467b036e
game/citadel/panorama/styles/hero_badge.vcss_c	23942	citadel-runtime-and-assets	same-name-current-deadlock-vpk-member-listed	game/citadel/pak01_dir.vpk!panorama/styles/hero_badge.vcss_c	1422456/9192361732058507254	a987dad66bed7d1810ec7ff8753ac6ba6ef34b76adffea46d938e67abab3ee83
game/citadel/panorama/styles/hero_selection.vcss_c	1152	citadel-runtime-and-assets	no-current-path-match-in-checked-sources			fbabfb5be9239260756c1f3737f4b8c06c251f7c6807bd78fdcd8a594b917bf5
game/citadel/panorama/styles/hero_testing_menu.vcss_c	10671	citadel-runtime-and-assets	same-name-current-deadlock-vpk-member-listed	game/citadel/pak01_dir.vpk!panorama/styles/hero_testing_menu.vcss_c	1422456/9192361732058507254	9ee818ef8762182383b7edac35b10ff688c660613da8d2c27dea1e81c713dfaa
game/citadel/panorama/styles/hud.vcss_c	112649	citadel-runtime-and-assets	same-name-current-deadlock-vpk-member-listed	game/citadel/pak01_dir.vpk!panorama/styles/hud.vcss_c	1422456/9192361732058507254	a649f9178e37d4b5a7d5dc5bf32c11b93be0d9ebf174d87b21c24ac8f4e471f9
game/citadel/panorama/styles/hudchat.vcss_c	12953	citadel-runtime-and-assets	no-current-path-match-in-checked-sources			e0bfed1b9f71ba33b98aad0324a4eb2153872ebdaa7c3b0c289819a3125382ce
game/citadel/panorama/styles/hud_ability_icon.vcss_c	47289	citadel-runtime-and-assets	same-name-current-deadlock-vpk-member-listed	game/citadel/pak01_dir.vpk!panorama/styles/hud_ability_icon.vcss_c	1422456/9192361732058507254	6eda11e8da7522d3845cb48e00dd4d0e60ee0dc9be5c29d46cd66f80e2a31606
game/citadel/panorama/styles/hud_ability_icon_active.vcss_c	28774	citadel-runtime-and-assets	same-name-current-deadlock-vpk-member-listed	game/citadel/pak01_dir.vpk!panorama/styles/hud_ability_icon_active.vcss_c	1422456/9192361732058507254	8f5046af74becd9923ced39aa884d808574b5dab3bc80d3016aebe9e9b5a7bf7
game/citadel/panorama/styles/hud_ability_interrupt.vcss_c	2054	citadel-runtime-and-assets	same-name-current-deadlock-vpk-member-listed	game/citadel/pak01_dir.vpk!panorama/styles/hud_ability_interrupt.vcss_c	1422456/9192361732058507254	57c48375573c5ac1f9f969a28b40c4d200a91f166c86d0c42dca7ff88e2d1a0b
game/citadel/panorama/styles/hud_damage_impact.vcss_c	10148	citadel-runtime-and-assets	same-name-current-deadlock-vpk-member-listed	game/citadel/pak01_dir.vpk!panorama/styles/hud_damage_impact.vcss_c	1422456/9192361732058507254	5081c445c16dbdade322e5f8e8bf609d4ccd7e143e2bc916bc39d3ea793a819f
game/citadel/panorama/styles/hud_damage_report.vcss_c	43491	citadel-runtime-and-assets	same-name-current-deadlock-vpk-member-listed	game/citadel/pak01_dir.vpk!panorama/styles/hud_damage_report.vcss_c	1422456/9192361732058507254	e22b135a8a13befe3b6b885d8dfc94a086aeb62845c82508a32e3e29a54e1551
game/citadel/panorama/styles/hud_damage_source_impact.vcss_c	6642	citadel-runtime-and-assets	no-current-path-match-in-checked-sources			82d7755c0c7702dd2acd6fd87a11fddc3902d3c1d02b94596bbe15b2cf39ea2c
game/citadel/panorama/styles/hud_escape_menu.vcss_c	25057	citadel-runtime-and-assets	same-name-current-deadlock-vpk-member-listed	game/citadel/pak01_dir.vpk!panorama/styles/hud_escape_menu.vcss_c	1422456/9192361732058507254	a2203eeec5b28bbfd053165142306965edbacbde860e2d06d2ae2cca00989efe
game/citadel/panorama/styles/hud_event_indicator.vcss_c	32252	citadel-runtime-and-assets	same-name-current-deadlock-vpk-member-listed	game/citadel/pak01_dir.vpk!panorama/styles/hud_event_indicator.vcss_c	1422456/9192361732058507254	b74b3894012af5395cc1d478373f151f83a819b47d2bb2dfab96430f18d63e45
game/citadel/panorama/styles/hud_gold_and_ap_container.vcss_c	21158	citadel-runtime-and-assets	same-name-current-deadlock-vpk-member-listed	game/citadel/pak01_dir.vpk!panorama/styles/hud_gold_and_ap_container.vcss_c	1422456/9192361732058507254	3eccb30ec398dddd90de5f68f9937b26c110da0ef1a6fe17a084bca03a262f5b
game/citadel/panorama/styles/hud_health_container.vcss_c	17887	citadel-runtime-and-assets	same-name-current-deadlock-vpk-member-listed	game/citadel/pak01_dir.vpk!panorama/styles/hud_health_container.vcss_c	1422456/9192361732058507254	3493fb7ffbb4e808590e435f28f0bfaef925cb5c4904c8812a238618f52cc211
game/citadel/panorama/styles/hud_health_pips.vcss_c	5262	citadel-runtime-and-assets	same-name-current-deadlock-vpk-member-listed	game/citadel/pak01_dir.vpk!panorama/styles/hud_health_pips.vcss_c	1422456/9192361732058507254	930d2ae465f62b520f4b105071cb93b49228d0006a83c9d8bceedd9e4743742e
game/citadel/panorama/styles/hud_hideout.vcss_c	8382	citadel-runtime-and-assets	same-name-current-deadlock-vpk-member-listed	game/citadel/pak01_dir.vpk!panorama/styles/hud_hideout.vcss_c	1422456/9192361732058507254	c61331e9e4ca02cd7918b03431454228a827f5b886d7405e74972e06d199815b
game/citadel/panorama/styles/hud_minimap.vcss_c	63661	citadel-runtime-and-assets	same-name-current-deadlock-vpk-member-listed	game/citadel/pak01_dir.vpk!panorama/styles/hud_minimap.vcss_c	1422456/9192361732058507254	14855fcfb74b07f3512c09ff4a518b1243bc4f4777e8bddd7fe0070dd36b3c4d
game/citadel/panorama/styles/hud_modifiers.vcss_c	13837	citadel-runtime-and-assets	same-name-current-deadlock-vpk-member-listed	game/citadel/pak01_dir.vpk!panorama/styles/hud_modifiers.vcss_c	1422456/9192361732058507254	6f93509cc4aa6521193670fee066fef615994e4c4aca5c4c46e1c2ffacba19b0
game/citadel/panorama/styles/hud_modifiers_center.vcss_c	15699	citadel-runtime-and-assets	same-name-current-deadlock-vpk-member-listed	game/citadel/pak01_dir.vpk!panorama/styles/hud_modifiers_center.vcss_c	1422456/9192361732058507254	37d1477724170367f6b95d11562c65c882d21342a6d112f4b8ee4ec47268a6f7
game/citadel/panorama/styles/hud_objective_health.vcss_c	26049	citadel-runtime-and-assets	same-name-current-deadlock-vpk-member-listed	game/citadel/pak01_dir.vpk!panorama/styles/hud_objective_health.vcss_c	1422456/9192361732058507254	f371fcd938adbba168967592f797b74eec42882d6a55764c0bf46a055d27f562
game/citadel/panorama/styles/hud_paused.vcss_c	10337	citadel-runtime-and-assets	same-name-current-deadlock-vpk-member-listed	game/citadel/pak01_dir.vpk!panorama/styles/hud_paused.vcss_c	1422456/9192361732058507254	8c5f8bcb598f83793a6578e771dbdc944c163021a94fd28bc5d78cab4c3335f0
game/citadel/panorama/styles/hud_quickbuy.vcss_c	25159	citadel-runtime-and-assets	same-name-current-deadlock-vpk-member-listed	game/citadel/pak01_dir.vpk!panorama/styles/hud_quickbuy.vcss_c	1422456/9192361732058507254	3a76f9948046b7b7f3fa6197f48117cb642cc59a08de74e90dc4a3a84be0158b
game/citadel/panorama/styles/hud_quickbuy_entry.vcss_c	15655	citadel-runtime-and-assets	same-name-current-deadlock-vpk-member-listed	game/citadel/pak01_dir.vpk!panorama/styles/hud_quickbuy_entry.vcss_c	1422456/9192361732058507254	ee59ec1c4dc4969fc6f504f44d7f3543a69de87cfb4fc44e3ac9b7e125a5ea7a
game/citadel/panorama/styles/hud_reportcard.vcss_c	30017	citadel-runtime-and-assets	same-name-current-deadlock-vpk-member-listed	game/citadel/pak01_dir.vpk!panorama/styles/hud_reportcard.vcss_c	1422456/9192361732058507254	9437ec2d6a118f6f5ffe0abe8d17107b6d2c5fe7ae5888644308292a1c999bf9
game/citadel/panorama/styles/hud_sandbox_tutorial.vcss_c	21453	citadel-runtime-and-assets	same-name-current-deadlock-vpk-member-listed	game/citadel/pak01_dir.vpk!panorama/styles/hud_sandbox_tutorial.vcss_c	1422456/9192361732058507254	b6e478ef408734103ab7ce2cd2dad2919601a7894edb731d1ed13af91eb5f7f3
game/citadel/panorama/styles/hud_scoreboard_mods.vcss_c	22646	citadel-runtime-and-assets	no-current-path-match-in-checked-sources			29d8439f1e979d46d3eddd760a62e3acfc8f236926d597e2b9569a7f00565cfa
game/citadel/panorama/styles/hud_screen_effects_scope.vcss_c	3429	citadel-runtime-and-assets	same-name-current-deadlock-vpk-member-listed	game/citadel/pak01_dir.vpk!panorama/styles/hud_screen_effects_scope.vcss_c	1422456/9192361732058507254	47f73efaaf1660759aadae42ea8d292a7c20054a7700e2f6d4b0235668d35826
game/citadel/panorama/styles/hud_spectate_bar.vcss_c	11880	citadel-runtime-and-assets	same-name-current-deadlock-vpk-member-listed	game/citadel/pak01_dir.vpk!panorama/styles/hud_spectate_bar.vcss_c	1422456/9192361732058507254	27035cb5c13bd5f5092e9b7a1473d8cb87a1f8ab65a8a59f20787c4902d5e484
game/citadel/panorama/styles/hud_team_objective_health.vcss_c	1550	citadel-runtime-and-assets	same-name-current-deadlock-vpk-member-listed	game/citadel/pak01_dir.vpk!panorama/styles/hud_team_objective_health.vcss_c	1422456/9192361732058507254	22f2caa2500fc399a75a84d5e17401774af0ae61732b4ec08a67d58a62145af8
game/citadel/panorama/styles/in_world_hideout_panel.vcss_c	9032	citadel-runtime-and-assets	same-name-current-deadlock-vpk-member-listed	game/citadel/pak01_dir.vpk!panorama/styles/in_world_hideout_panel.vcss_c	1422456/9192361732058507254	d534b01e10e998d66589f4444caeec8d2ea435292579220af81ca2f89f81b555
game/citadel/panorama/styles/in_world_item_panel.vcss_c	3427	citadel-runtime-and-assets	same-name-current-deadlock-vpk-member-listed	game/citadel/pak01_dir.vpk!panorama/styles/in_world_item_panel.vcss_c	1422456/9192361732058507254	932e16edbc5565f3a1f5449b8c8b499ff8d1a89a38282176d08c9c6c0c6de037
game/citadel/panorama/styles/local_player_details.vcss_c	2451	citadel-runtime-and-assets	no-current-path-match-in-checked-sources			03bc7a448a16bd981a3a60a0eaf5f3ef6659313bf73fc7f38027a042ba262429
game/citadel/panorama/styles/map_ping_panel.vcss_c	5886	citadel-runtime-and-assets	same-name-current-deadlock-vpk-member-listed	game/citadel/pak01_dir.vpk!panorama/styles/map_ping_panel.vcss_c	1422456/9192361732058507254	8f9e9a0d7a8e9a6ebc438d55ae1262528d62f220d38c3c8bede89d6cbe88c4ff
game/citadel/panorama/styles/match_details.vcss_c	5808	citadel-runtime-and-assets	no-current-path-match-in-checked-sources			05925887d34ceb0a940fdae93df9e1e1c94ca8a74ab44a94694a70da6c901b38
game/citadel/panorama/styles/match_details_graphs.vcss_c	16181	citadel-runtime-and-assets	same-name-current-deadlock-vpk-member-listed	game/citadel/pak01_dir.vpk!panorama/styles/match_details_graphs.vcss_c	1422456/9192361732058507254	918cae1d9936c57e9fbe574dd5de529df130d69c4f69c8e7c4ec5e3720a6c6c3
game/citadel/panorama/styles/match_details_items.vcss_c	3167	citadel-runtime-and-assets	no-current-path-match-in-checked-sources			14f36264f37ae776e87726236502b90ffd8698bfeb249d49341aeb53d9005978
game/citadel/panorama/styles/match_details_kill_map.vcss_c	5848	citadel-runtime-and-assets	no-current-path-match-in-checked-sources			a764ae0b708fb689c08c70b567abd3383836f5aa836da81ff476b4e33102d185
game/citadel/panorama/styles/match_details_kill_matrix.vcss_c	3410	citadel-runtime-and-assets	no-current-path-match-in-checked-sources			e3f803249bd000c0f51de88469a8da28425ca95df006949ec31c7059b2668458
game/citadel/panorama/styles/match_details_objectives.vcss_c	1280	citadel-runtime-and-assets	no-current-path-match-in-checked-sources			5f761a385dbb6f7141ed87cf58fa5884a89931d9157ef90acd0f8900a6e1595f
game/citadel/panorama/styles/match_details_replay_button.vcss_c	1788	citadel-runtime-and-assets	same-name-current-deadlock-vpk-member-listed	game/citadel/pak01_dir.vpk!panorama/styles/match_details_replay_button.vcss_c	1422456/9192361732058507254	89dc3ce27f39305e11d6ea95f8de4142651efb1cbc1fc00ed4cfc6479f5ad18f
game/citadel/panorama/styles/match_details_summary_info.vcss_c	1880	citadel-runtime-and-assets	no-current-path-match-in-checked-sources			2166937471e27e09e1886762935beec67137e4af7834ad847094c54ee7417cd9
game/citadel/panorama/styles/match_details_summary_table.vcss_c	3253	citadel-runtime-and-assets	no-current-path-match-in-checked-sources			e71a088bce33f2f6109c1ef2fa1fdb7659da0a32a299097b7f279db146b25990
game/citadel/panorama/styles/match_history_entry.vcss_c	3130	citadel-runtime-and-assets	no-current-path-match-in-checked-sources			5c12025ce4987df569bed3f4ef9acddd6e7de493bc5305db8ba76f3d93404126
game/citadel/panorama/styles/npc_icons.vcss_c	3703	citadel-runtime-and-assets	same-name-current-deadlock-vpk-member-listed	game/citadel/pak01_dir.vpk!panorama/styles/npc_icons.vcss_c	1422456/9192361732058507254	f22d0a5640796c49ed47409eb79546c96d7df76b03bfa86d6193c66ac55412c3
game/citadel/panorama/styles/pages/citadel_db_page_control_library.vcss_c	47359	citadel-runtime-and-assets	same-name-current-deadlock-vpk-member-listed	game/citadel/pak01_dir.vpk!panorama/styles/pages/citadel_db_page_control_library.vcss_c	1422456/9192361732058507254	287f25e0588c802af101f0f9d5ac0f905ea50b0fc8467b1efec8180c71efd7bd
game/citadel/panorama/styles/players_list_entry.vcss_c	5397	citadel-runtime-and-assets	same-name-current-deadlock-vpk-member-listed	game/citadel/pak01_dir.vpk!panorama/styles/players_list_entry.vcss_c	1422456/9192361732058507254	25301a8a4bf5380addd48306cc17fc86fa5cba42ba90a4a8e7b52a3e35796a4e
game/citadel/panorama/styles/popups/citadel_popup_global_leaderboard.vcss_c	9702	citadel-runtime-and-assets	same-name-current-deadlock-vpk-member-listed	game/citadel/pak01_dir.vpk!panorama/styles/popups/citadel_popup_global_leaderboard.vcss_c	1422456/9192361732058507254	76f0fc482d3eb736296a44d28ca4d6b9e0627b752093e9a2d11e21a44b338cfe
game/citadel/panorama/styles/popups/citadel_popup_hero_debut.vcss_c	44900	citadel-runtime-and-assets	same-name-current-deadlock-vpk-member-listed	game/citadel/pak01_dir.vpk!panorama/styles/popups/citadel_popup_hero_debut.vcss_c	1422456/9192361732058507254	8e9af517cf41c403602e1ec5131947cdf93efede38795970f478ddb57e1f9f87
game/citadel/panorama/styles/popups/citadel_popup_hero_picker.vcss_c	1010	citadel-runtime-and-assets	no-current-path-match-in-checked-sources			9f865012db1aa3fdf191ea3555a2c40bec16d58c067eb7385724bd6ad385c889
game/citadel/panorama/styles/popups/citadel_popup_player_feedback.vcss_c	5333	citadel-runtime-and-assets	same-name-current-deadlock-vpk-member-listed	game/citadel/pak01_dir.vpk!panorama/styles/popups/citadel_popup_player_feedback.vcss_c	1422456/9192361732058507254	bf11d7de71c97cf8a8fd8bf9e2e5b1581a2aa6a480d7e4edea8b342a7502a67f
game/citadel/panorama/styles/popups/citadel_popup_private_bots.vcss_c	5299	citadel-runtime-and-assets	same-name-current-deadlock-vpk-member-listed	game/citadel/pak01_dir.vpk!panorama/styles/popups/citadel_popup_private_bots.vcss_c	1422456/9192361732058507254	ee5e055ff5cc720f3c041f2d140f405e7ba12b9cc46f4892b41e7b3b9bfaff95
game/citadel/panorama/styles/popups/citadel_popup_ranked_info.vcss_c	6845	citadel-runtime-and-assets	no-current-path-match-in-checked-sources			d9eefa627f16a4fdda25e5fdfbba09c7a72bb8a565d9464e2d865bc641f2c24a
game/citadel/panorama/styles/popups/citadel_popup_roster_select.vcss_c	60750	citadel-runtime-and-assets	same-name-current-deadlock-vpk-member-listed	game/citadel/pak01_dir.vpk!panorama/styles/popups/citadel_popup_roster_select.vcss_c	1422456/9192361732058507254	a8bfc3d35c9171e31e2a5e83a261a5e1e7d483b96c812523aa65cc516ddbab91
game/citadel/panorama/styles/popups/citadel_popup_weekly_ranked_summary.vcss_c	4392	citadel-runtime-and-assets	no-current-path-match-in-checked-sources			c65e23f798833f9ddbbab1db32d4f798b87dcf3b8bdf122cf4c9537429b62e4f
game/citadel/panorama/styles/popups/popups_shared.vcss_c	5062	citadel-runtime-and-assets	same-name-current-deadlock-vpk-member-listed	game/citadel/pak01_dir.vpk!panorama/styles/popups/popups_shared.vcss_c	1422456/9192361732058507254	663ab1dde05ca4ba9e6490a4e208949edd37ca5cf94f4ec668cc585d0641046b
game/citadel/panorama/styles/popups/popup_generic.vcss_c	4444	citadel-runtime-and-assets	same-name-current-deadlock-vpk-member-listed	game/citadel/pak01_dir.vpk!panorama/styles/popups/popup_generic.vcss_c	1422456/9192361732058507254	eced6d634b85119311a26c3a4a3db4d167cfae101b328d7d3f1b696b72638aaf
game/citadel/panorama/styles/popups/popup_join_or_create_party.vcss_c	2156	citadel-runtime-and-assets	same-name-current-deadlock-vpk-member-listed	game/citadel/pak01_dir.vpk!panorama/styles/popups/popup_join_or_create_party.vcss_c	1422456/9192361732058507254	f868c27ddd2cbfa5defa94afb8375f034efef06938674cffabb1a5563b9da5b0
game/citadel/panorama/styles/popups/popup_playtest_user.vcss_c	5458	citadel-runtime-and-assets	same-name-current-deadlock-vpk-member-listed	game/citadel/pak01_dir.vpk!panorama/styles/popups/popup_playtest_user.vcss_c	1422456/9192361732058507254	8c484e0a3502fdcc3f9b60d36afe3f317ab4cdf23e9adbb5b60670e0c62bc430
game/citadel/panorama/styles/popups/popup_sell_max_items.vcss_c	8128	citadel-runtime-and-assets	same-name-current-deadlock-vpk-member-listed	game/citadel/pak01_dir.vpk!panorama/styles/popups/popup_sell_max_items.vcss_c	1422456/9192361732058507254	71262b3f4928c9db85b1babb90903f41ec1d4f92ccd8f518d46c2d9bb0de5156
game/citadel/panorama/styles/popups/popup_settings.vcss_c	100141	citadel-runtime-and-assets	same-name-current-deadlock-vpk-member-listed	game/citadel/pak01_dir.vpk!panorama/styles/popups/popup_settings.vcss_c	1422456/9192361732058507254	c5028de1852e7bddb08e14c220fb6060a9c2a07a6d91eebadb03ea8d03e11fde
game/citadel/panorama/styles/popups/popup_settings_old.vcss_c	100139	citadel-runtime-and-assets	no-current-path-match-in-checked-sources			cd9a32f2c302272eb1af79eb42f02b09e48b2a3c284b601c9963504e51ace60e
game/citadel/panorama/styles/popups/settings_enum.vcss_c	2332	citadel-runtime-and-assets	same-name-current-deadlock-vpk-member-listed	game/citadel/pak01_dir.vpk!panorama/styles/popups/settings_enum.vcss_c	1422456/9192361732058507254	b1e3a67b48a4847a5716e79b0ffde6e1adc03d8f11ddddc1b1251e2e0da19196
game/citadel/panorama/styles/popups/settings_slider.vcss_c	1880	citadel-runtime-and-assets	same-name-current-deadlock-vpk-member-listed	game/citadel/pak01_dir.vpk!panorama/styles/popups/settings_slider.vcss_c	1422456/9192361732058507254	87547ba30d07582ad2b3eee0cacf00d54c34e879ff35210bea9c7f0347cc5dab
game/citadel/panorama/styles/post_game/citadel_db_page_post_game.vcss_c	4830	citadel-runtime-and-assets	no-current-path-match-in-checked-sources			74e4ea0a8afcca22072cfabc959e820936093db60ca672e207c4a7088e8bbdbc
game/citadel/panorama/styles/post_game/citadel_db_post_game_progress.vcss_c	15795	citadel-runtime-and-assets	no-current-path-match-in-checked-sources			42b2c9e2d04e2feb792edeaed365e951b1c3d4aad5adbe713b7579f817044f36
game/citadel/panorama/styles/profile_card.vcss_c	23380	citadel-runtime-and-assets	same-name-current-deadlock-vpk-member-listed	game/citadel/pak01_dir.vpk!panorama/styles/profile_card.vcss_c	1422456/9192361732058507254	89329d1461d8a37ade08a325876198b41e45ab754a280afad0dbd519de9d290d
game/citadel/panorama/styles/settings_keybinder.vcss_c	17408	citadel-runtime-and-assets	same-name-current-deadlock-vpk-member-listed	game/citadel/pak01_dir.vpk!panorama/styles/settings_keybinder.vcss_c	1422456/9192361732058507254	57ad80765971927406f28017984ebe7cbbf7d0623e0aa06da162ce74277ab2c4
game/citadel/panorama/styles/team_chat_status.vcss_c	7467	citadel-runtime-and-assets	same-name-current-deadlock-vpk-member-listed	game/citadel/pak01_dir.vpk!panorama/styles/team_chat_status.vcss_c	1422456/9192361732058507254	47cb7c4eb9d95224ddd8b9d005f97804520d660a5b6a12b6e634c52dcfdf2469
game/citadel/panorama/styles/tooltips/citadel_tooltip_ability_details.vcss_c	4901	citadel-runtime-and-assets	same-name-current-deadlock-vpk-member-listed	game/citadel/pak01_dir.vpk!panorama/styles/tooltips/citadel_tooltip_ability_details.vcss_c	1422456/9192361732058507254	edbc356845217edf2df3d6a40a24a32b80afd4382290c10d4a7045444438af1b
game/citadel/panorama/styles/tooltips/citadel_tooltip_ability_upgrade_button.vcss_c	8106	citadel-runtime-and-assets	same-name-current-deadlock-vpk-member-listed	game/citadel/pak01_dir.vpk!panorama/styles/tooltips/citadel_tooltip_ability_upgrade_button.vcss_c	1422456/9192361732058507254	1d5235be5942f9224e32ec140b03fc1fcbfe8a07fe58f3585a35c381c7b3d518
game/citadel/panorama/styles/tooltips/citadel_tooltip_graph_playernetworth.vcss_c	4052	citadel-runtime-and-assets	same-name-current-deadlock-vpk-member-listed	game/citadel/pak01_dir.vpk!panorama/styles/tooltips/citadel_tooltip_graph_playernetworth.vcss_c	1422456/9192361732058507254	6febffe1f0ad22220303c8783f754adc1714da9645be95099750a74650bccd3b
game/citadel/panorama/styles/tooltips/citadel_tooltip_mod_details.vcss_c	47622	citadel-runtime-and-assets	same-name-current-deadlock-vpk-member-listed	game/citadel/pak01_dir.vpk!panorama/styles/tooltips/citadel_tooltip_mod_details.vcss_c	1422456/9192361732058507254	5eb3d2ae01b14a3fa9213d61f058c566b1ea88f48ffe82feafcf3b0d7f55fd6b
game/citadel/panorama/styles/tooltips/citadel_tooltip_mod_hover.vcss_c	7948	citadel-runtime-and-assets	same-name-current-deadlock-vpk-member-listed	game/citadel/pak01_dir.vpk!panorama/styles/tooltips/citadel_tooltip_mod_hover.vcss_c	1422456/9192361732058507254	f15e505cdf20a4abdedea734fccb7906f9843be3ce63b52129d7aa22a878f2f0
game/citadel/panorama/styles/tooltips/citadel_tooltip_party_code.vcss_c	2907	citadel-runtime-and-assets	same-name-current-deadlock-vpk-member-listed	game/citadel/pak01_dir.vpk!panorama/styles/tooltips/citadel_tooltip_party_code.vcss_c	1422456/9192361732058507254	b22b62f00b8b6187ace9c19bd8dd8b74062616a38cee4f40f1c90d30cf442d98
game/citadel/panorama/styles/tooltips/citadel_tooltip_roster_select_hero.vcss_c	2165	citadel-runtime-and-assets	same-name-current-deadlock-vpk-member-listed	game/citadel/pak01_dir.vpk!panorama/styles/tooltips/citadel_tooltip_roster_select_hero.vcss_c	1422456/9192361732058507254	2503807ed8555b06647c082be7388c7bdfc057b2713b6f7a09818aea176d0890
game/citadel/panorama/styles/tooltips/citadel_tooltip_roster_select_hero_hover.vcss_c	18527	citadel-runtime-and-assets	same-name-current-deadlock-vpk-member-listed	game/citadel/pak01_dir.vpk!panorama/styles/tooltips/citadel_tooltip_roster_select_hero_hover.vcss_c	1422456/9192361732058507254	495bcca947ed13b2d69a30ab27e8498cd861dd7fdcc48eb2b6a3a36ab49566f5
game/citadel/panorama/styles/tooltips/citadel_tooltip_stats_panel.vcss_c	1291	citadel-runtime-and-assets	same-name-current-deadlock-vpk-member-listed	game/citadel/pak01_dir.vpk!panorama/styles/tooltips/citadel_tooltip_stats_panel.vcss_c	1422456/9192361732058507254	5236d0aa7cdd036c928afea886321e4b67cb5ccae23e7c50fd32e77b65476627
game/citadel/panorama/styles/tooltips/tooltip_base.vcss_c	7617	citadel-runtime-and-assets	same-name-current-deadlock-vpk-member-listed	game/citadel/pak01_dir.vpk!panorama/styles/tooltips/tooltip_base.vcss_c	1422456/9192361732058507254	5efdbbb50e182c7370f7c765fa5b52d2d7ab8c2b3c367059c6a8d6c4f59cd6f5
game/citadel/panorama/styles/tooltips/tooltip_text.vcss_c	2885	citadel-runtime-and-assets	same-name-current-deadlock-vpk-member-listed	game/citadel/pak01_dir.vpk!panorama/styles/tooltips/tooltip_text.vcss_c	1422456/9192361732058507254	85ab5934cb1e59fe2f69af3f61fccb3f8c88197f275ddff2fcc30c4cac922386
game/citadel/panorama/styles/unit_status.vcss_c	30163	citadel-runtime-and-assets	same-name-current-deadlock-vpk-member-listed	game/citadel/pak01_dir.vpk!panorama/styles/unit_status.vcss_c	1422456/9192361732058507254	a96e768e4a1bb20e4ae98425e666a7807fd4220c948ba34906464701adfdfe07
game/citadel/panorama/styles/unit_status_icons.vcss_c	52644	citadel-runtime-and-assets	same-name-current-deadlock-vpk-member-listed	game/citadel/pak01_dir.vpk!panorama/styles/unit_status_icons.vcss_c	1422456/9192361732058507254	cfff1edcded2ea384a7ed9cd935e0bbe511f2f011d8ea5083970525a99993a5f
game/citadel/panorama/styles/upgrade_shop_ability_button.vcss_c	19470	citadel-runtime-and-assets	no-current-path-match-in-checked-sources			4ebd5977a52bc7944cfa21b59a8cba2c519709da024253649adacc57fdec1203
game/citadel/particles/test_particle.vpcf_c	1086	citadel-runtime-and-assets	no-current-path-match-in-checked-sources			5c5e1c89c4dcde2a11f96f16794c3deb05e29b38b14dedb779d757a130d7aaa3
game/citadel/particles/ui/ui_range_finder_aoe.vpcf_c	1735	citadel-runtime-and-assets	same-name-current-deadlock-vpk-member-listed	game/citadel/pak01_dir.vpk!particles/ui/ui_range_finder_aoe.vpcf_c	1422456/9192361732058507254	c305fcfc7a64a1ceeeef2467e92d0e39ade090a922dcf5bb3a6ffc0897de0780
game/citadel/particles/ui/ui_range_finder_aoe_projected.vpcf_c	2923	citadel-runtime-and-assets	same-name-current-deadlock-vpk-member-listed	game/citadel/pak01_dir.vpk!particles/ui/ui_range_finder_aoe_projected.vpcf_c	1422456/9192361732058507254	77da50f84bd363597699269007ff62b08d7021026df1162f224cce2db6c70f6b
game/citadel/pulse/maps/dev/bobb/bobb_test.vpulse_c	3191	citadel-runtime-and-assets	same-name-current-deadlock-vpk-member-listed	game/citadel/pak01_dir.vpk!pulse/maps/dev/bobb/bobb_test.vpulse_c	1422456/9192361732058507254	6eb94ddf058ab6c7b4b469e8326b531138f5e29cd0fc427f43155f59dbbfaee8
game/citadel/pulse/maps/dl_hideout.vpulse_c	14449	citadel-runtime-and-assets	same-name-current-deadlock-vpk-member-listed	game/citadel/pak01_dir.vpk!pulse/maps/dl_hideout.vpulse_c	1422456/9192361732058507254	67b5cb21c0dff7a529b238e255f28abd95cd3190531d90198d2919dab668cbad
game/citadel/pulse/maps/hideout_sandbox.vpulse_c	4597	citadel-runtime-and-assets	same-name-current-deadlock-vpk-member-listed	game/citadel/pak01_dir.vpk!pulse/maps/hideout_sandbox.vpulse_c	1422456/9192361732058507254	a14f5362dbe68b996f6adce933cdd25e416ec04c3de4fed2ef480210d24cc689
game/citadel/resource/game-icon.bmp	262198	citadel-runtime-and-assets	same-name-current-loose-file-listed	game/citadel/resource/game-icon.bmp	1422451/886051970741897775	0b1a421e9e9f51f79bbb90661e6f282ac1aed4d4dcc67165b5654271556d00e8
game/citadel/resource/game.gameevents	13857	citadel-runtime-and-assets	same-name-current-deadlock-vpk-member-listed	game/citadel/pak01_dir.vpk!resource/game.gameevents	1422456/9192361732058507254	bdf13445d9ce0c78ebfaca2003758d6d57bdd29ea509454ba447a9303d7cc2ef
game/citadel/resource/game.ico	17376	citadel-runtime-and-assets	no-current-path-match-in-checked-sources			692ff969f04a86255e66ff249ae389cddf8b533311a652a57935cc2762976ae9
game/citadel/resource/localization/citadel_attributes/citadel_attributes_brazilian.txt	102353	citadel-runtime-and-assets	same-name-current-loose-file-listed	game/citadel/resource/localization/citadel_attributes/citadel_attributes_brazilian.txt	1422456/9192361732058507254	d9c287032e887cb10cb03562a86c8138a6ffa3b9dfa6f3e9a55795033b1f6699
game/citadel/resource/localization/citadel_attributes/citadel_attributes_czech.txt	104697	citadel-runtime-and-assets	same-name-current-loose-file-listed	game/citadel/resource/localization/citadel_attributes/citadel_attributes_czech.txt	1422456/9192361732058507254	f131eed12b0d3476ea60af665a3e3c9364e2aec1c353cf3fc1cb584e09568c01
game/citadel/resource/localization/citadel_attributes/citadel_attributes_english.txt	98975	citadel-runtime-and-assets	same-name-current-loose-file-listed	game/citadel/resource/localization/citadel_attributes/citadel_attributes_english.txt	1422456/9192361732058507254	149a57dbf82628351589a0b24bba4b2cc155d87c358f2f13392eda00947022e5
game/citadel/resource/localization/citadel_attributes/citadel_attributes_french.txt	104279	citadel-runtime-and-assets	same-name-current-loose-file-listed	game/citadel/resource/localization/citadel_attributes/citadel_attributes_french.txt	1422456/9192361732058507254	12bc2a482203f38b8d084406ffe70c2949c6b63531cbb6b27c274dc3f8bfe951
game/citadel/resource/localization/citadel_attributes/citadel_attributes_german.txt	102184	citadel-runtime-and-assets	same-name-current-loose-file-listed	game/citadel/resource/localization/citadel_attributes/citadel_attributes_german.txt	1422456/9192361732058507254	7314cd04b29637804ce8767c2ade2da213dd339019a658002b228be01d59de7b
game/citadel/resource/localization/citadel_attributes/citadel_attributes_indonesian.txt	100739	citadel-runtime-and-assets	same-name-current-loose-file-listed	game/citadel/resource/localization/citadel_attributes/citadel_attributes_indonesian.txt	1422456/9192361732058507254	4199a4141b006f7f76aae2ac4b30cb05fe88293025d02eb1f2daf1fba43c225e
game/citadel/resource/localization/citadel_attributes/citadel_attributes_italian.txt	104190	citadel-runtime-and-assets	same-name-current-loose-file-listed	game/citadel/resource/localization/citadel_attributes/citadel_attributes_italian.txt	1422456/9192361732058507254	0df8a3b251ca972fe4d31e2d8e1e4c53ce21ae1aaede292ff8faee74128782df
game/citadel/resource/localization/citadel_attributes/citadel_attributes_japanese.txt	103289	citadel-runtime-and-assets	same-name-current-loose-file-listed	game/citadel/resource/localization/citadel_attributes/citadel_attributes_japanese.txt	1422456/9192361732058507254	5dcd683985b91cb5ac6d7b120254476eafaed4cadc0d9a030e5b43da026f5594
game/citadel/resource/localization/citadel_attributes/citadel_attributes_koreana.txt	100171	citadel-runtime-and-assets	same-name-current-loose-file-listed	game/citadel/resource/localization/citadel_attributes/citadel_attributes_koreana.txt	1422456/9192361732058507254	56b3ddab51fa600ee5b812e683b4ab6367d06d161bdf6e5964bbde9051bc232c
game/citadel/resource/localization/citadel_attributes/citadel_attributes_latam.txt	105489	citadel-runtime-and-assets	same-name-current-loose-file-listed	game/citadel/resource/localization/citadel_attributes/citadel_attributes_latam.txt	1422456/9192361732058507254	0eb40ed4c31ed26155f19e499a39e0fe29996e4c1567bbe0b192e214eca750cb
game/citadel/resource/localization/citadel_attributes/citadel_attributes_polish.txt	105552	citadel-runtime-and-assets	same-name-current-loose-file-listed	game/citadel/resource/localization/citadel_attributes/citadel_attributes_polish.txt	1422456/9192361732058507254	5b3f75d6c44403f93aa3c542840434f76fd2848abb3d1d3bf3f0042f47d41794
game/citadel/resource/localization/citadel_attributes/citadel_attributes_russian.txt	119685	citadel-runtime-and-assets	same-name-current-loose-file-listed	game/citadel/resource/localization/citadel_attributes/citadel_attributes_russian.txt	1422456/9192361732058507254	ad93f04fc8d457ce09abf26cce24445ff32e008ed0681cb59b351e0884e6654f
game/citadel/resource/localization/citadel_attributes/citadel_attributes_schinese.txt	98892	citadel-runtime-and-assets	same-name-current-loose-file-listed	game/citadel/resource/localization/citadel_attributes/citadel_attributes_schinese.txt	1422456/9192361732058507254	63db2cd927607b5264d613aef6a7be4da22e438fecb85a725806d20b78868a86
game/citadel/resource/localization/citadel_attributes/citadel_attributes_spanish.txt	105639	citadel-runtime-and-assets	same-name-current-loose-file-listed	game/citadel/resource/localization/citadel_attributes/citadel_attributes_spanish.txt	1422456/9192361732058507254	9e3cb58f9e3e852dcbb1cc2e2a5305ec20299b74e037ce579ed317c7fde30f13
game/citadel/resource/localization/citadel_attributes/citadel_attributes_thai.txt	129847	citadel-runtime-and-assets	same-name-current-loose-file-listed	game/citadel/resource/localization/citadel_attributes/citadel_attributes_thai.txt	1422456/9192361732058507254	de339b2a395651ffef7217a7e9137515e95b5c733ae8bc05602e0f11f7c6aecb
game/citadel/resource/localization/citadel_attributes/citadel_attributes_turkish.txt	102237	citadel-runtime-and-assets	same-name-current-loose-file-listed	game/citadel/resource/localization/citadel_attributes/citadel_attributes_turkish.txt	1422456/9192361732058507254	1a4f4e32c67d2e8a21a9e170061e6b22e532a30598cdace564aa6b2180fbcd7b
game/citadel/resource/localization/citadel_attributes/citadel_attributes_ukrainian.txt	114766	citadel-runtime-and-assets	same-name-current-loose-file-listed	game/citadel/resource/localization/citadel_attributes/citadel_attributes_ukrainian.txt	1422456/9192361732058507254	a27f5efe97603009edc5771ac788e41445a84b52dad6edd755ee9266f3ff0286
game/citadel/resource/localization/citadel_dev/citadel_dev_english.txt	1865	citadel-runtime-and-assets	no-current-path-match-in-checked-sources			a53c99d65a154475fc6ed314be6163a553e472f6fd27adf3530deaf28366c3b4
game/citadel/resource/localization/citadel_gc/citadel_gc_brazilian.txt	16865	citadel-runtime-and-assets	same-name-current-loose-file-listed	game/citadel/resource/localization/citadel_gc/citadel_gc_brazilian.txt	1422456/9192361732058507254	6dad839a891c115f8415c19e49a24d9a3377b5513ce42ff8793143a02059e8b5
game/citadel/resource/localization/citadel_gc/citadel_gc_czech.txt	19001	citadel-runtime-and-assets	same-name-current-loose-file-listed	game/citadel/resource/localization/citadel_gc/citadel_gc_czech.txt	1422456/9192361732058507254	5ca3a715f96c82e015c7a1cf28312d8fd1ef186ae7819ce3ee69653392fb96da
game/citadel/resource/localization/citadel_gc/citadel_gc_english.txt	17802	citadel-runtime-and-assets	same-name-current-loose-file-listed	game/citadel/resource/localization/citadel_gc/citadel_gc_english.txt	1422456/9192361732058507254	5d952b085162585fe2e2ce9175276f3f08e68d7c2812812ed531ab95cc8f065a
game/citadel/resource/localization/citadel_gc/citadel_gc_french.txt	19221	citadel-runtime-and-assets	same-name-current-loose-file-listed	game/citadel/resource/localization/citadel_gc/citadel_gc_french.txt	1422456/9192361732058507254	61c51750b5cce209e4f776e0e988c65ce6c68b3129238b8b1ad86cacbc0b0b80
game/citadel/resource/localization/citadel_gc/citadel_gc_german.txt	18526	citadel-runtime-and-assets	same-name-current-loose-file-listed	game/citadel/resource/localization/citadel_gc/citadel_gc_german.txt	1422456/9192361732058507254	2ac7efefca9a78eff804e0c3a5e0cb44a13f26ca3378f26e89a7443323e4608f
game/citadel/resource/localization/citadel_gc/citadel_gc_indonesian.txt	18286	citadel-runtime-and-assets	same-name-current-loose-file-listed	game/citadel/resource/localization/citadel_gc/citadel_gc_indonesian.txt	1422456/9192361732058507254	ca69f09333f4cdb983917fc7863b2d78fc6279ee1b2430c362f3a358a1c6f667
game/citadel/resource/localization/citadel_gc/citadel_gc_italian.txt	18836	citadel-runtime-and-assets	same-name-current-loose-file-listed	game/citadel/resource/localization/citadel_gc/citadel_gc_italian.txt	1422456/9192361732058507254	0f55a2cceec0326df32d9b77ea1bb151aaf917e5bdc10f5260251bcc69aa3d02
game/citadel/resource/localization/citadel_gc/citadel_gc_japanese.txt	21841	citadel-runtime-and-assets	same-name-current-loose-file-listed	game/citadel/resource/localization/citadel_gc/citadel_gc_japanese.txt	1422456/9192361732058507254	bc17c28641135185145d7b8d19f9f9b929c5f4c606aab8dfab11b6c98b4addc7
game/citadel/resource/localization/citadel_gc/citadel_gc_koreana.txt	18945	citadel-runtime-and-assets	same-name-current-loose-file-listed	game/citadel/resource/localization/citadel_gc/citadel_gc_koreana.txt	1422456/9192361732058507254	fe549c0b3f52422154081b7cae58f9ee7fd1edc71e2c6a6dfeba2150c77c18ef
game/citadel/resource/localization/citadel_gc/citadel_gc_latam.txt	18794	citadel-runtime-and-assets	same-name-current-loose-file-listed	game/citadel/resource/localization/citadel_gc/citadel_gc_latam.txt	1422456/9192361732058507254	3a5c166847910449402ef68ddbe90d6909f89db1a71cfcc87e505e1eb553fb3e
game/citadel/resource/localization/citadel_gc/citadel_gc_polish.txt	18719	citadel-runtime-and-assets	same-name-current-loose-file-listed	game/citadel/resource/localization/citadel_gc/citadel_gc_polish.txt	1422456/9192361732058507254	6f0429ee602f74881f0d51f2508a9c1a6cda7b9cf28db3ffaf0afc550927bdaa
game/citadel/resource/localization/citadel_gc/citadel_gc_russian.txt	22100	citadel-runtime-and-assets	same-name-current-loose-file-listed	game/citadel/resource/localization/citadel_gc/citadel_gc_russian.txt	1422456/9192361732058507254	831051a7cd825e4ff9fde0a7ae711ba9e5ee599018c1cf74ba94307b2649b35b
game/citadel/resource/localization/citadel_gc/citadel_gc_schinese.txt	17556	citadel-runtime-and-assets	same-name-current-loose-file-listed	game/citadel/resource/localization/citadel_gc/citadel_gc_schinese.txt	1422456/9192361732058507254	75c3075aafeb602b9074feb0d5d6da8a12b578526f34392887b232bdad525f85
game/citadel/resource/localization/citadel_gc/citadel_gc_spanish.txt	18711	citadel-runtime-and-assets	same-name-current-loose-file-listed	game/citadel/resource/localization/citadel_gc/citadel_gc_spanish.txt	1422456/9192361732058507254	7015520539fbfa1949ac126328147f8bf517a63a0b876aa61bb6b5c7d9203b0c
game/citadel/resource/localization/citadel_gc/citadel_gc_thai.txt	25561	citadel-runtime-and-assets	same-name-current-loose-file-listed	game/citadel/resource/localization/citadel_gc/citadel_gc_thai.txt	1422456/9192361732058507254	951f73e107babf0730abcaa5d3da3f00fa00b9af0c4f360e0cf1452914529ba8
game/citadel/resource/localization/citadel_gc/citadel_gc_turkish.txt	18924	citadel-runtime-and-assets	same-name-current-loose-file-listed	game/citadel/resource/localization/citadel_gc/citadel_gc_turkish.txt	1422456/9192361732058507254	ff1bf12e347d44bca84f852d2e2f435e5565b14d5ff32e8d063c2c46124f5262
game/citadel/resource/localization/citadel_gc/citadel_gc_ukrainian.txt	22346	citadel-runtime-and-assets	same-name-current-loose-file-listed	game/citadel/resource/localization/citadel_gc/citadel_gc_ukrainian.txt	1422456/9192361732058507254	85402e8070bc0dd2244c36edc15e8793561f0ab39f431afeab8925feec83e5b4
game/citadel/resource/localization/citadel_gc_hero_names/citadel_gc_hero_names_brazilian.txt	1647	citadel-runtime-and-assets	same-name-current-loose-file-listed	game/citadel/resource/localization/citadel_gc_hero_names/citadel_gc_hero_names_brazilian.txt	1422456/9192361732058507254	f018de9a1dc2dad9a35e8950399035f76056b005b5f6859df6e173819f6835bb
game/citadel/resource/localization/citadel_gc_hero_names/citadel_gc_hero_names_czech.txt	3209	citadel-runtime-and-assets	same-name-current-loose-file-listed	game/citadel/resource/localization/citadel_gc_hero_names/citadel_gc_hero_names_czech.txt	1422456/9192361732058507254	e805edb4b4ae77db83b5bc1a837a9664fcce9b2032b6fdb4e77495f1a5b7bfbc
game/citadel/resource/localization/citadel_gc_hero_names/citadel_gc_hero_names_english.txt	2730	citadel-runtime-and-assets	same-name-current-loose-file-listed	game/citadel/resource/localization/citadel_gc_hero_names/citadel_gc_hero_names_english.txt	1422456/9192361732058507254	54ddee3dc283898cf3c398192c040fac6aa36cce376a3c5c065980d84f76250d
game/citadel/resource/localization/citadel_gc_hero_names/citadel_gc_hero_names_french.txt	3170	citadel-runtime-and-assets	same-name-current-loose-file-listed	game/citadel/resource/localization/citadel_gc_hero_names/citadel_gc_hero_names_french.txt	1422456/9192361732058507254	3a5ecf70e269baac2b4b1f8b7e616b8f26f5edb77a826ef26ca7ae29d7243d57
game/citadel/resource/localization/citadel_gc_hero_names/citadel_gc_hero_names_german.txt	3139	citadel-runtime-and-assets	same-name-current-loose-file-listed	game/citadel/resource/localization/citadel_gc_hero_names/citadel_gc_hero_names_german.txt	1422456/9192361732058507254	ff6dbfa797de78407a90596f3b9a927b26bef46bf8dcb2da47b043262263fa1f
game/citadel/resource/localization/citadel_gc_hero_names/citadel_gc_hero_names_indonesian.txt	2726	citadel-runtime-and-assets	same-name-current-loose-file-listed	game/citadel/resource/localization/citadel_gc_hero_names/citadel_gc_hero_names_indonesian.txt	1422456/9192361732058507254	1db65851ba448bbbfffd4f36e9c0a4cc47f49fb71e1df8487ded080d4f484cb5
game/citadel/resource/localization/citadel_gc_hero_names/citadel_gc_hero_names_italian.txt	3168	citadel-runtime-and-assets	same-name-current-loose-file-listed	game/citadel/resource/localization/citadel_gc_hero_names/citadel_gc_hero_names_italian.txt	1422456/9192361732058507254	3de65cbc23c0d4016a1d6eb319b6ec12f7a6d50ceb21c2e1dda7de293f0ad8bf
game/citadel/resource/localization/citadel_gc_hero_names/citadel_gc_hero_names_japanese.txt	3373	citadel-runtime-and-assets	same-name-current-loose-file-listed	game/citadel/resource/localization/citadel_gc_hero_names/citadel_gc_hero_names_japanese.txt	1422456/9192361732058507254	b8a5931b106e4de38f20c897af8153618293eaecd78f761c6bff25387c0cd3e3
game/citadel/resource/localization/citadel_gc_hero_names/citadel_gc_hero_names_koreana.txt	2990	citadel-runtime-and-assets	same-name-current-loose-file-listed	game/citadel/resource/localization/citadel_gc_hero_names/citadel_gc_hero_names_koreana.txt	1422456/9192361732058507254	609ca1c2206858bb21d0706328a3480c33fbd542c88011539a3af80bfa90fb86
game/citadel/resource/localization/citadel_gc_hero_names/citadel_gc_hero_names_latam.txt	3251	citadel-runtime-and-assets	same-name-current-loose-file-listed	game/citadel/resource/localization/citadel_gc_hero_names/citadel_gc_hero_names_latam.txt	1422456/9192361732058507254	4ccd4b4fac74c0693d0a163830c6fa4200ef59bcb2f935da9385ef7b09a556ef
game/citadel/resource/localization/citadel_gc_hero_names/citadel_gc_hero_names_polish.txt	3218	citadel-runtime-and-assets	same-name-current-loose-file-listed	game/citadel/resource/localization/citadel_gc_hero_names/citadel_gc_hero_names_polish.txt	1422456/9192361732058507254	8f1060e2451e4a0baf4f70a02db248c55956a72d8d81c224c3d5b58803edd1db
game/citadel/resource/localization/citadel_gc_hero_names/citadel_gc_hero_names_russian.txt	3409	citadel-runtime-and-assets	same-name-current-loose-file-listed	game/citadel/resource/localization/citadel_gc_hero_names/citadel_gc_hero_names_russian.txt	1422456/9192361732058507254	312948e39f988b68773d690421b7bf123072bc69ef83369dc1f9332f4d712b17
game/citadel/resource/localization/citadel_gc_hero_names/citadel_gc_hero_names_schinese.txt	2772	citadel-runtime-and-assets	same-name-current-loose-file-listed	game/citadel/resource/localization/citadel_gc_hero_names/citadel_gc_hero_names_schinese.txt	1422456/9192361732058507254	4e1cd8ef14496c0d8faeadb9263ebae46a5066456d4d18ae9c60be6894cd810e
game/citadel/resource/localization/citadel_gc_hero_names/citadel_gc_hero_names_spanish.txt	1537	citadel-runtime-and-assets	same-name-current-loose-file-listed	game/citadel/resource/localization/citadel_gc_hero_names/citadel_gc_hero_names_spanish.txt	1422456/9192361732058507254	5301f8a6945152f46ce44472768b4156833bd84526456273177a9535c9f8125a
game/citadel/resource/localization/citadel_gc_hero_names/citadel_gc_hero_names_thai.txt	4011	citadel-runtime-and-assets	same-name-current-loose-file-listed	game/citadel/resource/localization/citadel_gc_hero_names/citadel_gc_hero_names_thai.txt	1422456/9192361732058507254	1b65aa462beb8de9cab2fb0b0898c9bca14832eec9f930d4192117476a6dbf63
game/citadel/resource/localization/citadel_gc_hero_names/citadel_gc_hero_names_turkish.txt	2778	citadel-runtime-and-assets	same-name-current-loose-file-listed	game/citadel/resource/localization/citadel_gc_hero_names/citadel_gc_hero_names_turkish.txt	1422456/9192361732058507254	cd9881561597b840ed882d844423cc4f622321d7f379154af8e1a2b6bab900c4
game/citadel/resource/localization/citadel_gc_hero_names/citadel_gc_hero_names_ukrainian.txt	3705	citadel-runtime-and-assets	same-name-current-loose-file-listed	game/citadel/resource/localization/citadel_gc_hero_names/citadel_gc_hero_names_ukrainian.txt	1422456/9192361732058507254	7e8ade80a02460b0601be00c13b3a04b058891a0291eec9b011e6f94320b9a7e
game/citadel/resource/localization/citadel_gc_mod_names/citadel_gc_mod_names_brazilian.txt	13326	citadel-runtime-and-assets	same-name-current-loose-file-listed	game/citadel/resource/localization/citadel_gc_mod_names/citadel_gc_mod_names_brazilian.txt	1422456/9192361732058507254	4f69db451a20ca3a02537791a6a333c5452f4bba4bf3a1fe0d1adc97f6ab1c7b
game/citadel/resource/localization/citadel_gc_mod_names/citadel_gc_mod_names_czech.txt	13655	citadel-runtime-and-assets	same-name-current-loose-file-listed	game/citadel/resource/localization/citadel_gc_mod_names/citadel_gc_mod_names_czech.txt	1422456/9192361732058507254	d9a42cc55742cdc1fad2e97073e40d8de2420134b71b2152ef055b0c0baa1096
game/citadel/resource/localization/citadel_gc_mod_names/citadel_gc_mod_names_english.txt	12788	citadel-runtime-and-assets	same-name-current-loose-file-listed	game/citadel/resource/localization/citadel_gc_mod_names/citadel_gc_mod_names_english.txt	1422456/9192361732058507254	823d0a48bca33df2026aab775ef9442e52f19f4cdff63c864a989779640da2e7
game/citadel/resource/localization/citadel_gc_mod_names/citadel_gc_mod_names_french.txt	13258	citadel-runtime-and-assets	same-name-current-loose-file-listed	game/citadel/resource/localization/citadel_gc_mod_names/citadel_gc_mod_names_french.txt	1422456/9192361732058507254	92590c0cdde87d8a48a61193b6e6af07649aee7edc499e7f3079ad003efc95d4
game/citadel/resource/localization/citadel_gc_mod_names/citadel_gc_mod_names_german.txt	13309	citadel-runtime-and-assets	same-name-current-loose-file-listed	game/citadel/resource/localization/citadel_gc_mod_names/citadel_gc_mod_names_german.txt	1422456/9192361732058507254	39155f1c1128c6cc7d7b3f0f7fc59010348f4e3d9c28395ec1185e0fdd6cc525
game/citadel/resource/localization/citadel_gc_mod_names/citadel_gc_mod_names_indonesian.txt	12976	citadel-runtime-and-assets	same-name-current-loose-file-listed	game/citadel/resource/localization/citadel_gc_mod_names/citadel_gc_mod_names_indonesian.txt	1422456/9192361732058507254	27c5847685993bdee668c72eae69afd3d17e52be3f44a42fd7b9fbc3b5517a08
game/citadel/resource/localization/citadel_gc_mod_names/citadel_gc_mod_names_italian.txt	13458	citadel-runtime-and-assets	same-name-current-loose-file-listed	game/citadel/resource/localization/citadel_gc_mod_names/citadel_gc_mod_names_italian.txt	1422456/9192361732058507254	c55577bd629bd62c9cd7e286be7bda44bb4cc5d030702b423a3c329f69fa176b
game/citadel/resource/localization/citadel_gc_mod_names/citadel_gc_mod_names_japanese.txt	14868	citadel-runtime-and-assets	same-name-current-loose-file-listed	game/citadel/resource/localization/citadel_gc_mod_names/citadel_gc_mod_names_japanese.txt	1422456/9192361732058507254	8ae55ae4b181c7ca2cee31edad8989145e2d097319e77fbab5a478edc96f7b38
game/citadel/resource/localization/citadel_gc_mod_names/citadel_gc_mod_names_koreana.txt	12876	citadel-runtime-and-assets	same-name-current-loose-file-listed	game/citadel/resource/localization/citadel_gc_mod_names/citadel_gc_mod_names_koreana.txt	1422456/9192361732058507254	c2b972691123b519e68eee63f6a9fb550dc25a12462f009b592d541a50bb8d26
game/citadel/resource/localization/citadel_gc_mod_names/citadel_gc_mod_names_latam.txt	13472	citadel-runtime-and-assets	same-name-current-loose-file-listed	game/citadel/resource/localization/citadel_gc_mod_names/citadel_gc_mod_names_latam.txt	1422456/9192361732058507254	942eac43f961b44f6695ee415d8394683e02efd837191815cb8d1721b829d2ce
game/citadel/resource/localization/citadel_gc_mod_names/citadel_gc_mod_names_polish.txt	13493	citadel-runtime-and-assets	same-name-current-loose-file-listed	game/citadel/resource/localization/citadel_gc_mod_names/citadel_gc_mod_names_polish.txt	1422456/9192361732058507254	9f1a72a38c8b765e768c4070bbb6440e5268d73b68f569e1719b70a4c64c4937
game/citadel/resource/localization/citadel_gc_mod_names/citadel_gc_mod_names_russian.txt	16004	citadel-runtime-and-assets	same-name-current-loose-file-listed	game/citadel/resource/localization/citadel_gc_mod_names/citadel_gc_mod_names_russian.txt	1422456/9192361732058507254	d4dc81129f68f5c01cb77d526a8280436129a0ab880d9d024e673f2a49b5be2c
game/citadel/resource/localization/citadel_gc_mod_names/citadel_gc_mod_names_schinese.txt	12523	citadel-runtime-and-assets	same-name-current-loose-file-listed	game/citadel/resource/localization/citadel_gc_mod_names/citadel_gc_mod_names_schinese.txt	1422456/9192361732058507254	3dc8dc27c78717ee74cf69c68496133223276b27a47531a3c0f29436becca1e9
game/citadel/resource/localization/citadel_gc_mod_names/citadel_gc_mod_names_spanish.txt	13427	citadel-runtime-and-assets	same-name-current-loose-file-listed	game/citadel/resource/localization/citadel_gc_mod_names/citadel_gc_mod_names_spanish.txt	1422456/9192361732058507254	49449af4bb20d500c14b8df699bc8e7172f26d3e8efd7cfe84cb5e22f6bedbff
game/citadel/resource/localization/citadel_gc_mod_names/citadel_gc_mod_names_thai.txt	18694	citadel-runtime-and-assets	same-name-current-loose-file-listed	game/citadel/resource/localization/citadel_gc_mod_names/citadel_gc_mod_names_thai.txt	1422456/9192361732058507254	4726c2b85aa846607dfd087415197dd5e661fa1cf5042ca4d4495c0dfb29b523
game/citadel/resource/localization/citadel_gc_mod_names/citadel_gc_mod_names_turkish.txt	13362	citadel-runtime-and-assets	same-name-current-loose-file-listed	game/citadel/resource/localization/citadel_gc_mod_names/citadel_gc_mod_names_turkish.txt	1422456/9192361732058507254	fd276e3e5dde349b591885a4a68f0b92918fae89dc81ad125a2f6907c899a3a3
game/citadel/resource/localization/citadel_gc_mod_names/citadel_gc_mod_names_ukrainian.txt	15313	citadel-runtime-and-assets	same-name-current-loose-file-listed	game/citadel/resource/localization/citadel_gc_mod_names/citadel_gc_mod_names_ukrainian.txt	1422456/9192361732058507254	e1c026f2e6c025b752ba9288b6d4f59a632d5bc8993d578a218ae6721a4732e3
game/citadel/resource/localization/citadel_generated_vo/citadel_generated_vo_english.txt	2458454	citadel-runtime-and-assets	same-name-current-loose-file-listed	game/citadel/resource/localization/citadel_generated_vo/citadel_generated_vo_english.txt	1422456/9192361732058507254	7cc2bad2be767eaea0c68aa5e84dde44ead0b906390fbe3efa8628aba4f9ee95
game/citadel/resource/localization/citadel_heroes/citadel_heroes_brazilian.txt	350590	citadel-runtime-and-assets	same-name-current-loose-file-listed	game/citadel/resource/localization/citadel_heroes/citadel_heroes_brazilian.txt	1422456/9192361732058507254	6bf507aaf70296dc8572f1b7aa8ad75701e333d3f3687e882344288f58ede8c6
game/citadel/resource/localization/citadel_heroes/citadel_heroes_czech.txt	374599	citadel-runtime-and-assets	same-name-current-loose-file-listed	game/citadel/resource/localization/citadel_heroes/citadel_heroes_czech.txt	1422456/9192361732058507254	8bb588d54a49098f6f19e17af953cbf18a60e87a4b154f36fa808148295b1308
game/citadel/resource/localization/citadel_heroes/citadel_heroes_english.txt	339991	citadel-runtime-and-assets	same-name-current-loose-file-listed	game/citadel/resource/localization/citadel_heroes/citadel_heroes_english.txt	1422456/9192361732058507254	4f0abcbd2ae8a217348b7f77fffae265ac6584aadffe392ccd4a2a3d7539ac14
game/citadel/resource/localization/citadel_heroes/citadel_heroes_french.txt	371814	citadel-runtime-and-assets	same-name-current-loose-file-listed	game/citadel/resource/localization/citadel_heroes/citadel_heroes_french.txt	1422456/9192361732058507254	c598c3431657d982ff6ac11f7d9b8eef45efda676eb39e56a3fbb5d4ce509731
game/citadel/resource/localization/citadel_heroes/citadel_heroes_german.txt	373985	citadel-runtime-and-assets	same-name-current-loose-file-listed	game/citadel/resource/localization/citadel_heroes/citadel_heroes_german.txt	1422456/9192361732058507254	9676a56d4b125e041b601488f129cdc252933ef378aa961d4af38e35f37bc58d
game/citadel/resource/localization/citadel_heroes/citadel_heroes_indonesian.txt	355733	citadel-runtime-and-assets	same-name-current-loose-file-listed	game/citadel/resource/localization/citadel_heroes/citadel_heroes_indonesian.txt	1422456/9192361732058507254	e2d7243eb138d1145183afadbdfe50ba20eaf29cbef755d9e41e0252e91d293d
game/citadel/resource/localization/citadel_heroes/citadel_heroes_italian.txt	363547	citadel-runtime-and-assets	same-name-current-loose-file-listed	game/citadel/resource/localization/citadel_heroes/citadel_heroes_italian.txt	1422456/9192361732058507254	eacc50494c26536bbcf97cf2c50b11893da74a7e79b98d8201d5d489f1215f2a
game/citadel/resource/localization/citadel_heroes/citadel_heroes_japanese.txt	377915	citadel-runtime-and-assets	same-name-current-loose-file-listed	game/citadel/resource/localization/citadel_heroes/citadel_heroes_japanese.txt	1422456/9192361732058507254	697c5aa679ba832102efadc75ad947d60a2150ddff4413b5259fe12b38be9618
game/citadel/resource/localization/citadel_heroes/citadel_heroes_koreana.txt	370334	citadel-runtime-and-assets	same-name-current-loose-file-listed	game/citadel/resource/localization/citadel_heroes/citadel_heroes_koreana.txt	1422456/9192361732058507254	0797e078f6c21b5f42dc531a775a0b4d54c5fadb50025a186033ab501ffcd71c
game/citadel/resource/localization/citadel_heroes/citadel_heroes_latam.txt	367944	citadel-runtime-and-assets	same-name-current-loose-file-listed	game/citadel/resource/localization/citadel_heroes/citadel_heroes_latam.txt	1422456/9192361732058507254	045f360e49abc5635eecc0e4a96a52375969672d1ebf860eeafa509eb42173be
game/citadel/resource/localization/citadel_heroes/citadel_heroes_polish.txt	369318	citadel-runtime-and-assets	same-name-current-loose-file-listed	game/citadel/resource/localization/citadel_heroes/citadel_heroes_polish.txt	1422456/9192361732058507254	2909004bb24bc60d507c9c3e13d2bb73df3b5fef4f9f3563624a774ffb89a108
game/citadel/resource/localization/citadel_heroes/citadel_heroes_russian.txt	453284	citadel-runtime-and-assets	same-name-current-loose-file-listed	game/citadel/resource/localization/citadel_heroes/citadel_heroes_russian.txt	1422456/9192361732058507254	9137a8c4caf864276aa2a8f4a340a2564ce4741e80be96c171acb67e9728a5b5
game/citadel/resource/localization/citadel_heroes/citadel_heroes_schinese.txt	340505	citadel-runtime-and-assets	same-name-current-loose-file-listed	game/citadel/resource/localization/citadel_heroes/citadel_heroes_schinese.txt	1422456/9192361732058507254	e16e8c44c758d2de62dd08a2d2f551575af7d17a202a6285562503700b3d4444
game/citadel/resource/localization/citadel_heroes/citadel_heroes_spanish.txt	365880	citadel-runtime-and-assets	same-name-current-loose-file-listed	game/citadel/resource/localization/citadel_heroes/citadel_heroes_spanish.txt	1422456/9192361732058507254	54fc30cf1b84ac801da086dc0724985dc91ac0c6c056eb1c57bd5aa75122c747
game/citadel/resource/localization/citadel_heroes/citadel_heroes_thai.txt	532296	citadel-runtime-and-assets	same-name-current-loose-file-listed	game/citadel/resource/localization/citadel_heroes/citadel_heroes_thai.txt	1422456/9192361732058507254	40dbde67a94e5b59d7147c2831237bd47c25764d357693883a7ead9a1fb69d56
game/citadel/resource/localization/citadel_heroes/citadel_heroes_turkish.txt	360205	citadel-runtime-and-assets	same-name-current-loose-file-listed	game/citadel/resource/localization/citadel_heroes/citadel_heroes_turkish.txt	1422456/9192361732058507254	12f20a7cb0b2d855c42e287f8ef92fd1b7843950abc4cb5b8e487a7d45bf2d61
game/citadel/resource/localization/citadel_heroes/citadel_heroes_ukrainian.txt	433069	citadel-runtime-and-assets	same-name-current-loose-file-listed	game/citadel/resource/localization/citadel_heroes/citadel_heroes_ukrainian.txt	1422456/9192361732058507254	9d25f5d1bba729212e4685de1a6aa34ce80c9c45716c90411a2ac2b05be953d0
game/citadel/resource/localization/citadel_main/citadel_main_brazilian.txt	268412	citadel-runtime-and-assets	same-name-current-loose-file-listed	game/citadel/resource/localization/citadel_main/citadel_main_brazilian.txt	1422456/9192361732058507254	907e3d4a5f240ef44f9e6ad3e791d1b48f95b4a260bba440334130931e782911
game/citadel/resource/localization/citadel_main/citadel_main_czech.txt	281092	citadel-runtime-and-assets	same-name-current-loose-file-listed	game/citadel/resource/localization/citadel_main/citadel_main_czech.txt	1422456/9192361732058507254	9fbdad74b5b596dd942c1fc32e50d78d37d3f80286f246e33b952923727597cb
game/citadel/resource/localization/citadel_main/citadel_main_english.txt	256387	citadel-runtime-and-assets	same-name-current-loose-file-listed	game/citadel/resource/localization/citadel_main/citadel_main_english.txt	1422456/9192361732058507254	2b6f47145221666aa6f916fe85b60ad54b4b89690aa0ea8b76937e7282ddd942
game/citadel/resource/localization/citadel_main/citadel_main_french.txt	282238	citadel-runtime-and-assets	same-name-current-loose-file-listed	game/citadel/resource/localization/citadel_main/citadel_main_french.txt	1422456/9192361732058507254	dc5448f43191372adc637a476362313f1bbf5fc3eda2ff42e2f781b7ef97a5ff
game/citadel/resource/localization/citadel_main/citadel_main_german.txt	283125	citadel-runtime-and-assets	same-name-current-loose-file-listed	game/citadel/resource/localization/citadel_main/citadel_main_german.txt	1422456/9192361732058507254	d6a1ab74c8e0df8a18dd3a069513ec9e6804ce3f7e38bb3d4e173dde06866cf5
game/citadel/resource/localization/citadel_main/citadel_main_indonesian.txt	264122	citadel-runtime-and-assets	same-name-current-loose-file-listed	game/citadel/resource/localization/citadel_main/citadel_main_indonesian.txt	1422456/9192361732058507254	6a9feb98b97e0147a4e436b87281255e0edac4f5945b88fab868ec28459128f5
game/citadel/resource/localization/citadel_main/citadel_main_italian.txt	277196	citadel-runtime-and-assets	same-name-current-loose-file-listed	game/citadel/resource/localization/citadel_main/citadel_main_italian.txt	1422456/9192361732058507254	832348f8b207821fb80f9647c92d06a2f3c0bb26ae7f8edcdbd4cff9c8fc4349
game/citadel/resource/localization/citadel_main/citadel_main_japanese.txt	300599	citadel-runtime-and-assets	same-name-current-loose-file-listed	game/citadel/resource/localization/citadel_main/citadel_main_japanese.txt	1422456/9192361732058507254	b0409a0cbc423636a15c4c1a2dcc344160fdc00415599fa9d6970a2273966d33
game/citadel/resource/localization/citadel_main/citadel_main_koreana.txt	283163	citadel-runtime-and-assets	same-name-current-loose-file-listed	game/citadel/resource/localization/citadel_main/citadel_main_koreana.txt	1422456/9192361732058507254	160e0a96a29b4088b36128ec29ce26f285cf0cdf2651c40cc7762a1e8c31fdbc
game/citadel/resource/localization/citadel_main/citadel_main_latam.txt	277967	citadel-runtime-and-assets	same-name-current-loose-file-listed	game/citadel/resource/localization/citadel_main/citadel_main_latam.txt	1422456/9192361732058507254	6b82999ae82176cb88c068ee146179dae1aa940cd94784da3e67d97020901e28
game/citadel/resource/localization/citadel_main/citadel_main_polish.txt	281603	citadel-runtime-and-assets	same-name-current-loose-file-listed	game/citadel/resource/localization/citadel_main/citadel_main_polish.txt	1422456/9192361732058507254	e8783306547a88ee175718bde6bf021d88013312b147ad411ecfd8c60828b485
game/citadel/resource/localization/citadel_main/citadel_main_russian.txt	352029	citadel-runtime-and-assets	same-name-current-loose-file-listed	game/citadel/resource/localization/citadel_main/citadel_main_russian.txt	1422456/9192361732058507254	9a7f3688a20f7d75edb40a6120abdb058437114d809900ac59059f0891bc16a6
game/citadel/resource/localization/citadel_main/citadel_main_schinese.txt	249457	citadel-runtime-and-assets	same-name-current-loose-file-listed	game/citadel/resource/localization/citadel_main/citadel_main_schinese.txt	1422456/9192361732058507254	eba4f7147bbbd6722ee2df17692d4446c9263aa6150d6666491860867e32af98
game/citadel/resource/localization/citadel_main/citadel_main_spanish.txt	279566	citadel-runtime-and-assets	same-name-current-loose-file-listed	game/citadel/resource/localization/citadel_main/citadel_main_spanish.txt	1422456/9192361732058507254	dc5004f6c1aa94d8eec30305ba724520e9238532801f855118f75653d5e13473
game/citadel/resource/localization/citadel_main/citadel_main_thai.txt	418180	citadel-runtime-and-assets	same-name-current-loose-file-listed	game/citadel/resource/localization/citadel_main/citadel_main_thai.txt	1422456/9192361732058507254	df07c0fddf4bc2babb55281c1d1dbae629dca38f1feaeb1e732a5965077a5714
game/citadel/resource/localization/citadel_main/citadel_main_turkish.txt	272884	citadel-runtime-and-assets	same-name-current-loose-file-listed	game/citadel/resource/localization/citadel_main/citadel_main_turkish.txt	1422456/9192361732058507254	2950572b4bd3e8fcc3af5c6497136bb1ef0c8c07cb2c6094946271e927d03c24
game/citadel/resource/localization/citadel_main/citadel_main_ukrainian.txt	353118	citadel-runtime-and-assets	same-name-current-loose-file-listed	game/citadel/resource/localization/citadel_main/citadel_main_ukrainian.txt	1422456/9192361732058507254	2b1b8aac718d3274676ee1205e1c1651314c33de1b3f2bb70ae67b4c81468e09
game/citadel/resource/localization/citadel_mods/citadel_mods_brazilian.txt	91796	citadel-runtime-and-assets	same-name-current-loose-file-listed	game/citadel/resource/localization/citadel_mods/citadel_mods_brazilian.txt	1422456/9192361732058507254	77bd52b4889f6176c7931f51a2fc4a650dbcc669e175bd6777377ef6ee2cab47
game/citadel/resource/localization/citadel_mods/citadel_mods_czech.txt	97196	citadel-runtime-and-assets	same-name-current-loose-file-listed	game/citadel/resource/localization/citadel_mods/citadel_mods_czech.txt	1422456/9192361732058507254	1e6ace508c610b4a4d15c70b79f1a10a32459384fdd9cb1cc426c14352114ac0
game/citadel/resource/localization/citadel_mods/citadel_mods_english.txt	87926	citadel-runtime-and-assets	same-name-current-loose-file-listed	game/citadel/resource/localization/citadel_mods/citadel_mods_english.txt	1422456/9192361732058507254	cbd13fb18d776404cd10f96ec649c12c0cc6324506a900a89b2bc170bb3935cf
game/citadel/resource/localization/citadel_mods/citadel_mods_french.txt	95648	citadel-runtime-and-assets	same-name-current-loose-file-listed	game/citadel/resource/localization/citadel_mods/citadel_mods_french.txt	1422456/9192361732058507254	d040357bc964a28d97ad1eb461149d1a599e2a10eb94edb2095526f00b1766cf
game/citadel/resource/localization/citadel_mods/citadel_mods_german.txt	95969	citadel-runtime-and-assets	same-name-current-loose-file-listed	game/citadel/resource/localization/citadel_mods/citadel_mods_german.txt	1422456/9192361732058507254	b1ddbf98f5be659d749ea69d2a9e07fad6de433afc8f75ea210b83fc39c66278
game/citadel/resource/localization/citadel_mods/citadel_mods_indonesian.txt	92046	citadel-runtime-and-assets	same-name-current-loose-file-listed	game/citadel/resource/localization/citadel_mods/citadel_mods_indonesian.txt	1422456/9192361732058507254	ef415b7ae79c891014c6276aeb07fb1218bb54dbce1360b67d8d53bbf18426ef
game/citadel/resource/localization/citadel_mods/citadel_mods_italian.txt	93719	citadel-runtime-and-assets	same-name-current-loose-file-listed	game/citadel/resource/localization/citadel_mods/citadel_mods_italian.txt	1422456/9192361732058507254	d64432f2f72c0e7e87d8d74fbeab8e5ebe7da68387a3f10a312290b78ce48273
game/citadel/resource/localization/citadel_mods/citadel_mods_japanese.txt	96427	citadel-runtime-and-assets	same-name-current-loose-file-listed	game/citadel/resource/localization/citadel_mods/citadel_mods_japanese.txt	1422456/9192361732058507254	b96ed459905b8c6a98c09e6d357b36be0774270394fee9f970876c5af065826a
game/citadel/resource/localization/citadel_mods/citadel_mods_koreana.txt	93698	citadel-runtime-and-assets	same-name-current-loose-file-listed	game/citadel/resource/localization/citadel_mods/citadel_mods_koreana.txt	1422456/9192361732058507254	9ba5d0ad8e4b0c0bcd94edcc6dd3a73976101efcf2be5f162e1d4e15e38b5938
game/citadel/resource/localization/citadel_mods/citadel_mods_latam.txt	94408	citadel-runtime-and-assets	same-name-current-loose-file-listed	game/citadel/resource/localization/citadel_mods/citadel_mods_latam.txt	1422456/9192361732058507254	b43cae152fbbe7ab8aa234187f4110e8ef145e3fcac36aaf733fd505db2a0e26
game/citadel/resource/localization/citadel_mods/citadel_mods_polish.txt	94799	citadel-runtime-and-assets	same-name-current-loose-file-listed	game/citadel/resource/localization/citadel_mods/citadel_mods_polish.txt	1422456/9192361732058507254	f1b48743d645cefb54a291166ed24bd92ad8d86a321728588e333aa45b0e2571
game/citadel/resource/localization/citadel_mods/citadel_mods_russian.txt	114753	citadel-runtime-and-assets	same-name-current-loose-file-listed	game/citadel/resource/localization/citadel_mods/citadel_mods_russian.txt	1422456/9192361732058507254	c867a25aa4bdaa87261f51a84e6d83c2ee2493b98333b546d47e044c4f4e1f41
game/citadel/resource/localization/citadel_mods/citadel_mods_schinese.txt	87558	citadel-runtime-and-assets	same-name-current-loose-file-listed	game/citadel/resource/localization/citadel_mods/citadel_mods_schinese.txt	1422456/9192361732058507254	429123b83f661fbd83432f728b3aff4443350ad8cdaf50a6beda4c1f3dc9ea39
game/citadel/resource/localization/citadel_mods/citadel_mods_spanish.txt	94192	citadel-runtime-and-assets	same-name-current-loose-file-listed	game/citadel/resource/localization/citadel_mods/citadel_mods_spanish.txt	1422456/9192361732058507254	5f40d4c5f3bd3cd4cc3bfbc3dd07da86c068e7f70b52556bc92947bb5cb0d845
game/citadel/resource/localization/citadel_mods/citadel_mods_thai.txt	128902	citadel-runtime-and-assets	same-name-current-loose-file-listed	game/citadel/resource/localization/citadel_mods/citadel_mods_thai.txt	1422456/9192361732058507254	2a4fc5e531d3b4f10a051e7662c9f785055037158bc0f6ec71a8d7ba55b0b1b5
game/citadel/resource/localization/citadel_mods/citadel_mods_turkish.txt	92776	citadel-runtime-and-assets	same-name-current-loose-file-listed	game/citadel/resource/localization/citadel_mods/citadel_mods_turkish.txt	1422456/9192361732058507254	af415158908d442e66bcd82e761ae6f135f2be59ad2deef946563fb8bab22310
game/citadel/resource/localization/citadel_mods/citadel_mods_ukrainian.txt	108879	citadel-runtime-and-assets	same-name-current-loose-file-listed	game/citadel/resource/localization/citadel_mods/citadel_mods_ukrainian.txt	1422456/9192361732058507254	ed3c805fa418b3ea6ad24a3132c636191be96741785d0065444e069d0b471f53
game/citadel/resource/localization/citadel_patch_notes/citadel_patch_notes_german.txt	19373	citadel-runtime-and-assets	same-name-current-loose-file-listed	game/citadel/resource/localization/citadel_patch_notes/citadel_patch_notes_german.txt	1422456/9192361732058507254	d677425ae7f3069a3669bb30984c68988d716968ae77147481281237443aacae
game/citadel/resource/localization/citadel_patch_notes/citadel_patch_notes_indonesian.txt	18126	citadel-runtime-and-assets	same-name-current-loose-file-listed	game/citadel/resource/localization/citadel_patch_notes/citadel_patch_notes_indonesian.txt	1422456/9192361732058507254	26c350d6f8b373bae8555389aa703d8563ab1d696ed847dacbfb8b4fd30435e0
game/citadel/resource/localization/citadel_patch_notes/citadel_patch_notes_latam.txt	19689	citadel-runtime-and-assets	same-name-current-loose-file-listed	game/citadel/resource/localization/citadel_patch_notes/citadel_patch_notes_latam.txt	1422456/9192361732058507254	8d6a081546f37e99ac3c59e830716d22d8e836b698271643b1486e9a12a78eda
game/citadel/resource/localization/citadel_patch_notes/citadel_patch_notes_polish.txt	19421	citadel-runtime-and-assets	same-name-current-loose-file-listed	game/citadel/resource/localization/citadel_patch_notes/citadel_patch_notes_polish.txt	1422456/9192361732058507254	eb6059738dfacbe80c868144a2f870d16ac4d3c019b11725507c31a825ede27f
game/citadel/resource/localization/citadel_patch_notes/citadel_patch_notes_russian.txt	27868	citadel-runtime-and-assets	same-name-current-loose-file-listed	game/citadel/resource/localization/citadel_patch_notes/citadel_patch_notes_russian.txt	1422456/9192361732058507254	2ac8ea1dab12fff12711d9ae45b01aa9db9339e8ba3d4a41da37ee201502703a
game/citadel/scenes/conversations.vcdlist_c	341664	citadel-runtime-and-assets	same-name-current-deadlock-vpk-member-listed	game/citadel/pak01_dir.vpk!scenes/conversations.vcdlist_c	1422456/9192361732058507254	df7e23685af1031a8a4dc98742413d659f52cd695f7c00b397c68b8052cf610a
game/citadel/scenes/scenes.vrman_c	849	citadel-runtime-and-assets	no-current-path-match-in-checked-sources			21efe5835113e67d72284845a6616bcdb0c0dc08018c41ed5895c745e05408a9
game/citadel/scripts/abilities.vdata_c	332604	citadel-runtime-and-assets	same-name-current-deadlock-vpk-member-listed	game/citadel/pak01_dir.vpk!scripts/abilities.vdata_c	1422456/9192361732058507254	9c6bdc5c541ff45d6f0aea82056533ff1e9dd4fdebf9fd4d67fb6aae63bb3efc
game/citadel/scripts/bots/bot_difficulty.vdata_c	2416	citadel-runtime-and-assets	same-name-current-deadlock-vpk-member-listed	game/citadel/pak01_dir.vpk!scripts/bots/bot_difficulty.vdata_c	1422456/9192361732058507254	7449ca8689300089f0b1ac979ac417259d13011f5beb11a99608fb0059fae629
game/citadel/scripts/collision_properties.txt	3092	citadel-runtime-and-assets	same-name-current-deadlock-vpk-member-listed	game/citadel/pak01_dir.vpk!scripts/collision_properties.txt	1422456/9192361732058507254	52dfc2945ece68dce1a32a4ab3cd5b056021b8deac4559ca69082555e2b56859
game/citadel/scripts/generic_data.vdata_c	9639	citadel-runtime-and-assets	same-name-current-deadlock-vpk-member-listed	game/citadel/pak01_dir.vpk!scripts/generic_data.vdata_c	1422456/9192361732058507254	02f43a4a063c9bbc714e180e4b1b48cdb60438f3039e93da1f2ac91d868a4432
game/citadel/scripts/heroes.vdata_c	73068	citadel-runtime-and-assets	same-name-current-deadlock-vpk-member-listed	game/citadel/pak01_dir.vpk!scripts/heroes.vdata_c	1422456/9192361732058507254	7b000c8e34bb780464eb52b8376230d3c74413eef4dc2a98d16a219e7b653148
game/citadel/scripts/light_styles.vdata_c	3596	citadel-runtime-and-assets	same-name-current-deadlock-vpk-member-listed	game/citadel/pak01_dir.vpk!scripts/light_styles.vdata_c	1422456/9192361732058507254	98c8d89df2ee4eeac61747dade4e2003ad8c9e953f057690b1474dce86a194ba
game/citadel/scripts/misc.vdata_c	15184	citadel-runtime-and-assets	same-name-current-deadlock-vpk-member-listed	game/citadel/pak01_dir.vpk!scripts/misc.vdata_c	1422456/9192361732058507254	c7302fccf9e3ecc2ff3daf082b1e90e1e4536f69eb5cf1ac81eaa18249b4599c
game/citadel/scripts/modifiers.vdata_c	9327	citadel-runtime-and-assets	same-name-current-deadlock-vpk-member-listed	game/citadel/pak01_dir.vpk!scripts/modifiers.vdata_c	1422456/9192361732058507254	2b63438f475651337b39a433e6197df2583e6d2d938f08cbd673692d4a7c3bc5
game/citadel/scripts/music_data.vdata_c	4475	citadel-runtime-and-assets	same-name-current-deadlock-vpk-member-listed	game/citadel/pak01_dir.vpk!scripts/music_data.vdata_c	1422456/9192361732058507254	b2ad9419e09654d8f12c5b5b7ade6f0369bacc658f99f0582a7b41ea660b32af
game/citadel/scripts/nav_hulls.vdata_c	1417	citadel-runtime-and-assets	same-name-current-deadlock-vpk-member-listed	game/citadel/pak01_dir.vpk!scripts/nav_hulls.vdata_c	1422456/9192361732058507254	fe48f226f1abc54742df619bb609aee70f77a7510a8c38511bd0512ad88c3679
game/citadel/scripts/nav_hulls_presets.vdata_c	1297	citadel-runtime-and-assets	same-name-current-deadlock-vpk-member-listed	game/citadel/pak01_dir.vpk!scripts/nav_hulls_presets.vdata_c	1422456/9192361732058507254	8a0a5b6e7e89fd5581f60b8cdcdc11622e717577c875be08d6bd901e1d0d7502
game/citadel/scripts/npc_units.vdata_c	25398	citadel-runtime-and-assets	same-name-current-deadlock-vpk-member-listed	game/citadel/pak01_dir.vpk!scripts/npc_units.vdata_c	1422456/9192361732058507254	412df840cb18a0dc6145d4d57f34268bac415e0969810034807dee7f361f3c18
game/citadel/scripts/ping_wheel_messages.vdata_c	5938	citadel-runtime-and-assets	same-name-current-deadlock-vpk-member-listed	game/citadel/pak01_dir.vpk!scripts/ping_wheel_messages.vdata_c	1422456/9192361732058507254	027a2b88bfdfe90d5800e92f6641ca9c1ec265c3161f8a6c9f42a69702515082
game/citadel/scripts/propdata.vdata_c	3785	citadel-runtime-and-assets	same-name-current-deadlock-vpk-member-listed	game/citadel/pak01_dir.vpk!scripts/propdata.vdata_c	1422456/9192361732058507254	221272e6f27ee5aab8041c7f5b5536ba68cc8dcc45c2453be8b89d186f7ee6a6
game/citadel/scripts/regions.txt	6411	citadel-runtime-and-assets	same-name-current-deadlock-vpk-member-listed	game/citadel/pak01_dir.vpk!scripts/regions.txt	1422456/9192361732058507254	393472917c4faf6d009a84fb33648cc3f763e0e4838f6c62c9a2ff633fd5d964
game/citadel/scripts/replay_compatability_settings.txt	369	citadel-runtime-and-assets	same-name-current-deadlock-vpk-member-listed	game/citadel/pak01_dir.vpk!scripts/replay_compatability_settings.txt	1422456/9192361732058507254	bcca1e9867b340751226d82980149d423a212d5c51c65cc0764eed7ceb6d07a6
game/citadel/scripts/soundmixers.txt	60010	citadel-runtime-and-assets	same-name-current-deadlock-vpk-member-listed	game/citadel/pak01_dir.vpk!scripts/soundmixers.txt	1422456/9192361732058507254	d39e29697b0a749fd8e860255391680271ef5bc1caefeecd37a1de3b0c6b1494
game/citadel/scripts/surfaceproperties_impact_effects.txt	1961	citadel-runtime-and-assets	same-name-current-deadlock-vpk-member-listed	game/citadel/pak01_dir.vpk!scripts/surfaceproperties_impact_effects.txt	1422456/9192361732058507254	4deeab7ef6b8093243bf1d6b3ae07a9954a274863e86824f80ffcbe0dcf64653
game/citadel/scripts/surfaceproperties_steamaudio.txt	3678	citadel-runtime-and-assets	same-name-current-deadlock-vpk-member-listed	game/citadel/pak01_dir.vpk!scripts/surfaceproperties_steamaudio.txt	1422456/9192361732058507254	80ebe876cf31b6222b419d6d228ba4e2b69d312be963810e312726ff85d3e1e5
game/citadel/scripts/tagged_sounds/bookworm_anim_sounds.vdata_c	1867	citadel-runtime-and-assets	same-name-current-deadlock-vpk-member-listed	game/citadel/pak01_dir.vpk!scripts/tagged_sounds/bookworm_anim_sounds.vdata_c	1422456/9192361732058507254	2ebccdeaddf93cee293cfb62eea19b5629807169bdb8143e009320f405883e45
game/citadel/scripts/tagged_sounds/ivy_anim_sounds.vdata_c	1867	citadel-runtime-and-assets	same-name-current-deadlock-vpk-member-listed	game/citadel/pak01_dir.vpk!scripts/tagged_sounds/ivy_anim_sounds.vdata_c	1422456/9192361732058507254	fdc19e43bfb6965abc48972542a53cb95f808e8a3cc50430a751c25b3b39f3fe
game/citadel/scripts/tagged_sounds/priest_anim_sounds.vdata_c	1867	citadel-runtime-and-assets	same-name-current-deadlock-vpk-member-listed	game/citadel/pak01_dir.vpk!scripts/tagged_sounds/priest_anim_sounds.vdata_c	1422456/9192361732058507254	88223ce86dad866f4b64457a7c80152542aa272477d86108c4c4b4944da33407
game/citadel/scripts/tagged_sounds/punkgoat_anim_sounds.vdata_c	1851	citadel-runtime-and-assets	same-name-current-deadlock-vpk-member-listed	game/citadel/pak01_dir.vpk!scripts/tagged_sounds/punkgoat_anim_sounds.vdata_c	1422456/9192361732058507254	3e4c4a27f9deffe4ffb2e17588d0342c7737825cc58d003fd669350353fcee19
game/citadel/scripts/tagged_sounds/walker_anim_sounds.vdata_c	1883	citadel-runtime-and-assets	same-name-current-deadlock-vpk-member-listed	game/citadel/pak01_dir.vpk!scripts/tagged_sounds/walker_anim_sounds.vdata_c	1422456/9192361732058507254	85eb421b9ef1f72de6341b94e8570757663d1318637b746b79636c546a75225d
game/citadel/scripts/talker/generated_hero_response_rules.vrr_c	2404	citadel-runtime-and-assets	same-name-current-deadlock-vpk-member-listed	game/citadel/pak01_dir.vpk!scripts/talker/generated_hero_response_rules.vrr_c	1422456/9192361732058507254	c823a0a7e68b0b981e314a9d8ad334cf189c37f0b59c6d7a137f79865b4fd14e
game/citadel/scripts/talker/generated_response_rules_announcer.vrr_c	32632	citadel-runtime-and-assets	same-name-current-deadlock-vpk-member-listed	game/citadel/pak01_dir.vpk!scripts/talker/generated_response_rules_announcer.vrr_c	1422456/9192361732058507254	0e49542cd02fdcbaff80323684e752b67e4a37ebb6c333b42d979a2cd30c8c1f
game/citadel/scripts/talker/generated_response_rules_hero_astro.vrr_c	44679	citadel-runtime-and-assets	same-name-current-deadlock-vpk-member-listed	game/citadel/pak01_dir.vpk!scripts/talker/generated_response_rules_hero_astro.vrr_c	1422456/9192361732058507254	164354c42d46061f7813761c7648656aa1354b9394d3abeecece4b95694d4f01
game/citadel/scripts/talker/generated_response_rules_hero_atlas.vrr_c	41967	citadel-runtime-and-assets	same-name-current-deadlock-vpk-member-listed	game/citadel/pak01_dir.vpk!scripts/talker/generated_response_rules_hero_atlas.vrr_c	1422456/9192361732058507254	6dc47c9979a8810afceb0a3d71761b25a3244ce080a8ba05d810e50d78beb312
game/citadel/scripts/talker/generated_response_rules_hero_bebop.vrr_c	41564	citadel-runtime-and-assets	same-name-current-deadlock-vpk-member-listed	game/citadel/pak01_dir.vpk!scripts/talker/generated_response_rules_hero_bebop.vrr_c	1422456/9192361732058507254	da2b08a42b8b9a554175aa561cad9054bd0e0c084dab1648cc5b89fd333d354c
game/citadel/scripts/talker/generated_response_rules_hero_boho.vrr_c	29869	citadel-runtime-and-assets	same-name-current-deadlock-vpk-member-listed	game/citadel/pak01_dir.vpk!scripts/talker/generated_response_rules_hero_boho.vrr_c	1422456/9192361732058507254	ba3c6eefdaaf89889618cd2ae81e62a50c98da017e56905d9d08d35b71d045b2
game/citadel/scripts/talker/generated_response_rules_hero_bookworm.vrr_c	42268	citadel-runtime-and-assets	same-name-current-deadlock-vpk-member-listed	game/citadel/pak01_dir.vpk!scripts/talker/generated_response_rules_hero_bookworm.vrr_c	1422456/9192361732058507254	4ff5ce8bc41d71f4f68a0a0a03dd9724c9579c2e777cbd4e0dd819d578c96605
game/citadel/scripts/talker/generated_response_rules_hero_chrono.vrr_c	43569	citadel-runtime-and-assets	same-name-current-deadlock-vpk-member-listed	game/citadel/pak01_dir.vpk!scripts/talker/generated_response_rules_hero_chrono.vrr_c	1422456/9192361732058507254	da72b41e8c450900e6a24875ab46be5fc781e02e2ea5b3fe85605e663465267b
game/citadel/scripts/talker/generated_response_rules_hero_doorman.vrr_c	49069	citadel-runtime-and-assets	same-name-current-deadlock-vpk-member-listed	game/citadel/pak01_dir.vpk!scripts/talker/generated_response_rules_hero_doorman.vrr_c	1422456/9192361732058507254	85e8893133ae2760c33612bdf07220235d5ee0673b3e5e5845cb35db2119522b
game/citadel/scripts/talker/generated_response_rules_hero_drifter.vrr_c	38058	citadel-runtime-and-assets	same-name-current-deadlock-vpk-member-listed	game/citadel/pak01_dir.vpk!scripts/talker/generated_response_rules_hero_drifter.vrr_c	1422456/9192361732058507254	ea64498593e817a74593f755197ebc348d6b464c78f2fea373974988c16bbad6
game/citadel/scripts/talker/generated_response_rules_hero_dynamo.vrr_c	44053	citadel-runtime-and-assets	same-name-current-deadlock-vpk-member-listed	game/citadel/pak01_dir.vpk!scripts/talker/generated_response_rules_hero_dynamo.vrr_c	1422456/9192361732058507254	90c3563cf481b46030afa4227cb64d41627b0bca3b3697d084dabda8ec319f06
game/citadel/scripts/talker/generated_response_rules_hero_forge.vrr_c	35116	citadel-runtime-and-assets	same-name-current-deadlock-vpk-member-listed	game/citadel/pak01_dir.vpk!scripts/talker/generated_response_rules_hero_forge.vrr_c	1422456/9192361732058507254	bc3bd83d45bce14e46f90b21a2ccf4d4ec84076fd8a765b3832568e941c65c5a
game/citadel/scripts/talker/generated_response_rules_hero_frank.vrr_c	46125	citadel-runtime-and-assets	same-name-current-deadlock-vpk-member-listed	game/citadel/pak01_dir.vpk!scripts/talker/generated_response_rules_hero_frank.vrr_c	1422456/9192361732058507254	53520fe9f3f6785ac8e1537c6ce30a9c0b7a70c28dec8a1bf86a234ab96ab598
game/citadel/scripts/talker/generated_response_rules_hero_ghost.vrr_c	47474	citadel-runtime-and-assets	same-name-current-deadlock-vpk-member-listed	game/citadel/pak01_dir.vpk!scripts/talker/generated_response_rules_hero_ghost.vrr_c	1422456/9192361732058507254	b0001bd4ee9e6253202efb7fd9e260c966a3034853af64f38b2cc3348c79dc5c
game/citadel/scripts/talker/generated_response_rules_hero_gigawatt.vrr_c	42667	citadel-runtime-and-assets	same-name-current-deadlock-vpk-member-listed	game/citadel/pak01_dir.vpk!scripts/talker/generated_response_rules_hero_gigawatt.vrr_c	1422456/9192361732058507254	7d39b36be6dc200b05a5501477607b5b8715f52bf593c070fb822af9860b1f96
game/citadel/scripts/talker/generated_response_rules_hero_haze.vrr_c	42709	citadel-runtime-and-assets	same-name-current-deadlock-vpk-member-listed	game/citadel/pak01_dir.vpk!scripts/talker/generated_response_rules_hero_haze.vrr_c	1422456/9192361732058507254	6f916542a62b9661a6db5a544605baef39432366993f308c2a44e01b13426311
game/citadel/scripts/talker/generated_response_rules_hero_hornet.vrr_c	41021	citadel-runtime-and-assets	same-name-current-deadlock-vpk-member-listed	game/citadel/pak01_dir.vpk!scripts/talker/generated_response_rules_hero_hornet.vrr_c	1422456/9192361732058507254	8147bdb8f115536b7f512e00df9d09895c91563f672622fa4ca1135111f1b333
game/citadel/scripts/talker/generated_response_rules_hero_inferno.vrr_c	47303	citadel-runtime-and-assets	same-name-current-deadlock-vpk-member-listed	game/citadel/pak01_dir.vpk!scripts/talker/generated_response_rules_hero_inferno.vrr_c	1422456/9192361732058507254	db3844ad3822a327baad65ea465f52b215b9afa86b76b1c30a61bd23fdbfcdf2
game/citadel/scripts/talker/generated_response_rules_hero_kali.vrr_c	6590	citadel-runtime-and-assets	same-name-current-deadlock-vpk-member-listed	game/citadel/pak01_dir.vpk!scripts/talker/generated_response_rules_hero_kali.vrr_c	1422456/9192361732058507254	fc536a96fa699b0c2f69f9a95afed2677b20d291f9251209929a16258bd09c06
game/citadel/scripts/talker/generated_response_rules_hero_kelvin.vrr_c	46163	citadel-runtime-and-assets	same-name-current-deadlock-vpk-member-listed	game/citadel/pak01_dir.vpk!scripts/talker/generated_response_rules_hero_kelvin.vrr_c	1422456/9192361732058507254	bcbbca97b96502fc0e012e3df88c84508096adc1e6e84eb60d1ea781c7d37da0
game/citadel/scripts/talker/generated_response_rules_hero_krill.vrr_c	40466	citadel-runtime-and-assets	same-name-current-deadlock-vpk-member-listed	game/citadel/pak01_dir.vpk!scripts/talker/generated_response_rules_hero_krill.vrr_c	1422456/9192361732058507254	9d93fbc1bd5a8052946da468e44c22777997af8222ac1012c91219fac058d489
game/citadel/scripts/talker/generated_response_rules_hero_lash.vrr_c	42241	citadel-runtime-and-assets	same-name-current-deadlock-vpk-member-listed	game/citadel/pak01_dir.vpk!scripts/talker/generated_response_rules_hero_lash.vrr_c	1422456/9192361732058507254	305df138a75267b5ed4e1b2bf5fbc6e7730c0f5828229e20e103da3f40f89448
game/citadel/scripts/talker/generated_response_rules_hero_magician_henry.vrr_c	27940	citadel-runtime-and-assets	same-name-current-deadlock-vpk-member-listed	game/citadel/pak01_dir.vpk!scripts/talker/generated_response_rules_hero_magician_henry.vrr_c	1422456/9192361732058507254	e928384f0691ed75b35a1c2ea4bb299aa27203457924b461ee1396621378bd57
game/citadel/scripts/talker/generated_response_rules_hero_magician_savannah.vrr_c	28097	citadel-runtime-and-assets	same-name-current-deadlock-vpk-member-listed	game/citadel/pak01_dir.vpk!scripts/talker/generated_response_rules_hero_magician_savannah.vrr_c	1422456/9192361732058507254	0a21639075b4bb66da052129ac9c3a5b52bc9071aaa4ec327d3a86485733b1ab
game/citadel/scripts/talker/generated_response_rules_hero_mirage.vrr_c	46489	citadel-runtime-and-assets	same-name-current-deadlock-vpk-member-listed	game/citadel/pak01_dir.vpk!scripts/talker/generated_response_rules_hero_mirage.vrr_c	1422456/9192361732058507254	a1ff804d84d569bfa3cfa9d4551fa066b7df93d805b2bbeff43c4bbac6622219
game/citadel/scripts/talker/generated_response_rules_hero_nano.vrr_c	43600	citadel-runtime-and-assets	same-name-current-deadlock-vpk-member-listed	game/citadel/pak01_dir.vpk!scripts/talker/generated_response_rules_hero_nano.vrr_c	1422456/9192361732058507254	7af2d20c463189a552eb1ef8ae1602ba12339987fdd39a469003236005ad9fd5
game/citadel/scripts/talker/generated_response_rules_hero_operative.vrr_c	28908	citadel-runtime-and-assets	same-name-current-deadlock-vpk-member-listed	game/citadel/pak01_dir.vpk!scripts/talker/generated_response_rules_hero_operative.vrr_c	1422456/9192361732058507254	b7ec2061da7ccc345e093922d0c4faf09f02f07111c55b48aa9e276b2ef568d9
game/citadel/scripts/talker/generated_response_rules_hero_orion.vrr_c	45263	citadel-runtime-and-assets	same-name-current-deadlock-vpk-member-listed	game/citadel/pak01_dir.vpk!scripts/talker/generated_response_rules_hero_orion.vrr_c	1422456/9192361732058507254	1422b711122e23c3f3addf6ac0cb16c2c1ac0adb351ab4775ca4aa4242029ee6
game/citadel/scripts/talker/generated_response_rules_hero_priest.vrr_c	28143	citadel-runtime-and-assets	same-name-current-deadlock-vpk-member-listed	game/citadel/pak01_dir.vpk!scripts/talker/generated_response_rules_hero_priest.vrr_c	1422456/9192361732058507254	9fe94857d5848b462529d9dda17212e8d0364641b7d19205ee9637af7625c6a1
game/citadel/scripts/talker/generated_response_rules_hero_punkgoat.vrr_c	45464	citadel-runtime-and-assets	same-name-current-deadlock-vpk-member-listed	game/citadel/pak01_dir.vpk!scripts/talker/generated_response_rules_hero_punkgoat.vrr_c	1422456/9192361732058507254	bd5704fd1ffc60ae276cc1a4a0fa07eab7b139954f8b229740e4d6e7f16dc321
game/citadel/scripts/talker/generated_response_rules_hero_shiv.vrr_c	38460	citadel-runtime-and-assets	same-name-current-deadlock-vpk-member-listed	game/citadel/pak01_dir.vpk!scripts/talker/generated_response_rules_hero_shiv.vrr_c	1422456/9192361732058507254	233932c2a81d60f5327c7dcaa749b1d4c7d8d7c89d8ad04a029de999c5b886b7
game/citadel/scripts/talker/generated_response_rules_hero_slork.vrr_c	22164	citadel-runtime-and-assets	same-name-current-deadlock-vpk-member-listed	game/citadel/pak01_dir.vpk!scripts/talker/generated_response_rules_hero_slork.vrr_c	1422456/9192361732058507254	0618d9ef088df28e1111472e12164904248e74abf240007c5ec6f0c59bb57872
game/citadel/scripts/talker/generated_response_rules_hero_synth.vrr_c	37815	citadel-runtime-and-assets	same-name-current-deadlock-vpk-member-listed	game/citadel/pak01_dir.vpk!scripts/talker/generated_response_rules_hero_synth.vrr_c	1422456/9192361732058507254	9aca42a430cad7fbe20da23d46f47e671bba36fb7c3b3d23a20f1570c983491f
game/citadel/scripts/talker/generated_response_rules_hero_tengu.vrr_c	46448	citadel-runtime-and-assets	same-name-current-deadlock-vpk-member-listed	game/citadel/pak01_dir.vpk!scripts/talker/generated_response_rules_hero_tengu.vrr_c	1422456/9192361732058507254	91bdf815ed0a12d73eb7f2120476be0d999635abeb2d4e58572f27235b1fe1af
game/citadel/scripts/talker/generated_response_rules_hero_trapper.vrr_c	28194	citadel-runtime-and-assets	same-name-current-deadlock-vpk-member-listed	game/citadel/pak01_dir.vpk!scripts/talker/generated_response_rules_hero_trapper.vrr_c	1422456/9192361732058507254	822818ccb6c2f89d8639f2a8ca86e9fa5bf908e5cb5d0aa36dee843a58bff1d9
game/citadel/scripts/talker/generated_response_rules_hero_vampirebat.vrr_c	45712	citadel-runtime-and-assets	same-name-current-deadlock-vpk-member-listed	game/citadel/pak01_dir.vpk!scripts/talker/generated_response_rules_hero_vampirebat.vrr_c	1422456/9192361732058507254	d5be6f3d256c4da30d8a4cec83e1bae417843e0c77990f9ace2f49ab5cc56dd3
game/citadel/scripts/talker/generated_response_rules_hero_viper.vrr_c	43763	citadel-runtime-and-assets	same-name-current-deadlock-vpk-member-listed	game/citadel/pak01_dir.vpk!scripts/talker/generated_response_rules_hero_viper.vrr_c	1422456/9192361732058507254	f8381d8988e975cf28ba28b7d91cd117287613d2990d94fe1a8ae173118cce3e
game/citadel/scripts/talker/generated_response_rules_hero_viscous.vrr_c	40734	citadel-runtime-and-assets	same-name-current-deadlock-vpk-member-listed	game/citadel/pak01_dir.vpk!scripts/talker/generated_response_rules_hero_viscous.vrr_c	1422456/9192361732058507254	6e4ed6195ab75958fe52e3af82c7ca4cb8eeaa6567cf463e4ac672ac15317e89
game/citadel/scripts/talker/generated_response_rules_hero_warden.vrr_c	38995	citadel-runtime-and-assets	same-name-current-deadlock-vpk-member-listed	game/citadel/pak01_dir.vpk!scripts/talker/generated_response_rules_hero_warden.vrr_c	1422456/9192361732058507254	f7cebcb534b83665b7d1f08bf9795241a3795dcb0a72ccd6a012dcc6ce711145
game/citadel/scripts/talker/generated_response_rules_hero_wraith.vrr_c	44512	citadel-runtime-and-assets	same-name-current-deadlock-vpk-member-listed	game/citadel/pak01_dir.vpk!scripts/talker/generated_response_rules_hero_wraith.vrr_c	1422456/9192361732058507254	ce33c07d1b0d20f1b4cf1f6bff426f3ed4977bfb8123392e52ffa7fd39f82d74
game/citadel/scripts/talker/generated_response_rules_hero_wrecker.vrr_c	20500	citadel-runtime-and-assets	same-name-current-deadlock-vpk-member-listed	game/citadel/pak01_dir.vpk!scripts/talker/generated_response_rules_hero_wrecker.vrr_c	1422456/9192361732058507254	e885f782fc2158aed03874e50ca121125646f7f86d27bfbee1a11406e5540236
game/citadel/scripts/talker/generated_response_rules_hero_yakuza.vrr_c	1168	citadel-runtime-and-assets	same-name-current-deadlock-vpk-member-listed	game/citadel/pak01_dir.vpk!scripts/talker/generated_response_rules_hero_yakuza.vrr_c	1422456/9192361732058507254	502cbaffccc01b3cc8e374bea0901b294fa73f0ca6bfaec2aea8b6e6c455cf68
game/citadel/scripts/talker/generated_response_rules_hero_yamato.vrr_c	31362	citadel-runtime-and-assets	same-name-current-deadlock-vpk-member-listed	game/citadel/pak01_dir.vpk!scripts/talker/generated_response_rules_hero_yamato.vrr_c	1422456/9192361732058507254	19bcdb676e153b35daaa0cc020354b8e1bb4255d5b99d76fc508d4225eb35e29
game/citadel/scripts/talker/idol.vrr_c	3874	citadel-runtime-and-assets	same-name-current-deadlock-vpk-member-listed	game/citadel/pak01_dir.vpk!scripts/talker/idol.vrr_c	1422456/9192361732058507254	5d6aa47f220beaa2718360258b6af6932697cc2a76616c042105cce94c29c7b7
game/citadel/scripts/talker/newscaster.vrr_c	2908	citadel-runtime-and-assets	same-name-current-deadlock-vpk-member-listed	game/citadel/pak01_dir.vpk!scripts/talker/newscaster.vrr_c	1422456/9192361732058507254	2e7931f0afd526408734d1693cabfed1620c4dd52f4fec524b8f5f522ea90e2a
game/citadel/scripts/talker/response_rules.vrr_c	3456	citadel-runtime-and-assets	same-name-current-deadlock-vpk-member-listed	game/citadel/pak01_dir.vpk!scripts/talker/response_rules.vrr_c	1422456/9192361732058507254	eaecd0e0f179977246517cfb996781d5ac6c5f34c7f3ae062678ecad5c1d4873
game/citadel/scripts/talker/response_rules_announcer_criterion.vrr_c	4272	citadel-runtime-and-assets	same-name-current-deadlock-vpk-member-listed	game/citadel/pak01_dir.vpk!scripts/talker/response_rules_announcer_criterion.vrr_c	1422456/9192361732058507254	c79758978a2a95302c7163cc7bf2ca5e9d2455df1b7cef680d647c9ac1dfc026
game/citadel/scripts/talker/response_rules_astro.vrr_c	6369	citadel-runtime-and-assets	same-name-current-deadlock-vpk-member-listed	game/citadel/pak01_dir.vpk!scripts/talker/response_rules_astro.vrr_c	1422456/9192361732058507254	f385a43885ee42d6c332c8109c2e1f3f8e14dc51aeec40796093531e2c559bda
game/citadel/scripts/talker/response_rules_atlas.vrr_c	6026	citadel-runtime-and-assets	same-name-current-deadlock-vpk-member-listed	game/citadel/pak01_dir.vpk!scripts/talker/response_rules_atlas.vrr_c	1422456/9192361732058507254	504dccf34ef1cc2af7e2aeb8264fa29864d30cd98fa20bc8ecaa61d895786b8e
game/citadel/scripts/talker/response_rules_bebop.vrr_c	6683	citadel-runtime-and-assets	same-name-current-deadlock-vpk-member-listed	game/citadel/pak01_dir.vpk!scripts/talker/response_rules_bebop.vrr_c	1422456/9192361732058507254	0be468cdfb1dc89b9600b4368fe2c1f5f3e9da8ca4f4c3e9d3cf3256518c5b85
game/citadel/scripts/talker/response_rules_boho.vrr_c	2368	citadel-runtime-and-assets	same-name-current-deadlock-vpk-member-listed	game/citadel/pak01_dir.vpk!scripts/talker/response_rules_boho.vrr_c	1422456/9192361732058507254	95ac21abc3a358e16a09ae2ee9e09e2451673bc24073f1b864c91bee11451256
game/citadel/scripts/talker/response_rules_bookworm.vrr_c	4040	citadel-runtime-and-assets	same-name-current-deadlock-vpk-member-listed	game/citadel/pak01_dir.vpk!scripts/talker/response_rules_bookworm.vrr_c	1422456/9192361732058507254	24889d1a7afe0a99fc193d83595a800ce69ee924473117e0dfaede29c0d26851
game/citadel/scripts/talker/response_rules_chrono.vrr_c	6251	citadel-runtime-and-assets	same-name-current-deadlock-vpk-member-listed	game/citadel/pak01_dir.vpk!scripts/talker/response_rules_chrono.vrr_c	1422456/9192361732058507254	d5512d5c6be7ccdcfb0930898eaa079e16afae0ad171059db71cb72fc089ee58
game/citadel/scripts/talker/response_rules_contextual_ping.vrr_c	5136	citadel-runtime-and-assets	same-name-current-deadlock-vpk-member-listed	game/citadel/pak01_dir.vpk!scripts/talker/response_rules_contextual_ping.vrr_c	1422456/9192361732058507254	2f7d93a3e915fb4702f00f6b14a457c56a750b1322efee99fe5056b83c5f6604
game/citadel/scripts/talker/response_rules_criterion.vrr_c	15266	citadel-runtime-and-assets	same-name-current-deadlock-vpk-member-listed	game/citadel/pak01_dir.vpk!scripts/talker/response_rules_criterion.vrr_c	1422456/9192361732058507254	d99a42201b92abd473fd3303a21c8d3af1d33eff2a6c2cee92f9eaf7328b5b0f
game/citadel/scripts/talker/response_rules_doorman.vrr_c	4236	citadel-runtime-and-assets	same-name-current-deadlock-vpk-member-listed	game/citadel/pak01_dir.vpk!scripts/talker/response_rules_doorman.vrr_c	1422456/9192361732058507254	10e8156b230c23381d9cfe0232a745e18ac1798b087c7d30bed78c80c7feeffb
game/citadel/scripts/talker/response_rules_drifter.vrr_c	4867	citadel-runtime-and-assets	same-name-current-deadlock-vpk-member-listed	game/citadel/pak01_dir.vpk!scripts/talker/response_rules_drifter.vrr_c	1422456/9192361732058507254	bace38a4c2131ee62feb516ad7f1790a146ce70a4715c30811924b16045b148e
game/citadel/scripts/talker/response_rules_dynamo.vrr_c	6806	citadel-runtime-and-assets	same-name-current-deadlock-vpk-member-listed	game/citadel/pak01_dir.vpk!scripts/talker/response_rules_dynamo.vrr_c	1422456/9192361732058507254	d0e83b13af46eab093ca1a7cdee7d6f8ff4309f2be961be5409f94dbbd8f723f
game/citadel/scripts/talker/response_rules_forge.vrr_c	6216	citadel-runtime-and-assets	same-name-current-deadlock-vpk-member-listed	game/citadel/pak01_dir.vpk!scripts/talker/response_rules_forge.vrr_c	1422456/9192361732058507254	2f0f7fbebea2700ba0ad91a46b92b0680b35b31dd745020c2727fb625379ce42
game/citadel/scripts/talker/response_rules_frank.vrr_c	4010	citadel-runtime-and-assets	same-name-current-deadlock-vpk-member-listed	game/citadel/pak01_dir.vpk!scripts/talker/response_rules_frank.vrr_c	1422456/9192361732058507254	ca8f881968090913c7ac059fc6317f8e18a7621573b46006a68cf9a2618185f3
game/citadel/scripts/talker/response_rules_ghost_soldier.vrr_c	6126	citadel-runtime-and-assets	same-name-current-deadlock-vpk-member-listed	game/citadel/pak01_dir.vpk!scripts/talker/response_rules_ghost_soldier.vrr_c	1422456/9192361732058507254	a3e4ccdb326bceb62e9e97ce3dfd351045b0c249ac431c7bcf48402f1da045e2
game/citadel/scripts/talker/response_rules_gigawatt.vrr_c	6258	citadel-runtime-and-assets	same-name-current-deadlock-vpk-member-listed	game/citadel/pak01_dir.vpk!scripts/talker/response_rules_gigawatt.vrr_c	1422456/9192361732058507254	545f88822fd062304c15c63f9199018420f7c3bceebd12515fb426bdd2caf739
game/citadel/scripts/talker/response_rules_gunslinger.vrr_c	1152	citadel-runtime-and-assets	same-name-current-deadlock-vpk-member-listed	game/citadel/pak01_dir.vpk!scripts/talker/response_rules_gunslinger.vrr_c	1422456/9192361732058507254	8645b352c1fd53a3f7fb83830ccc9bb930901239c38bee860d578b8bc508d0a2
game/citadel/scripts/talker/response_rules_haze.vrr_c	5892	citadel-runtime-and-assets	same-name-current-deadlock-vpk-member-listed	game/citadel/pak01_dir.vpk!scripts/talker/response_rules_haze.vrr_c	1422456/9192361732058507254	dfb0a31b88076804cd58f71071b54295c73504c21b8bf73c0ea0ca1505476463
game/citadel/scripts/talker/response_rules_hornet.vrr_c	6517	citadel-runtime-and-assets	same-name-current-deadlock-vpk-member-listed	game/citadel/pak01_dir.vpk!scripts/talker/response_rules_hornet.vrr_c	1422456/9192361732058507254	945aebba7fd7600ec12f240d60b7aab0de22617ec12e31563fc96e5d62c9eb6f
game/citadel/scripts/talker/response_rules_inferno.vrr_c	5846	citadel-runtime-and-assets	same-name-current-deadlock-vpk-member-listed	game/citadel/pak01_dir.vpk!scripts/talker/response_rules_inferno.vrr_c	1422456/9192361732058507254	d348881c9df177ca93dbd80511844eb6360a676d4e663135c1c28827ee998a21
game/citadel/scripts/talker/response_rules_kali.vrr_c	6790	citadel-runtime-and-assets	same-name-current-deadlock-vpk-member-listed	game/citadel/pak01_dir.vpk!scripts/talker/response_rules_kali.vrr_c	1422456/9192361732058507254	467a731aef6b914cc1fb48176be7cad3a2d8e66a4eea74fdd693a86de28896a3
game/citadel/scripts/talker/response_rules_kelvin.vrr_c	6360	citadel-runtime-and-assets	same-name-current-deadlock-vpk-member-listed	game/citadel/pak01_dir.vpk!scripts/talker/response_rules_kelvin.vrr_c	1422456/9192361732058507254	89bff0ccad0b877140070efe420200e297c145320044208e360c91b6f6b84303
game/citadel/scripts/talker/response_rules_krill.vrr_c	6233	citadel-runtime-and-assets	same-name-current-deadlock-vpk-member-listed	game/citadel/pak01_dir.vpk!scripts/talker/response_rules_krill.vrr_c	1422456/9192361732058507254	fe632adf45996f121627a7dc8786c34d1d28f4646da7d0a5b321350a9f7a7002
game/citadel/scripts/talker/response_rules_lash.vrr_c	6378	citadel-runtime-and-assets	same-name-current-deadlock-vpk-member-listed	game/citadel/pak01_dir.vpk!scripts/talker/response_rules_lash.vrr_c	1422456/9192361732058507254	46e87760638361dbeef4f240934e9880f0e4961fa3dee8c4807843412c65b35f
game/citadel/scripts/talker/response_rules_magician_henry.vrr_c	3059	citadel-runtime-and-assets	same-name-current-deadlock-vpk-member-listed	game/citadel/pak01_dir.vpk!scripts/talker/response_rules_magician_henry.vrr_c	1422456/9192361732058507254	d79bd82a900ace64df73a673c37c7498092a9bb6f4d03353c61bb72945630fe6
game/citadel/scripts/talker/response_rules_magician_savannah.vrr_c	3042	citadel-runtime-and-assets	same-name-current-deadlock-vpk-member-listed	game/citadel/pak01_dir.vpk!scripts/talker/response_rules_magician_savannah.vrr_c	1422456/9192361732058507254	7d92f8eb11942d0d42ee31377d6cc5a85bb5f398cedac2076ab4823e06057a3a
game/citadel/scripts/talker/response_rules_mirage.vrr_c	6470	citadel-runtime-and-assets	same-name-current-deadlock-vpk-member-listed	game/citadel/pak01_dir.vpk!scripts/talker/response_rules_mirage.vrr_c	1422456/9192361732058507254	ea9ea10a362cfa5ad6f18f1f8aaa93f52e0535fffc4aa637f91a580502d7b684
game/citadel/scripts/talker/response_rules_nano.vrr_c	4530	citadel-runtime-and-assets	same-name-current-deadlock-vpk-member-listed	game/citadel/pak01_dir.vpk!scripts/talker/response_rules_nano.vrr_c	1422456/9192361732058507254	4fc5265b186c2e0098bafcf5edd3a115be5cd7ed59aa6453dc8d957c183d3935
game/citadel/scripts/talker/response_rules_neutrals.vrr_c	2338	citadel-runtime-and-assets	same-name-current-deadlock-vpk-member-listed	game/citadel/pak01_dir.vpk!scripts/talker/response_rules_neutrals.vrr_c	1422456/9192361732058507254	360c8177edb9c25b812d00fa2f29fb701edb8bb2f8b3685f183f791f1f2cbec4
game/citadel/scripts/talker/response_rules_neutral_trooper.vrr_c	1176	citadel-runtime-and-assets	same-name-current-deadlock-vpk-member-listed	game/citadel/pak01_dir.vpk!scripts/talker/response_rules_neutral_trooper.vrr_c	1422456/9192361732058507254	eecb3797ba098bce38fb87c014f5c03cd6ceea20b85edd5cf0e4cbf231ace794
game/citadel/scripts/talker/response_rules_operative.vrr_c	2811	citadel-runtime-and-assets	same-name-current-deadlock-vpk-member-listed	game/citadel/pak01_dir.vpk!scripts/talker/response_rules_operative.vrr_c	1422456/9192361732058507254	699c9257c37745316b058a3761cb3b82c8bd3a06553b9def3ccbff6376075f8b
game/citadel/scripts/talker/response_rules_orion.vrr_c	6377	citadel-runtime-and-assets	same-name-current-deadlock-vpk-member-listed	game/citadel/pak01_dir.vpk!scripts/talker/response_rules_orion.vrr_c	1422456/9192361732058507254	81b01e2410ae83cda861b5af1f76b6685401a27b6716f86b5b527a2bb7136849
game/citadel/scripts/talker/response_rules_pestilence.vrr_c	1416	citadel-runtime-and-assets	same-name-current-deadlock-vpk-member-listed	game/citadel/pak01_dir.vpk!scripts/talker/response_rules_pestilence.vrr_c	1422456/9192361732058507254	79c061a574ff6b919495452150b6f6d1c333cb80b6f9235b70d77a3970760a78
game/citadel/scripts/talker/response_rules_pocket.vrr_c	5800	citadel-runtime-and-assets	same-name-current-deadlock-vpk-member-listed	game/citadel/pak01_dir.vpk!scripts/talker/response_rules_pocket.vrr_c	1422456/9192361732058507254	64be6a4236dbba6f7fb649d246f9faa77919c9b45f022366518b7924746c61b4
game/citadel/scripts/talker/response_rules_priest.vrr_c	2677	citadel-runtime-and-assets	same-name-current-deadlock-vpk-member-listed	game/citadel/pak01_dir.vpk!scripts/talker/response_rules_priest.vrr_c	1422456/9192361732058507254	2b8f083da217cd71f8e0678c08ed5f59a7bcda819e0df33d14e188051a915d8a
game/citadel/scripts/talker/response_rules_punkgoat.vrr_c	3874	citadel-runtime-and-assets	same-name-current-deadlock-vpk-member-listed	game/citadel/pak01_dir.vpk!scripts/talker/response_rules_punkgoat.vrr_c	1422456/9192361732058507254	22a25c76a49adea7e16e611a780c309e5cd93352d19a0c91dcb91a667ddac66d
game/citadel/scripts/talker/response_rules_shiv.vrr_c	6672	citadel-runtime-and-assets	same-name-current-deadlock-vpk-member-listed	game/citadel/pak01_dir.vpk!scripts/talker/response_rules_shiv.vrr_c	1422456/9192361732058507254	7d7824d02deab8c97b5a93a908fa8286ffc05b88032c578072f3119506715e8d
game/citadel/scripts/talker/response_rules_slork.vrr_c	4054	citadel-runtime-and-assets	same-name-current-deadlock-vpk-member-listed	game/citadel/pak01_dir.vpk!scripts/talker/response_rules_slork.vrr_c	1422456/9192361732058507254	8ca25f7a9490ded22c0400c49c87fc6083c0a59ccdfcfed112bbcd5e4bc08a94
game/citadel/scripts/talker/response_rules_tengu.vrr_c	6500	citadel-runtime-and-assets	same-name-current-deadlock-vpk-member-listed	game/citadel/pak01_dir.vpk!scripts/talker/response_rules_tengu.vrr_c	1422456/9192361732058507254	fc54a90a42b6db7270ecaf9e5c4ae604b8edb8d887f280786bcbbb7ace089a67
game/citadel/scripts/talker/response_rules_tier2_boss.vrr_c	1160	citadel-runtime-and-assets	same-name-current-deadlock-vpk-member-listed	game/citadel/pak01_dir.vpk!scripts/talker/response_rules_tier2_boss.vrr_c	1422456/9192361732058507254	605ee384e35301050cdd0b5445ea4635da5cfc3ff818664682e4c79a93333061
game/citadel/scripts/talker/response_rules_trapper.vrr_c	2897	citadel-runtime-and-assets	same-name-current-deadlock-vpk-member-listed	game/citadel/pak01_dir.vpk!scripts/talker/response_rules_trapper.vrr_c	1422456/9192361732058507254	1fdc191743b7c2227040cd77a689db6518c681df72f26101d4e23e24d597e8da
game/citadel/scripts/talker/response_rules_trooper.vrr_c	1160	citadel-runtime-and-assets	same-name-current-deadlock-vpk-member-listed	game/citadel/pak01_dir.vpk!scripts/talker/response_rules_trooper.vrr_c	1422456/9192361732058507254	2059e2cf77943a66e1649f32e7c92b0fdb0fbb3816b267909d19526a6786e425
game/citadel/scripts/talker/response_rules_vampirebat.vrr_c	4457	citadel-runtime-and-assets	same-name-current-deadlock-vpk-member-listed	game/citadel/pak01_dir.vpk!scripts/talker/response_rules_vampirebat.vrr_c	1422456/9192361732058507254	d41e67337f34a4edcc625d95e193c0486fb128c58e46e29653f9346b6534f640
game/citadel/scripts/talker/response_rules_viper.vrr_c	3628	citadel-runtime-and-assets	same-name-current-deadlock-vpk-member-listed	game/citadel/pak01_dir.vpk!scripts/talker/response_rules_viper.vrr_c	1422456/9192361732058507254	18553ab8714e7ae5d549de97e3c7b8edcd6339a059e6940a6d5623d34914e79e
game/citadel/scripts/talker/response_rules_viscous.vrr_c	5758	citadel-runtime-and-assets	same-name-current-deadlock-vpk-member-listed	game/citadel/pak01_dir.vpk!scripts/talker/response_rules_viscous.vrr_c	1422456/9192361732058507254	8d81a4516ac8b0f608a25c1a3de6fc207b6caa919edfa964c8945db0fe4e9310
game/citadel/scripts/talker/response_rules_warden.vrr_c	6298	citadel-runtime-and-assets	same-name-current-deadlock-vpk-member-listed	game/citadel/pak01_dir.vpk!scripts/talker/response_rules_warden.vrr_c	1422456/9192361732058507254	39b2ae5ea585a3178113b777340c7d5a5a19e4e526a01efdd24133744b36c4e2
game/citadel/scripts/talker/response_rules_wraith.vrr_c	6132	citadel-runtime-and-assets	same-name-current-deadlock-vpk-member-listed	game/citadel/pak01_dir.vpk!scripts/talker/response_rules_wraith.vrr_c	1422456/9192361732058507254	0d35a7608c6e9a44fc4c68be4463bdbd9699e9f13e78319ef9ec6e7b69f8e064
game/citadel/scripts/talker/response_rules_wrecker.vrr_c	5041	citadel-runtime-and-assets	same-name-current-deadlock-vpk-member-listed	game/citadel/pak01_dir.vpk!scripts/talker/response_rules_wrecker.vrr_c	1422456/9192361732058507254	934264cd8f8008ca4a794fadcaa46b849f85f32be9228f6a3fbbb1a24ee61e0e
game/citadel/scripts/talker/response_rules_yakuza.vrr_c	1152	citadel-runtime-and-assets	same-name-current-deadlock-vpk-member-listed	game/citadel/pak01_dir.vpk!scripts/talker/response_rules_yakuza.vrr_c	1422456/9192361732058507254	a79756aa2bdefc1a01deec507840f237da3f39675c67a71d6b5ecf53627b442e
game/citadel/scripts/talker/response_rules_yamato.vrr_c	6243	citadel-runtime-and-assets	same-name-current-deadlock-vpk-member-listed	game/citadel/pak01_dir.vpk!scripts/talker/response_rules_yamato.vrr_c	1422456/9192361732058507254	9852e30ae89ffc61f28a4d977c9aaa92984e9fd96ff1b64e28a01c2671b48897
game/citadel/scripts/tools/game_asset_tags.vdata_c	3282	citadel-runtime-and-assets	same-name-current-deadlock-vpk-member-listed	game/citadel/pak01_dir.vpk!scripts/tools/game_asset_tags.vdata_c	1422456/9192361732058507254	920c53954bb20db9ab5ea998f5b68198bf54b0dc00eedfbc455820dfe3bbbd99
game/citadel/shaders_pc_000.vpk	13473805	citadel-runtime-and-assets	same-name-current-loose-file-listed	game/citadel/shaders_pc_000.vpk	1422452/1334199870863440742	f1cabbc4d237caf5d224f2d922b5f1bb94b0161349df234a3f3c309cfb8da72e
game/citadel/shaders_pc_dir.vpk	10209	citadel-runtime-and-assets	same-name-current-loose-file-listed	game/citadel/shaders_pc_dir.vpk	1422452/1334199870863440742	aea98ec18035b16997d31abc862ba1225eb954387b403dd8b03b106b8804ec02
game/citadel/shaders_vulkan_000.vpk	39706040	citadel-runtime-and-assets	same-name-current-loose-file-listed	game/citadel/shaders_vulkan_000.vpk	1422452/1334199870863440742	ffd22aff780855497e5c9ff84b7ac2dd19ea1ed862608d1510c640a4de6089f9
game/citadel/shaders_vulkan_dir.vpk	13168	citadel-runtime-and-assets	same-name-current-loose-file-listed	game/citadel/shaders_vulkan_dir.vpk	1422452/1334199870863440742	d98aef4f19c19b6d9650ed920dbccc072618e55b0e9b4e1576919bebcb9c133a
game/citadel/smart_props/bookshelf.vsmart_c	4944	citadel-runtime-and-assets	same-name-current-deadlock-vpk-member-listed	game/citadel/pak01_dir.vpk!smart_props/bookshelf.vsmart_c	1422456/9192361732058507254	9a88b23f0be88beaefb39eef069002838ec22a77d1b2426b8b966c140a7fd4b4
game/citadel/smart_props/cable_ornaments.vsmart_c	4088	citadel-runtime-and-assets	same-name-current-deadlock-vpk-member-listed	game/citadel/pak01_dir.vpk!smart_props/cable_ornaments.vsmart_c	1422456/9192361732058507254	cf852c6090c1579710f3b9313968547d818d51d289116385eee4e8c9c0d87a5b
game/citadel/smart_props/ind_stairs.vsmart_c	2032	citadel-runtime-and-assets	same-name-current-deadlock-vpk-member-listed	game/citadel/pak01_dir.vpk!smart_props/ind_stairs.vsmart_c	1422456/9192361732058507254	045d1141514b7e4863b586a936225d11f7f4c0a06a251ce0e0f84b5fe23877c9
game/citadel/smart_props/plank_bridge.vsmart_c	2183	citadel-runtime-and-assets	same-name-current-deadlock-vpk-member-listed	game/citadel/pak01_dir.vpk!smart_props/plank_bridge.vsmart_c	1422456/9192361732058507254	020ecd0735f6fb2486c6307b58c739863130d3cc6803964c4bd0e96b61b4ec25
game/citadel/smart_props/watertower.vsmart_c	8036	citadel-runtime-and-assets	same-name-current-deadlock-vpk-member-listed	game/citadel/pak01_dir.vpk!smart_props/watertower.vsmart_c	1422456/9192361732058507254	cc0e4810b9cdb61484778a9ef9ba580d2f6156bb62bdcaed143437d1cc6baa1a
game/citadel/smart_props/wooden_pallet_stack.vsmart_c	1838	citadel-runtime-and-assets	same-name-current-deadlock-vpk-member-listed	game/citadel/pak01_dir.vpk!smart_props/wooden_pallet_stack.vsmart_c	1422456/9192361732058507254	ea78fcf4756ac854194e55750f9f58ccc27ba2213b188ecca6387d35ac8d3f18
game/citadel/soundevents/ambience/ambience_hideout.vsndevts_c	4981	citadel-runtime-and-assets	same-name-current-deadlock-vpk-member-listed	game/citadel/pak01_dir.vpk!soundevents/ambience/ambience_hideout.vsndevts_c	1422456/9192361732058507254	f4e5af86991603df5b4ab0c4f3f6e83529479f0d5a380a0bc0e529a436c871bf
game/citadel/soundevents/ambience/interiors.vsndevts_c	2468	citadel-runtime-and-assets	same-name-current-deadlock-vpk-member-listed	game/citadel/pak01_dir.vpk!soundevents/ambience/interiors.vsndevts_c	1422456/9192361732058507254	fee0a7848ff0a10307c32722b1ac9af1e947f9f3e73ca62b4625799f4e966749
game/citadel/soundevents/ambience/lanes.vsndevts_c	23075	citadel-runtime-and-assets	same-name-current-deadlock-vpk-member-listed	game/citadel/pak01_dir.vpk!soundevents/ambience/lanes.vsndevts_c	1422456/9192361732058507254	c4fc6f31c129d026edb4afde292d8ab76529cdf016c999609b5271968698e510
game/citadel/soundevents/ambience/lane_outdoor.vsndevts_c	1120	citadel-runtime-and-assets	same-name-current-deadlock-vpk-member-listed	game/citadel/pak01_dir.vpk!soundevents/ambience/lane_outdoor.vsndevts_c	1422456/9192361732058507254	820fb01aa49e2a110085d49cbdc222c9772d4c9804486a996443d4b7e806925b
game/citadel/soundevents/ambience/mid.vsndevts_c	1259	citadel-runtime-and-assets	same-name-current-deadlock-vpk-member-listed	game/citadel/pak01_dir.vpk!soundevents/ambience/mid.vsndevts_c	1422456/9192361732058507254	78474b37d4899e96e4067eb392d1a2ff08fcb13097f6c2360cab9244268c4c87
game/citadel/soundevents/ambience/teambase.vsndevts_c	1263	citadel-runtime-and-assets	same-name-current-deadlock-vpk-member-listed	game/citadel/pak01_dir.vpk!soundevents/ambience/teambase.vsndevts_c	1422456/9192361732058507254	a7e41f9efe6e4f16005e0255b881e97a704e82afc284239c6ce042990705d30e
game/citadel/soundevents/base/ambience.vsndevts_c	1275	citadel-runtime-and-assets	same-name-current-deadlock-vpk-member-listed	game/citadel/pak01_dir.vpk!soundevents/base/ambience.vsndevts_c	1422456/9192361732058507254	40147c2a5848efdcf144b42620ba6c0bd7989853058518c30c63687412c07ed8
game/citadel/soundevents/base/citadel_base_events.vsndevts_c	23589	citadel-runtime-and-assets	same-name-current-deadlock-vpk-member-listed	game/citadel/pak01_dir.vpk!soundevents/base/citadel_base_events.vsndevts_c	1422456/9192361732058507254	cf4228550506c6a1a34bb96d8b9b6df152bbb2db648afa396ad4d8f47611486b
game/citadel/soundevents/base/dialog_base_events.vsndevts_c	3417	citadel-runtime-and-assets	same-name-current-deadlock-vpk-member-listed	game/citadel/pak01_dir.vpk!soundevents/base/dialog_base_events.vsndevts_c	1422456/9192361732058507254	499ff4ba3fea89bbdc06d7ec36f7db8850046e672489d2bb2185be37bddac101
game/citadel/soundevents/base/music.vsndevts_c	1276	citadel-runtime-and-assets	same-name-current-deadlock-vpk-member-listed	game/citadel/pak01_dir.vpk!soundevents/base/music.vsndevts_c	1422456/9192361732058507254	6ab5a8ff9688558f7689979cb41ce03417ffac42544b96bbc240a32742e1367a
game/citadel/soundevents/base/npc_guardians.vsndevts_c	1305	citadel-runtime-and-assets	no-current-path-match-in-checked-sources			6a32756b06900debb15c500905c3dc727c88973aa0e45bccfea56fceff04ba90
game/citadel/soundevents/base/npc_neutral.vsndevts_c	1568	citadel-runtime-and-assets	no-current-path-match-in-checked-sources			6c55a417b03af01b73b7013e83acb6440aebf0717413e45041b2833f045af584
game/citadel/soundevents/base/npc_patron.vsndevts_c	1387	citadel-runtime-and-assets	no-current-path-match-in-checked-sources			8c4ff6f9065e3d23ddd9cdb93664d4b28d4ee17e23013815ec382fb6e217b147
game/citadel/soundevents/base/npc_troopers.vsndevts_c	1573	citadel-runtime-and-assets	no-current-path-match-in-checked-sources			0d1ec58a1109c1905597e35bc16a9bd1ee520287c57a13ef982c130f0260c53f
game/citadel/soundevents/base/npc_walkers.vsndevts_c	1602	citadel-runtime-and-assets	no-current-path-match-in-checked-sources			29d1ac04226d037d969d80d95a26bd59ff5db6827d8792afc62c3016b892dde1
game/citadel/soundevents/base/test.vsndevts_c	1199	citadel-runtime-and-assets	same-name-current-deadlock-vpk-member-listed	game/citadel/pak01_dir.vpk!soundevents/base/test.vsndevts_c	1422456/9192361732058507254	12eb5816acea2c0be3f54810f0de24c342425cf80d66311e686827c1b1baf23e
game/citadel/soundevents/base/ui.vsndevts_c	1492	citadel-runtime-and-assets	same-name-current-deadlock-vpk-member-listed	game/citadel/pak01_dir.vpk!soundevents/base/ui.vsndevts_c	1422456/9192361732058507254	0fe380c5ae4104ab4e52907b92310f7fcaf98f79c40e4f46f4618ab39f826aee
game/citadel/soundevents/base/weapons_shared.vsndevts_c	6062	citadel-runtime-and-assets	same-name-current-deadlock-vpk-member-listed	game/citadel/pak01_dir.vpk!soundevents/base/weapons_shared.vsndevts_c	1422456/9192361732058507254	f4933ded072764447f2b663c0dcd0eb12064d20f9435e83bdd6b5c3a12eb7f8f
game/citadel/soundevents/base/world.vsndevts_c	1253	citadel-runtime-and-assets	same-name-current-deadlock-vpk-member-listed	game/citadel/pak01_dir.vpk!soundevents/base/world.vsndevts_c	1422456/9192361732058507254	aa2180c85023bd72d0d40a8de82879c498dbb0a5b8cac88afaf1f85cc3135c4f
game/citadel/soundevents/breakables.vsndevts_c	3497	citadel-runtime-and-assets	same-name-current-deadlock-vpk-member-listed	game/citadel/pak01_dir.vpk!soundevents/breakables.vsndevts_c	1422456/9192361732058507254	513904072cb102f3f3a5cb819bd4f9da3d87419853221cdbb67584fb41466921
game/citadel/soundevents/chat_wheel.vsndevts_c	1456	citadel-runtime-and-assets	same-name-current-deadlock-vpk-member-listed	game/citadel/pak01_dir.vpk!soundevents/chat_wheel.vsndevts_c	1422456/9192361732058507254	4890e4081da6aec01e0bcac57908fae9db27d3ea9dcc02a0d289926e35a6a01e
game/citadel/soundevents/convars.vsndevts_c	1056	citadel-runtime-and-assets	same-name-current-deadlock-vpk-member-listed	game/citadel/pak01_dir.vpk!soundevents/convars.vsndevts_c	1422456/9192361732058507254	e21808f763f1ec224fb2f1f91cef09da837331c4e04177ebf8374ddbc4a4a1dd
game/citadel/soundevents/damage.vsndevts_c	5539	citadel-runtime-and-assets	same-name-current-deadlock-vpk-member-listed	game/citadel/pak01_dir.vpk!soundevents/damage.vsndevts_c	1422456/9192361732058507254	e86fee06ef8fce55952d64b01eb132bc996708174304698eb2c074e325c3c23e
game/citadel/soundevents/gameplay.vsndevts_c	10864	citadel-runtime-and-assets	same-name-current-deadlock-vpk-member-listed	game/citadel/pak01_dir.vpk!soundevents/gameplay.vsndevts_c	1422456/9192361732058507254	1e4f7154511032065415d0d528999304ce609c324c9f77c5fafa212d3bdb3c6b
game/citadel/soundevents/generated_vo_hero_death_vo.vsndevts_c	14367	citadel-runtime-and-assets	same-name-current-deadlock-vpk-member-listed	game/citadel/pak01_dir.vpk!soundevents/generated_vo_hero_death_vo.vsndevts_c	1422456/9192361732058507254	68215ea74e56f92d61b28f09ecd4ae8550689ad6d55d8a40bfc52e694f958435
game/citadel/soundevents/generated_vo_hero_pick_vo.vsndevts_c	36085	citadel-runtime-and-assets	same-name-current-deadlock-vpk-member-listed	game/citadel/pak01_dir.vpk!soundevents/generated_vo_hero_pick_vo.vsndevts_c	1422456/9192361732058507254	5e90a0b69f8d1f9b8c9a88e054b63fa7f5e1ef6e83b96919e3f82845feca1b0d
game/citadel/soundevents/hero/abrams.vsndevts_c	10450	citadel-runtime-and-assets	same-name-current-deadlock-vpk-member-listed	game/citadel/pak01_dir.vpk!soundevents/hero/abrams.vsndevts_c	1422456/9192361732058507254	a8dedaf7f1402d8f8ffcbaa51dc2bd9a8af4284c473969f423df14299a3515f6
game/citadel/soundevents/hero/astro.vsndevts_c	14327	citadel-runtime-and-assets	same-name-current-deadlock-vpk-member-listed	game/citadel/pak01_dir.vpk!soundevents/hero/astro.vsndevts_c	1422456/9192361732058507254	7e63c900cbd25e1320a730afc7dcd5426557e87d615d7f951e55176e080f640f
game/citadel/soundevents/hero/bebop.vsndevts_c	11416	citadel-runtime-and-assets	same-name-current-deadlock-vpk-member-listed	game/citadel/pak01_dir.vpk!soundevents/hero/bebop.vsndevts_c	1422456/9192361732058507254	6171d9df15de0fd3a32315e8fc614f525d6ae9510a195299de2ebc1145623ee0
game/citadel/soundevents/hero/bookworm.vsndevts_c	9514	citadel-runtime-and-assets	same-name-current-deadlock-vpk-member-listed	game/citadel/pak01_dir.vpk!soundevents/hero/bookworm.vsndevts_c	1422456/9192361732058507254	5d46e98df6472bc50648e810ae63d837a0b3d85d611c53e5866e4bf6dfa0ca64
game/citadel/soundevents/hero/chrono.vsndevts_c	11338	citadel-runtime-and-assets	same-name-current-deadlock-vpk-member-listed	game/citadel/pak01_dir.vpk!soundevents/hero/chrono.vsndevts_c	1422456/9192361732058507254	e21fd174c712c07ab97e426465dd24fe817cd6533b3b2bb9091827eedac3019c
game/citadel/soundevents/hero/doorman.vsndevts_c	13116	citadel-runtime-and-assets	same-name-current-deadlock-vpk-member-listed	game/citadel/pak01_dir.vpk!soundevents/hero/doorman.vsndevts_c	1422456/9192361732058507254	e9aa7a994c0431476fac9c601fb93954daba5e3c3176dbcdecd715884ba4aacd
game/citadel/soundevents/hero/drifter.vsndevts_c	7069	citadel-runtime-and-assets	same-name-current-deadlock-vpk-member-listed	game/citadel/pak01_dir.vpk!soundevents/hero/drifter.vsndevts_c	1422456/9192361732058507254	a230cdf6b356937a73dbea275267cfd242ac407531b60d562b3fa487e6ce9aca
game/citadel/soundevents/hero/dynamo.vsndevts_c	13968	citadel-runtime-and-assets	same-name-current-deadlock-vpk-member-listed	game/citadel/pak01_dir.vpk!soundevents/hero/dynamo.vsndevts_c	1422456/9192361732058507254	d06bb5e603ff31491c33ff3443af16cc85d621522a51cb720d86f56a1c941d20
game/citadel/soundevents/hero/forge.vsndevts_c	14451	citadel-runtime-and-assets	same-name-current-deadlock-vpk-member-listed	game/citadel/pak01_dir.vpk!soundevents/hero/forge.vsndevts_c	1422456/9192361732058507254	38e4096b3146b1ace9576a0fa7657cb41a4bcd327e24864140b7e9b42b03b95e
game/citadel/soundevents/hero/frank.vsndevts_c	9049	citadel-runtime-and-assets	same-name-current-deadlock-vpk-member-listed	game/citadel/pak01_dir.vpk!soundevents/hero/frank.vsndevts_c	1422456/9192361732058507254	09a9e0085c9a03176b3342d4683b861b5528fa15a676d75fa1aea42c8d9f899f
game/citadel/soundevents/hero/geist.vsndevts_c	13176	citadel-runtime-and-assets	same-name-current-deadlock-vpk-member-listed	game/citadel/pak01_dir.vpk!soundevents/hero/geist.vsndevts_c	1422456/9192361732058507254	b90106383bc9f7fa1ff10b11824bc96d027696a14a813bcce442f55170dd4ea9
game/citadel/soundevents/hero/gigawatt.vsndevts_c	16700	citadel-runtime-and-assets	same-name-current-deadlock-vpk-member-listed	game/citadel/pak01_dir.vpk!soundevents/hero/gigawatt.vsndevts_c	1422456/9192361732058507254	43e6b1113732d6b4d868e87fdac6b344ca63fd08bb4ec6454e6ada4635ec6951
game/citadel/soundevents/hero/haze.vsndevts_c	12448	citadel-runtime-and-assets	same-name-current-deadlock-vpk-member-listed	game/citadel/pak01_dir.vpk!soundevents/hero/haze.vsndevts_c	1422456/9192361732058507254	313eb0e4f9a39e25bdfb43f6c905767f43c685dd0d9dca7d3d66268da10a977c
game/citadel/soundevents/hero/hornet.vsndevts_c	10330	citadel-runtime-and-assets	same-name-current-deadlock-vpk-member-listed	game/citadel/pak01_dir.vpk!soundevents/hero/hornet.vsndevts_c	1422456/9192361732058507254	f983c9deb2fbdac4a6ac5e99c7533fd71e0ead392d011934a774850fb1c68448
game/citadel/soundevents/hero/inferno.vsndevts_c	12071	citadel-runtime-and-assets	same-name-current-deadlock-vpk-member-listed	game/citadel/pak01_dir.vpk!soundevents/hero/inferno.vsndevts_c	1422456/9192361732058507254	341ce73c80a2c191394b0f4886b2eb133e98fb3015628e774e923d553e49eb65
game/citadel/soundevents/hero/kelvin.vsndevts_c	10987	citadel-runtime-and-assets	same-name-current-deadlock-vpk-member-listed	game/citadel/pak01_dir.vpk!soundevents/hero/kelvin.vsndevts_c	1422456/9192361732058507254	b87d73af11d88558f280ebc3698c4a5a267b30c6abfd2a7d6a46e794b26efb93
game/citadel/soundevents/hero/krill.vsndevts_c	10638	citadel-runtime-and-assets	same-name-current-deadlock-vpk-member-listed	game/citadel/pak01_dir.vpk!soundevents/hero/krill.vsndevts_c	1422456/9192361732058507254	90ba47a17805ccb2c77b4439a7486bc6043d20947fc2e70092be950b9d50e969
game/citadel/soundevents/hero/lash.vsndevts_c	11395	citadel-runtime-and-assets	same-name-current-deadlock-vpk-member-listed	game/citadel/pak01_dir.vpk!soundevents/hero/lash.vsndevts_c	1422456/9192361732058507254	195dc98de0923f683d2643aef06afb58e21fe7d5ddd5aac5aba1230b91d43653
game/citadel/soundevents/hero/magician.vsndevts_c	11665	citadel-runtime-and-assets	same-name-current-deadlock-vpk-member-listed	game/citadel/pak01_dir.vpk!soundevents/hero/magician.vsndevts_c	1422456/9192361732058507254	33c08c73748f632e56ecc0b42d45f984064e69d031124d7d05d47257313602cd
game/citadel/soundevents/hero/mirage.vsndevts_c	13496	citadel-runtime-and-assets	same-name-current-deadlock-vpk-member-listed	game/citadel/pak01_dir.vpk!soundevents/hero/mirage.vsndevts_c	1422456/9192361732058507254	2e19232d737983e64bf5e40419bac15cd969ef06052dd099a8d429ab3493365b
game/citadel/soundevents/hero/nano.vsndevts_c	14997	citadel-runtime-and-assets	same-name-current-deadlock-vpk-member-listed	game/citadel/pak01_dir.vpk!soundevents/hero/nano.vsndevts_c	1422456/9192361732058507254	c9f45ec18e01ec60ce636279dd23374fb08d33be4906e65a36df52f94b631bc9
game/citadel/soundevents/hero/operative.vsndevts_c	5210	citadel-runtime-and-assets	same-name-current-deadlock-vpk-member-listed	game/citadel/pak01_dir.vpk!soundevents/hero/operative.vsndevts_c	1422456/9192361732058507254	8a4ece52f56229bcfa6607da4fe795f7427850c91c0227c0c49394f6bf56066b
game/citadel/soundevents/hero/orion.vsndevts_c	11052	citadel-runtime-and-assets	same-name-current-deadlock-vpk-member-listed	game/citadel/pak01_dir.vpk!soundevents/hero/orion.vsndevts_c	1422456/9192361732058507254	f905030582a7ae5699a4f6dbff06b5107145c959076d7d7baec780b98779c4d8
game/citadel/soundevents/hero/pocket.vsndevts_c	12880	citadel-runtime-and-assets	same-name-current-deadlock-vpk-member-listed	game/citadel/pak01_dir.vpk!soundevents/hero/pocket.vsndevts_c	1422456/9192361732058507254	e23a1acb2700f9b05eb6593e1d66502bd219fe0da1ee746800f32acdaf3d2916
game/citadel/soundevents/hero/priest.vsndevts_c	6064	citadel-runtime-and-assets	same-name-current-deadlock-vpk-member-listed	game/citadel/pak01_dir.vpk!soundevents/hero/priest.vsndevts_c	1422456/9192361732058507254	903e44820643aec994eaa847f98bf48be6bf3e48f158c7ce4fc778389947580f
game/citadel/soundevents/hero/punkgoat.vsndevts_c	9129	citadel-runtime-and-assets	same-name-current-deadlock-vpk-member-listed	game/citadel/pak01_dir.vpk!soundevents/hero/punkgoat.vsndevts_c	1422456/9192361732058507254	43a56f586aa97d073a37e7a318cff814c0eeee5d3a5194faf055d89ec1b9294c
game/citadel/soundevents/hero/shiv.vsndevts_c	12722	citadel-runtime-and-assets	same-name-current-deadlock-vpk-member-listed	game/citadel/pak01_dir.vpk!soundevents/hero/shiv.vsndevts_c	1422456/9192361732058507254	aa03d6f0b4e343d50fc84d0638224e99bec6f901384703ae140691af6414ad65
game/citadel/soundevents/hero/slork.vsndevts_c	9928	citadel-runtime-and-assets	same-name-current-deadlock-vpk-member-listed	game/citadel/pak01_dir.vpk!soundevents/hero/slork.vsndevts_c	1422456/9192361732058507254	5c5aeccbecb464d77361ee469efaf65534eae939656fc086c29eb02af8d51cf6
game/citadel/soundevents/hero/tengu.vsndevts_c	15295	citadel-runtime-and-assets	same-name-current-deadlock-vpk-member-listed	game/citadel/pak01_dir.vpk!soundevents/hero/tengu.vsndevts_c	1422456/9192361732058507254	4052c4fdc24564736f8b1d4dcd39c558ea138c1cad4a21c552f6086b23b30939
game/citadel/soundevents/hero/tokamak.vsndevts_c	9246	citadel-runtime-and-assets	same-name-current-deadlock-vpk-member-listed	game/citadel/pak01_dir.vpk!soundevents/hero/tokamak.vsndevts_c	1422456/9192361732058507254	7eee017070832925410d4483b241a6620f5d76d51364b72c28cc368acfc79359
game/citadel/soundevents/hero/trapper.vsndevts_c	8322	citadel-runtime-and-assets	same-name-current-deadlock-vpk-member-listed	game/citadel/pak01_dir.vpk!soundevents/hero/trapper.vsndevts_c	1422456/9192361732058507254	babc1c53467e7899ebbbcc5996e60bc994bdc6fa9eb8bdf57ea5fb02b49931dc
game/citadel/soundevents/hero/vampirebat.vsndevts_c	12304	citadel-runtime-and-assets	same-name-current-deadlock-vpk-member-listed	game/citadel/pak01_dir.vpk!soundevents/hero/vampirebat.vsndevts_c	1422456/9192361732058507254	29dff7b4616ff976ef7ededf4ca417144a479ed7d0bb1999619e30201a1d2e6b
game/citadel/soundevents/hero/viper.vsndevts_c	13642	citadel-runtime-and-assets	same-name-current-deadlock-vpk-member-listed	game/citadel/pak01_dir.vpk!soundevents/hero/viper.vsndevts_c	1422456/9192361732058507254	f5f62305428f7647c9146593c4c1f78f7552fe2cf9382e3129358497e9ddc1d0
game/citadel/soundevents/hero/viscous.vsndevts_c	12367	citadel-runtime-and-assets	same-name-current-deadlock-vpk-member-listed	game/citadel/pak01_dir.vpk!soundevents/hero/viscous.vsndevts_c	1422456/9192361732058507254	6b0875137de41fe5f5e025651b6ebbedfb32ce1756308e24ef902f8a17442eda
game/citadel/soundevents/hero/warden.vsndevts_c	10418	citadel-runtime-and-assets	same-name-current-deadlock-vpk-member-listed	game/citadel/pak01_dir.vpk!soundevents/hero/warden.vsndevts_c	1422456/9192361732058507254	6b992cfaf1788209d5e59574cf62507b5e1c9db547750bbe8ac8a293556a1acc
game/citadel/soundevents/hero/wraith.vsndevts_c	13106	citadel-runtime-and-assets	same-name-current-deadlock-vpk-member-listed	game/citadel/pak01_dir.vpk!soundevents/hero/wraith.vsndevts_c	1422456/9192361732058507254	6bae0f133a026e1ff65c587931f87f7f8ad504ef64371021d60fa4806aa22dab
game/citadel/soundevents/hero/wrecker.vsndevts_c	10649	citadel-runtime-and-assets	same-name-current-deadlock-vpk-member-listed	game/citadel/pak01_dir.vpk!soundevents/hero/wrecker.vsndevts_c	1422456/9192361732058507254	2166a0b5354b75125c63b774cc9284fe28d18649dabc8c236b21689aff42e56b
game/citadel/soundevents/hero/yamato.vsndevts_c	13004	citadel-runtime-and-assets	same-name-current-deadlock-vpk-member-listed	game/citadel/pak01_dir.vpk!soundevents/hero/yamato.vsndevts_c	1422456/9192361732058507254	9b704769e7e53081777e922ce1fc6a8366eac32dfe51b0533d6881ce377520b8
game/citadel/soundevents/hero/_shared.vsndevts_c	6420	citadel-runtime-and-assets	same-name-current-deadlock-vpk-member-listed	game/citadel/pak01_dir.vpk!soundevents/hero/_shared.vsndevts_c	1422456/9192361732058507254	12b1bd392b51eb720ec655a75a502ca0f7f172e2c96debf0bc27f1e478884a61
game/citadel/soundevents/mods/armor.vsndevts_c	11655	citadel-runtime-and-assets	same-name-current-deadlock-vpk-member-listed	game/citadel/pak01_dir.vpk!soundevents/mods/armor.vsndevts_c	1422456/9192361732058507254	8b2aaa569599ac69a587e32e41ee0c6ad0ada2f8d2dad35918c6eab589a9fb2a
game/citadel/soundevents/mods/tech.vsndevts_c	15013	citadel-runtime-and-assets	same-name-current-deadlock-vpk-member-listed	game/citadel/pak01_dir.vpk!soundevents/mods/tech.vsndevts_c	1422456/9192361732058507254	5ca66b4c688c82084ee4dfe73f09c3501bbac2fc15f3094e1e5936233062c0a7
game/citadel/soundevents/mods/weapon.vsndevts_c	9969	citadel-runtime-and-assets	same-name-current-deadlock-vpk-member-listed	game/citadel/pak01_dir.vpk!soundevents/mods/weapon.vsndevts_c	1422456/9192361732058507254	ffa056c2b4b9112c3585d2677021a32492a1b17889ece744ef75c20708788366
game/citadel/soundevents/music.vsndevts_c	7191	citadel-runtime-and-assets	same-name-current-deadlock-vpk-member-listed	game/citadel/pak01_dir.vpk!soundevents/music.vsndevts_c	1422456/9192361732058507254	a1868d0f4df115ec0b07920bd6819e00e85b083c267e3248296a9cd926931cbe
game/citadel/soundevents/music_arpeggiator.vsndevts_c	4093	citadel-runtime-and-assets	same-name-current-deadlock-vpk-member-listed	game/citadel/pak01_dir.vpk!soundevents/music_arpeggiator.vsndevts_c	1422456/9192361732058507254	62c5ca90101f27ace8d1c529c2f6bb951b02a20afb7af5d09b777fbc9da2a11d
game/citadel/soundevents/new_player_vo.vsndevts_c	4703	citadel-runtime-and-assets	same-name-current-deadlock-vpk-member-listed	game/citadel/pak01_dir.vpk!soundevents/new_player_vo.vsndevts_c	1422456/9192361732058507254	b46abcd17b2323028149defccc1b91bb24f63445f2a17b226fc30a772b7076f4
game/citadel/soundevents/npc/guardians.vsndevts_c	4070	citadel-runtime-and-assets	same-name-current-deadlock-vpk-member-listed	game/citadel/pak01_dir.vpk!soundevents/npc/guardians.vsndevts_c	1422456/9192361732058507254	a14f5b9d92107397a5fb9f81e4b62bfe220330fa24f14c8a95e3a39e016f1d77
game/citadel/soundevents/npc/neut_camps.vsndevts_c	3175	citadel-runtime-and-assets	same-name-current-deadlock-vpk-member-listed	game/citadel/pak01_dir.vpk!soundevents/npc/neut_camps.vsndevts_c	1422456/9192361732058507254	879a46fedffac6582d0a609fad84400f7e86cc3f5fe85897317747dee26443bc
game/citadel/soundevents/npc/neut_clean_bot.vsndevts_c	2675	citadel-runtime-and-assets	no-current-path-match-in-checked-sources			c074a1e88a43e18f6e6bee368aa39deccc64aa9ad635f244e2fdab3d22bc0313
game/citadel/soundevents/npc/neut_gargoyle.vsndevts_c	2256	citadel-runtime-and-assets	same-name-current-deadlock-vpk-member-listed	game/citadel/pak01_dir.vpk!soundevents/npc/neut_gargoyle.vsndevts_c	1422456/9192361732058507254	c7c435d928d0cf43f7b81446b5092906b67bc301252cf1df97e194d17425544f
game/citadel/soundevents/npc/neut_punk_bot.vsndevts_c	1836	citadel-runtime-and-assets	no-current-path-match-in-checked-sources			471cd39813645f11c9ddf9dfb770af89dfed956f4bc9d71deb261ac117aa98ce
game/citadel/soundevents/npc/neut_sushi_bot.vsndevts_c	7138	citadel-runtime-and-assets	no-current-path-match-in-checked-sources			2884fbecf471d63397e128e26bd9b40726d36b449d519b742ea765974d30b9ae
game/citadel/soundevents/npc/neut_vaults.vsndevts_c	4469	citadel-runtime-and-assets	same-name-current-deadlock-vpk-member-listed	game/citadel/pak01_dir.vpk!soundevents/npc/neut_vaults.vsndevts_c	1422456/9192361732058507254	7c1596d00f18c510926e144e5bb3e45ff0ba404d2900de02bdc85ecac5bb3105
game/citadel/soundevents/npc/titan.vsndevts_c	2034	citadel-runtime-and-assets	same-name-current-deadlock-vpk-member-listed	game/citadel/pak01_dir.vpk!soundevents/npc/titan.vsndevts_c	1422456/9192361732058507254	e56437fdbb1e199a894b4087bc3b419d21ed999124a8a9c9ffbfb8df8942e90f
game/citadel/soundevents/npc/troopers.vsndevts_c	10130	citadel-runtime-and-assets	same-name-current-deadlock-vpk-member-listed	game/citadel/pak01_dir.vpk!soundevents/npc/troopers.vsndevts_c	1422456/9192361732058507254	118ad274f332133537705f6402bf1281d7dc982f95ffde7b7397fc6d1d7702a5
game/citadel/soundevents/npc/walkers.vsndevts_c	4919	citadel-runtime-and-assets	same-name-current-deadlock-vpk-member-listed	game/citadel/pak01_dir.vpk!soundevents/npc/walkers.vsndevts_c	1422456/9192361732058507254	352b0cfe4f5d96e88973bb11e7bdc5cf644604822d029052a0e918fd42bc4aab
game/citadel/soundevents/player.vsndevts_c	9423	citadel-runtime-and-assets	same-name-current-deadlock-vpk-member-listed	game/citadel/pak01_dir.vpk!soundevents/player.vsndevts_c	1422456/9192361732058507254	867a86810006bc625a47251fac7ba4577f6283ac1e931adee3e8af3d4a9ed374
game/citadel/soundevents/powerups.vsndevts_c	3984	citadel-runtime-and-assets	same-name-current-deadlock-vpk-member-listed	game/citadel/pak01_dir.vpk!soundevents/powerups.vsndevts_c	1422456/9192361732058507254	fb088c6e89a83811330962930b5c5c1a124e0a3ba67b90c2eafdd8ca13c8ecab
game/citadel/soundevents/soundevents_from_tools.vsndevts_c	2803	citadel-runtime-and-assets	same-name-current-deadlock-vpk-member-listed	game/citadel/pak01_dir.vpk!soundevents/soundevents_from_tools.vsndevts_c	1422456/9192361732058507254	b0e54c36d9023d670705e317979fd61453c2ac6db30d843667744998f07c603e
game/citadel/soundevents/soundevents_manifest_citadel.vrman_c	6018	citadel-runtime-and-assets	same-name-current-deadlock-vpk-member-listed	game/citadel/pak01_dir.vpk!soundevents/soundevents_manifest_citadel.vrman_c	1422456/9192361732058507254	aca9812b5a88a096fe63998bd04f5f1765e17bf56565e432124582310579c547
game/citadel/soundevents/soundevents_manifest_heroes.vrman_c	8518	citadel-runtime-and-assets	same-name-current-deadlock-vpk-member-listed	game/citadel/pak01_dir.vpk!soundevents/soundevents_manifest_heroes.vrman_c	1422456/9192361732058507254	21d3afb75db4d8e87dc8cc5c4be22057aeba435be6d306913306e5c097f118d4
game/citadel/soundevents/soundevents_voip.vsndevts_c	963	citadel-runtime-and-assets	same-name-current-deadlock-vpk-member-listed	game/citadel/pak01_dir.vpk!soundevents/soundevents_voip.vsndevts_c	1422456/9192361732058507254	ec6a067e0043ea71882030ec83a7060b46080fda914723e5c96c56f9063f6c8b
game/citadel/soundevents/status_effects.vsndevts_c	2533	citadel-runtime-and-assets	same-name-current-deadlock-vpk-member-listed	game/citadel/pak01_dir.vpk!soundevents/status_effects.vsndevts_c	1422456/9192361732058507254	a9e90d05f7634704a45e665219a239d75514fc0b479abc3dcf03b5ced5442a74
game/citadel/soundevents/ui.vsndevts_c	16282	citadel-runtime-and-assets	same-name-current-deadlock-vpk-member-listed	game/citadel/pak01_dir.vpk!soundevents/ui.vsndevts_c	1422456/9192361732058507254	6ff515cee3437e28cfb7c4f53fee3f5aa690f6e59716657dbfd8a59409395733
game/citadel/soundevents/utility.vsndevts_c	1357	citadel-runtime-and-assets	same-name-current-deadlock-vpk-member-listed	game/citadel/pak01_dir.vpk!soundevents/utility.vsndevts_c	1422456/9192361732058507254	42bb57039f0f657d5b3e8c1a942ad47d6bbee299e66ec83ccfeb24bd8ddc3ad0
game/citadel/soundevents/vo/announcer.vsndevts_c	16672	citadel-runtime-and-assets	same-name-current-deadlock-vpk-member-listed	game/citadel/pak01_dir.vpk!soundevents/vo/announcer.vsndevts_c	1422456/9192361732058507254	b52e0ec6d5b02a3bb224de3d897da49084801f1a4e5ceaaa7467a07722cf1b8b
game/citadel/soundevents/vo/generated_vo_hero_astro.vsndevts_c	93660	citadel-runtime-and-assets	same-name-current-deadlock-vpk-member-listed	game/citadel/pak01_dir.vpk!soundevents/vo/generated_vo_hero_astro.vsndevts_c	1422456/9192361732058507254	3bc68fc6c09cad546d9d33700a0e3ad9b7452c4ff8443d0a2d48578f3a5e54e7
game/citadel/soundevents/vo/generated_vo_hero_atlas.vsndevts_c	118393	citadel-runtime-and-assets	same-name-current-deadlock-vpk-member-listed	game/citadel/pak01_dir.vpk!soundevents/vo/generated_vo_hero_atlas.vsndevts_c	1422456/9192361732058507254	819ac1a79f64e67ea119abd81fa1756ada816715642cc56aa7059800ab377a67
game/citadel/soundevents/vo/generated_vo_hero_bebop.vsndevts_c	116457	citadel-runtime-and-assets	same-name-current-deadlock-vpk-member-listed	game/citadel/pak01_dir.vpk!soundevents/vo/generated_vo_hero_bebop.vsndevts_c	1422456/9192361732058507254	f5c073c3d6e961ca8fe8eb27cfe9524a15c7bdc31fdc25a88ca662b782442a52
game/citadel/soundevents/vo/generated_vo_hero_boho.vsndevts_c	69096	citadel-runtime-and-assets	same-name-current-deadlock-vpk-member-listed	game/citadel/pak01_dir.vpk!soundevents/vo/generated_vo_hero_boho.vsndevts_c	1422456/9192361732058507254	bd67cef8ae4b4c72cee6a3b7ffdecf85a9f7c656b7a73790e6557b92c818220e
game/citadel/soundevents/vo/generated_vo_hero_bookworm.vsndevts_c	82274	citadel-runtime-and-assets	same-name-current-deadlock-vpk-member-listed	game/citadel/pak01_dir.vpk!soundevents/vo/generated_vo_hero_bookworm.vsndevts_c	1422456/9192361732058507254	753a90370679c39aac319bf96f12d7a28b856cad30d8f8a0b21de855fcd47fc1
game/citadel/soundevents/vo/generated_vo_hero_cadence.vsndevts_c	917	citadel-runtime-and-assets	same-name-current-deadlock-vpk-member-listed	game/citadel/pak01_dir.vpk!soundevents/vo/generated_vo_hero_cadence.vsndevts_c	1422456/9192361732058507254	7990c4f9fc756b1b6692c08ca7db6496afe5c515ef60ed02ddd9ffe5cee68848
game/citadel/soundevents/vo/generated_vo_hero_chrono.vsndevts_c	84393	citadel-runtime-and-assets	same-name-current-deadlock-vpk-member-listed	game/citadel/pak01_dir.vpk!soundevents/vo/generated_vo_hero_chrono.vsndevts_c	1422456/9192361732058507254	e0acaf51ee2731d87750f9da6c15c16d04e7cb2bd45576cfa03f2ee9b9e044ed
game/citadel/soundevents/vo/generated_vo_hero_doorman.vsndevts_c	97077	citadel-runtime-and-assets	same-name-current-deadlock-vpk-member-listed	game/citadel/pak01_dir.vpk!soundevents/vo/generated_vo_hero_doorman.vsndevts_c	1422456/9192361732058507254	2200a6eb9f313ae74a32141bae4eb3b7df4e5387458d1e8ab0f4561a258f58b2
game/citadel/soundevents/vo/generated_vo_hero_drifter.vsndevts_c	104302	citadel-runtime-and-assets	same-name-current-deadlock-vpk-member-listed	game/citadel/pak01_dir.vpk!soundevents/vo/generated_vo_hero_drifter.vsndevts_c	1422456/9192361732058507254	ae168fb580ef84b808df74143f9d89c92bcb5f9dc0b8706657de55e5674a48d5
game/citadel/soundevents/vo/generated_vo_hero_dynamo.vsndevts_c	89204	citadel-runtime-and-assets	same-name-current-deadlock-vpk-member-listed	game/citadel/pak01_dir.vpk!soundevents/vo/generated_vo_hero_dynamo.vsndevts_c	1422456/9192361732058507254	80d7334aa1325dcc4ce4e69c38a9f83a9b12ddf9e3527daea9ce4c80f0a6df20
game/citadel/soundevents/vo/generated_vo_hero_forge.vsndevts_c	98679	citadel-runtime-and-assets	same-name-current-deadlock-vpk-member-listed	game/citadel/pak01_dir.vpk!soundevents/vo/generated_vo_hero_forge.vsndevts_c	1422456/9192361732058507254	1ad67054c21e9ccdba22003638d7baa4a92a14332df7cd2e57ce12e1815bbac4
game/citadel/soundevents/vo/generated_vo_hero_frank.vsndevts_c	90591	citadel-runtime-and-assets	same-name-current-deadlock-vpk-member-listed	game/citadel/pak01_dir.vpk!soundevents/vo/generated_vo_hero_frank.vsndevts_c	1422456/9192361732058507254	2ff012f5524f2e7019f6147d49de18cfbf1dbb46cc34f116e985527a06f9edd8
game/citadel/soundevents/vo/generated_vo_hero_gearstrum.vsndevts_c	917	citadel-runtime-and-assets	same-name-current-deadlock-vpk-member-listed	game/citadel/pak01_dir.vpk!soundevents/vo/generated_vo_hero_gearstrum.vsndevts_c	1422456/9192361732058507254	2d124a2f9ddb76a5b3c936a84f5fd669f2aeea8159a1da5d96830659de55d7a1
game/citadel/soundevents/vo/generated_vo_hero_genericperson.vsndevts_c	917	citadel-runtime-and-assets	same-name-current-deadlock-vpk-member-listed	game/citadel/pak01_dir.vpk!soundevents/vo/generated_vo_hero_genericperson.vsndevts_c	1422456/9192361732058507254	2d03c3ac729f907955d8a8522c7909593d09d232b4ceea900105b324c281978a
game/citadel/soundevents/vo/generated_vo_hero_ghost.vsndevts_c	101979	citadel-runtime-and-assets	same-name-current-deadlock-vpk-member-listed	game/citadel/pak01_dir.vpk!soundevents/vo/generated_vo_hero_ghost.vsndevts_c	1422456/9192361732058507254	9edce354a5a578ffaea56afeb574f0272b1021e8a217b51d5b24328486888f55
game/citadel/soundevents/vo/generated_vo_hero_gigawatt.vsndevts_c	83679	citadel-runtime-and-assets	same-name-current-deadlock-vpk-member-listed	game/citadel/pak01_dir.vpk!soundevents/vo/generated_vo_hero_gigawatt.vsndevts_c	1422456/9192361732058507254	cada8f76b8330ca8f4520cf714f68df62b39793f421b0f64187d27910febd80d
game/citadel/soundevents/vo/generated_vo_hero_haze.vsndevts_c	119818	citadel-runtime-and-assets	same-name-current-deadlock-vpk-member-listed	game/citadel/pak01_dir.vpk!soundevents/vo/generated_vo_hero_haze.vsndevts_c	1422456/9192361732058507254	7de316980e78a7d2ec1e4e25c3c2aeb3d3a8ab0c1ffef173fa219b2c70cc11dc
game/citadel/soundevents/vo/generated_vo_hero_hornet.vsndevts_c	117822	citadel-runtime-and-assets	same-name-current-deadlock-vpk-member-listed	game/citadel/pak01_dir.vpk!soundevents/vo/generated_vo_hero_hornet.vsndevts_c	1422456/9192361732058507254	80fa30c43c241c94b579a9f6bf1c47ad62d9487003342832769442737fc5f12c
game/citadel/soundevents/vo/generated_vo_hero_inferno.vsndevts_c	96041	citadel-runtime-and-assets	same-name-current-deadlock-vpk-member-listed	game/citadel/pak01_dir.vpk!soundevents/vo/generated_vo_hero_inferno.vsndevts_c	1422456/9192361732058507254	e1e40a16fc925aac2bb43cfbc50acffd83d397f1e798be8033c6efd603e1c2f5
game/citadel/soundevents/vo/generated_vo_hero_kali.vsndevts_c	28699	citadel-runtime-and-assets	same-name-current-deadlock-vpk-member-listed	game/citadel/pak01_dir.vpk!soundevents/vo/generated_vo_hero_kali.vsndevts_c	1422456/9192361732058507254	a2d395509f3d7c6b66e78576484bbdd4f9472936deff830dc73034e4df372a3e
game/citadel/soundevents/vo/generated_vo_hero_kelvin.vsndevts_c	93514	citadel-runtime-and-assets	same-name-current-deadlock-vpk-member-listed	game/citadel/pak01_dir.vpk!soundevents/vo/generated_vo_hero_kelvin.vsndevts_c	1422456/9192361732058507254	4f24bed99f0543b49b41607d3b4a4f72cb4f3dec386772abb84a0f23419ad5a2
game/citadel/soundevents/vo/generated_vo_hero_krill.vsndevts_c	112072	citadel-runtime-and-assets	same-name-current-deadlock-vpk-member-listed	game/citadel/pak01_dir.vpk!soundevents/vo/generated_vo_hero_krill.vsndevts_c	1422456/9192361732058507254	e2da0eae4417d6c25cecde6fe7d4f3785392ae18342ce92b2cc960177f87671a
game/citadel/soundevents/vo/generated_vo_hero_lash.vsndevts_c	119920	citadel-runtime-and-assets	same-name-current-deadlock-vpk-member-listed	game/citadel/pak01_dir.vpk!soundevents/vo/generated_vo_hero_lash.vsndevts_c	1422456/9192361732058507254	e6a5b26c0286e45db8c91de5872fde5bdaf38a521dbb14de8e70b8cc2353ac1b
game/citadel/soundevents/vo/generated_vo_hero_magician.vsndevts_c	93163	citadel-runtime-and-assets	same-name-current-deadlock-vpk-member-listed	game/citadel/pak01_dir.vpk!soundevents/vo/generated_vo_hero_magician.vsndevts_c	1422456/9192361732058507254	b6f05acb8f2dc7f948f3b06d5350ca913ced8628fffec62a00908528bfc1f943
game/citadel/soundevents/vo/generated_vo_hero_mirage.vsndevts_c	91631	citadel-runtime-and-assets	same-name-current-deadlock-vpk-member-listed	game/citadel/pak01_dir.vpk!soundevents/vo/generated_vo_hero_mirage.vsndevts_c	1422456/9192361732058507254	e9006895444f75e04d65b76c06e274686e9b4dd0ccf0199b5eaea482ebe41e40
game/citadel/soundevents/vo/generated_vo_hero_nano.vsndevts_c	115234	citadel-runtime-and-assets	same-name-current-deadlock-vpk-member-listed	game/citadel/pak01_dir.vpk!soundevents/vo/generated_vo_hero_nano.vsndevts_c	1422456/9192361732058507254	4b970fba3838c51d7669477afb1f8d347b231cd25060fcb18418dbec9abd15a2
game/citadel/soundevents/vo/generated_vo_hero_operative.vsndevts_c	66849	citadel-runtime-and-assets	same-name-current-deadlock-vpk-member-listed	game/citadel/pak01_dir.vpk!soundevents/vo/generated_vo_hero_operative.vsndevts_c	1422456/9192361732058507254	e36db85d1086051d9400b9c47b45c8678824bc694a041914a5e92e35072d863d
game/citadel/soundevents/vo/generated_vo_hero_orion.vsndevts_c	94831	citadel-runtime-and-assets	same-name-current-deadlock-vpk-member-listed	game/citadel/pak01_dir.vpk!soundevents/vo/generated_vo_hero_orion.vsndevts_c	1422456/9192361732058507254	be3cd061a64bd4b21eef5d1e97d3d4b13fc009d5cb98623755d70e20ee0a774d
game/citadel/soundevents/vo/generated_vo_hero_priest.vsndevts_c	66732	citadel-runtime-and-assets	same-name-current-deadlock-vpk-member-listed	game/citadel/pak01_dir.vpk!soundevents/vo/generated_vo_hero_priest.vsndevts_c	1422456/9192361732058507254	7540559887cbd4601a98e2f3c3731c2ed371d93daedc3b9d9c190cf3151330e9
game/citadel/soundevents/vo/generated_vo_hero_punkgoat.vsndevts_c	83454	citadel-runtime-and-assets	same-name-current-deadlock-vpk-member-listed	game/citadel/pak01_dir.vpk!soundevents/vo/generated_vo_hero_punkgoat.vsndevts_c	1422456/9192361732058507254	46a1ab79b03a2e3e3e56e02e830ae8e1c26523a0bcd7e8f7d219aa5278fd0cb6
game/citadel/soundevents/vo/generated_vo_hero_rutger.vsndevts_c	917	citadel-runtime-and-assets	same-name-current-deadlock-vpk-member-listed	game/citadel/pak01_dir.vpk!soundevents/vo/generated_vo_hero_rutger.vsndevts_c	1422456/9192361732058507254	c46fec45930d23aa81cb1441e3cebfa21c7c9c81d34977f3b7651e278466d976
game/citadel/soundevents/vo/generated_vo_hero_shiv.vsndevts_c	100410	citadel-runtime-and-assets	same-name-current-deadlock-vpk-member-listed	game/citadel/pak01_dir.vpk!soundevents/vo/generated_vo_hero_shiv.vsndevts_c	1422456/9192361732058507254	2730c2f02dda6aafb2f62529f375f1036f1d58849ac4d679a84cf78784c2fc53
game/citadel/soundevents/vo/generated_vo_hero_slork.vsndevts_c	62557	citadel-runtime-and-assets	same-name-current-deadlock-vpk-member-listed	game/citadel/pak01_dir.vpk!soundevents/vo/generated_vo_hero_slork.vsndevts_c	1422456/9192361732058507254	079060832ab11ea81c6e8f612b467a9c9ce74401146bb564840a295c09bc950c
game/citadel/soundevents/vo/generated_vo_hero_synth.vsndevts_c	98271	citadel-runtime-and-assets	same-name-current-deadlock-vpk-member-listed	game/citadel/pak01_dir.vpk!soundevents/vo/generated_vo_hero_synth.vsndevts_c	1422456/9192361732058507254	de17979582cfd8993e71470e330cef86a3c372eb1b35bd669980b75456f2ac1c
game/citadel/soundevents/vo/generated_vo_hero_targetdummy.vsndevts_c	917	citadel-runtime-and-assets	same-name-current-deadlock-vpk-member-listed	game/citadel/pak01_dir.vpk!soundevents/vo/generated_vo_hero_targetdummy.vsndevts_c	1422456/9192361732058507254	e395a18e6c747e16ba53b9b9b62c446968721ff94c0596e3df84531354826ed9
game/citadel/soundevents/vo/generated_vo_hero_tengu.vsndevts_c	94185	citadel-runtime-and-assets	same-name-current-deadlock-vpk-member-listed	game/citadel/pak01_dir.vpk!soundevents/vo/generated_vo_hero_tengu.vsndevts_c	1422456/9192361732058507254	62adfa283244d5f2ea419d8b694b683e0ec9599aa073677050e4f01a249de841
game/citadel/soundevents/vo/generated_vo_hero_thumper.vsndevts_c	917	citadel-runtime-and-assets	same-name-current-deadlock-vpk-member-listed	game/citadel/pak01_dir.vpk!soundevents/vo/generated_vo_hero_thumper.vsndevts_c	1422456/9192361732058507254	a7e58370a239bb1cc06a52e4b485ca298110eb03abef3c036706d254801e03df
game/citadel/soundevents/vo/generated_vo_hero_tokamak.vsndevts_c	913	citadel-runtime-and-assets	same-name-current-deadlock-vpk-member-listed	game/citadel/pak01_dir.vpk!soundevents/vo/generated_vo_hero_tokamak.vsndevts_c	1422456/9192361732058507254	27bc63686701a5e2b63caa0d4d45d0f028fc42ea743fa0b3e9dc11df04922225
game/citadel/soundevents/vo/generated_vo_hero_trapper.vsndevts_c	67106	citadel-runtime-and-assets	same-name-current-deadlock-vpk-member-listed	game/citadel/pak01_dir.vpk!soundevents/vo/generated_vo_hero_trapper.vsndevts_c	1422456/9192361732058507254	358d22452bca3439dbbf84f0875e25a9c7bab9eb430295f9d97315b70529d57d
game/citadel/soundevents/vo/generated_vo_hero_vampirebat.vsndevts_c	89328	citadel-runtime-and-assets	same-name-current-deadlock-vpk-member-listed	game/citadel/pak01_dir.vpk!soundevents/vo/generated_vo_hero_vampirebat.vsndevts_c	1422456/9192361732058507254	9c03efcbd884cd410561779edce6530645dc3f0c1415b58603e0537c3ba743c2
game/citadel/soundevents/vo/generated_vo_hero_viper.vsndevts_c	120497	citadel-runtime-and-assets	same-name-current-deadlock-vpk-member-listed	game/citadel/pak01_dir.vpk!soundevents/vo/generated_vo_hero_viper.vsndevts_c	1422456/9192361732058507254	326865f5015ac92a81dc3bf5b87d8da4be165c70002c033787dde20b4b52fa29
game/citadel/soundevents/vo/generated_vo_hero_viscous.vsndevts_c	115194	citadel-runtime-and-assets	same-name-current-deadlock-vpk-member-listed	game/citadel/pak01_dir.vpk!soundevents/vo/generated_vo_hero_viscous.vsndevts_c	1422456/9192361732058507254	d402bc6ac26043f2b3bb38c5131b62e4fe051b22b741c2f209376bd1d45dc899
game/citadel/soundevents/vo/generated_vo_hero_warden.vsndevts_c	98332	citadel-runtime-and-assets	same-name-current-deadlock-vpk-member-listed	game/citadel/pak01_dir.vpk!soundevents/vo/generated_vo_hero_warden.vsndevts_c	1422456/9192361732058507254	ecbae6e72574a823576a6403e1b04c8e47e21fcb253156f3f69e867a68194ddf
game/citadel/soundevents/vo/generated_vo_hero_wraith.vsndevts_c	91202	citadel-runtime-and-assets	same-name-current-deadlock-vpk-member-listed	game/citadel/pak01_dir.vpk!soundevents/vo/generated_vo_hero_wraith.vsndevts_c	1422456/9192361732058507254	3f188e24b51ecb5c13532e77203b6fe7a1e815e218c859bb5998942bc881fa29
game/citadel/soundevents/vo/generated_vo_hero_wrecker.vsndevts_c	57862	citadel-runtime-and-assets	same-name-current-deadlock-vpk-member-listed	game/citadel/pak01_dir.vpk!soundevents/vo/generated_vo_hero_wrecker.vsndevts_c	1422456/9192361732058507254	be1f304f8f79c4f1a5f99d585b0a0cd8e804f9367273df542fbbd102c856f39b
game/citadel/soundevents/vo/generated_vo_hero_yakuza.vsndevts_c	913	citadel-runtime-and-assets	same-name-current-deadlock-vpk-member-listed	game/citadel/pak01_dir.vpk!soundevents/vo/generated_vo_hero_yakuza.vsndevts_c	1422456/9192361732058507254	b8e5630d956fded7c6b450bd09a208fab1ff0776dfff075b9b0c97a8e3ed33e3
game/citadel/soundevents/vo/generated_vo_hero_yamato.vsndevts_c	78167	citadel-runtime-and-assets	same-name-current-deadlock-vpk-member-listed	game/citadel/pak01_dir.vpk!soundevents/vo/generated_vo_hero_yamato.vsndevts_c	1422456/9192361732058507254	e84c726914fe2d6560b2d448da836aed62dc690a1316d9727077bfa6fc3b5a8d
game/citadel/soundevents/vo/generated_vo_misc.vsndevts_c	157631	citadel-runtime-and-assets	same-name-current-deadlock-vpk-member-listed	game/citadel/pak01_dir.vpk!soundevents/vo/generated_vo_misc.vsndevts_c	1422456/9192361732058507254	47987621df53b7728fb927cb8833526d3698e5feb634c981a6f7810dc4e6a8eb
game/citadel/soundevents/vo/hero_vote_reveal.vsndevts_c	1676	citadel-runtime-and-assets	same-name-current-deadlock-vpk-member-listed	game/citadel/pak01_dir.vpk!soundevents/vo/hero_vote_reveal.vsndevts_c	1422456/9192361732058507254	03abd6df4a158ff57f311d3ad3e4df90752e58a0c8b9b00e73481da2e4901b4d
game/citadel/soundevents/vo/vo_npc_shopkeeper.vsndevts_c	23529	citadel-runtime-and-assets	same-name-current-deadlock-vpk-member-listed	game/citadel/pak01_dir.vpk!soundevents/vo/vo_npc_shopkeeper.vsndevts_c	1422456/9192361732058507254	721330d5240fc416ee1d2fd67917a119f04b327dbb631f5a019a6b8c0eafdadc
game/citadel/soundevents/vo/vo_yakuza.vsndevts_c	12748	citadel-runtime-and-assets	same-name-current-deadlock-vpk-member-listed	game/citadel/pak01_dir.vpk!soundevents/vo/vo_yakuza.vsndevts_c	1422456/9192361732058507254	e515fe213dbb063111d47d40ac90745678dfb900c7e95586bf992fe82e9844b0
game/citadel/soundevents/world.vsndevts_c	4893	citadel-runtime-and-assets	same-name-current-deadlock-vpk-member-listed	game/citadel/pak01_dir.vpk!soundevents/world.vsndevts_c	1422456/9192361732058507254	111a63df478179e9ab8642207a0e55a358a8a55fbf7ed666fb2b2ab4ee788836
game/citadel/soundevents/world_ambient_emitters.vsndevts_c	1289	citadel-runtime-and-assets	same-name-current-deadlock-vpk-member-listed	game/citadel/pak01_dir.vpk!soundevents/world_ambient_emitters.vsndevts_c	1422456/9192361732058507254	d13a142ee14ff6500de4721c6d2558faa38ee01496db61dc0ff55382c24a18ca
game/citadel/soundevents/ziplines.vsndevts_c	2019	citadel-runtime-and-assets	same-name-current-deadlock-vpk-member-listed	game/citadel/pak01_dir.vpk!soundevents/ziplines.vsndevts_c	1422456/9192361732058507254	0ad0be4d06236397fea6f226e5234ba0c6b19cb96585dae5a096d5c3e4a2b4f0
game/citadel/soundstacks/mixgraph.vmix_c	27550	citadel-runtime-and-assets	same-name-current-deadlock-vpk-member-listed	game/citadel/pak01_dir.vpk!soundstacks/mixgraph.vmix_c	1422456/9192361732058507254	8e16175b1f1aef27717cba7244ce96b6ff24d629db1d64b082642c0a2484e42c
game/citadel/soundstacks/soundeventgroups.vsndgrps	37480	citadel-runtime-and-assets	no-current-path-match-in-checked-sources			7c13906e50fdd11fdd5ed6db189eb3f3ada027ace18f921519adbd551b0abc09
game/citadel/soundstacks/soundstacks_citadel_base_3d.vsndstck_c	10353	citadel-runtime-and-assets	same-name-current-deadlock-vpk-member-listed	game/citadel/pak01_dir.vpk!soundstacks/soundstacks_citadel_base_3d.vsndstck_c	1422456/9192361732058507254	0db68e1777ebb6a84f4fa851858a95b3d08129aa7686814cc4a81a585e653937
game/citadel/soundstacks/soundstacks_citadel_core.vsndstck_c	3897	citadel-runtime-and-assets	same-name-current-deadlock-vpk-member-listed	game/citadel/pak01_dir.vpk!soundstacks/soundstacks_citadel_core.vsndstck_c	1422456/9192361732058507254	1cd6a40e5e9fd0949cb2b6032f02fb34f623041a7952623ce2c28232249ed6ea
game/citadel/soundstacks/soundstacks_citadel_default_2d.vsndstck_c	3682	citadel-runtime-and-assets	same-name-current-deadlock-vpk-member-listed	game/citadel/pak01_dir.vpk!soundstacks/soundstacks_citadel_default_2d.vsndstck_c	1422456/9192361732058507254	2c8a7c2f7bf5607e39e45a22a45b99252fb1b9a7e12881ec4b49bf66020e6955
game/citadel/soundstacks/soundstacks_citadel_default_3d.vsndstck_c	4611	citadel-runtime-and-assets	same-name-current-deadlock-vpk-member-listed	game/citadel/pak01_dir.vpk!soundstacks/soundstacks_citadel_default_3d.vsndstck_c	1422456/9192361732058507254	71bbf6182d637e8a75f14027668715711ca60d8a4786e1b7558c311268405b4e
game/citadel/soundstacks/soundstacks_manifest.vrman_c	6130	citadel-runtime-and-assets	same-name-current-deadlock-vpk-member-listed	game/citadel/pak01_dir.vpk!soundstacks/soundstacks_manifest.vrman_c	1422456/9192361732058507254	9ea618503b5a84e5494b7df05b8e8d8ad10a151ea80e805106b6e99a908e6afe
game/citadel/soundstacks/soundstack_citadel_8track_parameters.vsndstck_c	3514	citadel-runtime-and-assets	same-name-current-deadlock-vpk-member-listed	game/citadel/pak01_dir.vpk!soundstacks/soundstack_citadel_8track_parameters.vsndstck_c	1422456/9192361732058507254	189cdf2fdf78617ac70df1d35cf557266d69619ac608c14740849c7e2f9ca39b
game/citadel/soundstacks/soundstack_citadel_ambient_3d.vsndstck_c	4058	citadel-runtime-and-assets	same-name-current-deadlock-vpk-member-listed	game/citadel/pak01_dir.vpk!soundstacks/soundstack_citadel_ambient_3d.vsndstck_c	1422456/9192361732058507254	65e4cb01685e594652181fbfc21634e9320b9fe6c34751313495c0700b18a2d8
game/citadel/soundstacks/soundstack_citadel_bullet_impact.vsndstck_c	2007	citadel-runtime-and-assets	same-name-current-deadlock-vpk-member-listed	game/citadel/pak01_dir.vpk!soundstacks/soundstack_citadel_bullet_impact.vsndstck_c	1422456/9192361732058507254	94591884045d7df29a5566c70ea3d2501db91e718c47746dce080fb6301c2007
game/citadel/soundstacks/soundstack_citadel_closest_point_on_segment.vsndstck_c	1829	citadel-runtime-and-assets	same-name-current-deadlock-vpk-member-listed	game/citadel/pak01_dir.vpk!soundstacks/soundstack_citadel_closest_point_on_segment.vsndstck_c	1422456/9192361732058507254	045410a9b4bb4c57bc9811bf0ed576d326543bc5bfc17f696444fbbf1e091e1a
game/citadel/soundstacks/soundstack_citadel_damage.vsndstck_c	4522	citadel-runtime-and-assets	same-name-current-deadlock-vpk-member-listed	game/citadel/pak01_dir.vpk!soundstacks/soundstack_citadel_damage.vsndstck_c	1422456/9192361732058507254	84120700c57b89945cdb435bd2db68c364990f1ec81d0a1b9fe0ea9f4e009ace
game/citadel/soundstacks/soundstack_citadel_diagetic_music.vsndstck_c	1789	citadel-runtime-and-assets	same-name-current-deadlock-vpk-member-listed	game/citadel/pak01_dir.vpk!soundstacks/soundstack_citadel_diagetic_music.vsndstck_c	1422456/9192361732058507254	7de7b9a58dc31f8cbc2862be49c81d8aecf1dd192371fba6182bea51761fa5da
game/citadel/soundstacks/soundstack_citadel_dialog.vsndstck_c	5529	citadel-runtime-and-assets	same-name-current-deadlock-vpk-member-listed	game/citadel/pak01_dir.vpk!soundstacks/soundstack_citadel_dialog.vsndstck_c	1422456/9192361732058507254	94df8145ce1bdd306222112d127a22e6a5a1518cf9b1a021c7b9e02feef5a584
game/citadel/soundstacks/soundstack_citadel_dialog_volumes.vsndstck_c	2023	citadel-runtime-and-assets	same-name-current-deadlock-vpk-member-listed	game/citadel/pak01_dir.vpk!soundstacks/soundstack_citadel_dialog_volumes.vsndstck_c	1422456/9192361732058507254	2d1971509c84f02bb3a6c0c08ed1b4279e2a39c35f159368029a04e9caa982c3
game/citadel/soundstacks/soundstack_citadel_distance_falloff.vsndstck_c	3023	citadel-runtime-and-assets	same-name-current-deadlock-vpk-member-listed	game/citadel/pak01_dir.vpk!soundstacks/soundstack_citadel_distance_falloff.vsndstck_c	1422456/9192361732058507254	45a227bbe236f36eacebea5cd032f80f94547b03bb4891d1599929630596088a
game/citadel/soundstacks/soundstack_citadel_emitter_lod.vsndstck_c	2511	citadel-runtime-and-assets	same-name-current-deadlock-vpk-member-listed	game/citadel/pak01_dir.vpk!soundstacks/soundstack_citadel_emitter_lod.vsndstck_c	1422456/9192361732058507254	f6b6ed6de7d78cbe23a73b3f9fe4efd51bbff96f3a0179155fd05dc7a88ebca6
game/citadel/soundstacks/soundstack_citadel_emitter_obb.vsndstck_c	2012	citadel-runtime-and-assets	same-name-current-deadlock-vpk-member-listed	game/citadel/pak01_dir.vpk!soundstacks/soundstack_citadel_emitter_obb.vsndstck_c	1422456/9192361732058507254	ec21ca62083a0432f48148c814ced9a048ccb626c7c54832b44f9d7fa3ac4054
game/citadel/soundstacks/soundstack_citadel_enemy_audible_sound.vsndstck_c	1910	citadel-runtime-and-assets	same-name-current-deadlock-vpk-member-listed	game/citadel/pak01_dir.vpk!soundstacks/soundstack_citadel_enemy_audible_sound.vsndstck_c	1422456/9192361732058507254	04c32da59777bdd01ecfe9bc10a65e57107f5561c66bbe23cf4cfe44f5d6a409
game/citadel/soundstacks/soundstack_citadel_find_perspective.vsndstck_c	2042	citadel-runtime-and-assets	same-name-current-deadlock-vpk-member-listed	game/citadel/pak01_dir.vpk!soundstacks/soundstack_citadel_find_perspective.vsndstck_c	1422456/9192361732058507254	0392a9024d987a5856c80d96d7d3a2fdb81548abfae1b6b9b7cd8f4e89371fd1
game/citadel/soundstacks/soundstack_citadel_footsteps.vsndstck_c	3440	citadel-runtime-and-assets	same-name-current-deadlock-vpk-member-listed	game/citadel/pak01_dir.vpk!soundstacks/soundstack_citadel_footsteps.vsndstck_c	1422456/9192361732058507254	4ad970af0278215234d7527dd5ab83b65176a8370861ae138b8e97da098d0f0d
game/citadel/soundstacks/soundstack_citadel_hit_confirm.vsndstck_c	3564	citadel-runtime-and-assets	same-name-current-deadlock-vpk-member-listed	game/citadel/pak01_dir.vpk!soundstacks/soundstack_citadel_hit_confirm.vsndstck_c	1422456/9192361732058507254	92da42bf0d36c9dabceda4eb9954afe4ee53f5d9ebca39fd571d72065bebe048
game/citadel/soundstacks/soundstack_citadel_initial_reflection_send.vsndstck_c	2073	citadel-runtime-and-assets	same-name-current-deadlock-vpk-member-listed	game/citadel/pak01_dir.vpk!soundstacks/soundstack_citadel_initial_reflection_send.vsndstck_c	1422456/9192361732058507254	e9aa1da2beca9a3f608fb1edd3b0618a50682c4dacb86fea0cac02e248f0dd8c
game/citadel/soundstacks/soundstack_citadel_instance_attenuator.vsndstck_c	2588	citadel-runtime-and-assets	same-name-current-deadlock-vpk-member-listed	game/citadel/pak01_dir.vpk!soundstacks/soundstack_citadel_instance_attenuator.vsndstck_c	1422456/9192361732058507254	c330c4d7aa1e5d153fc375da1647f5c016bd029f6bc965128757c413fab37e08
game/citadel/soundstacks/soundstack_citadel_material_response.vsndstck_c	1674	citadel-runtime-and-assets	same-name-current-deadlock-vpk-member-listed	game/citadel/pak01_dir.vpk!soundstacks/soundstack_citadel_material_response.vsndstck_c	1422456/9192361732058507254	73aaf122bf6e18e795ecea9019474ad2a5ead7842fdd88fddbab07a679598348
game/citadel/soundstacks/soundstack_citadel_mono_downmix.vsndstck_c	1593	citadel-runtime-and-assets	same-name-current-deadlock-vpk-member-listed	game/citadel/pak01_dir.vpk!soundstacks/soundstack_citadel_mono_downmix.vsndstck_c	1422456/9192361732058507254	63cfdb349d95210e12bc9a34b00bfa912dc9145981ed7b741bb04b0208648b60
game/citadel/soundstacks/soundstack_citadel_music.vsndstck_c	1710	citadel-runtime-and-assets	same-name-current-deadlock-vpk-member-listed	game/citadel/pak01_dir.vpk!soundstacks/soundstack_citadel_music.vsndstck_c	1422456/9192361732058507254	efbecbdb74f58d9fa0739ce96a2f70fb6ae928723ce2d621f75e5a482b176cfa
game/citadel/soundstacks/soundstack_citadel_music_hideout.vsndstck_c	3990	citadel-runtime-and-assets	same-name-current-deadlock-vpk-member-listed	game/citadel/pak01_dir.vpk!soundstacks/soundstack_citadel_music_hideout.vsndstck_c	1422456/9192361732058507254	18bdc4740d6d75a5032abd8e5a0e56541b1b50184cffa28a7dd77ecff272d9a7
game/citadel/soundstacks/soundstack_citadel_music_title.vsndstck_c	1875	citadel-runtime-and-assets	same-name-current-deadlock-vpk-member-listed	game/citadel/pak01_dir.vpk!soundstacks/soundstack_citadel_music_title.vsndstck_c	1422456/9192361732058507254	e72fdccf943a1ecf42cdd7fccf14c4744761c0062517fe0a83deee993099f34a
game/citadel/soundstacks/soundstack_citadel_occlusion_volume_attenuation.vsndstck_c	1544	citadel-runtime-and-assets	no-current-path-match-in-checked-sources			d35c93c2fac7e2dfa5e783205f28f81dee1e50977d00f9d786d6b01520b268e2
game/citadel/soundstacks/soundstack_citadel_perspective.vsndstck_c	7678	citadel-runtime-and-assets	same-name-current-deadlock-vpk-member-listed	game/citadel/pak01_dir.vpk!soundstacks/soundstack_citadel_perspective.vsndstck_c	1422456/9192361732058507254	86b9e649c4aeda2b77e7be16aa17c77ec609934472ff050d76a1caf98bf00621
game/citadel/soundstacks/soundstack_citadel_reverb_send.vsndstck_c	2078	citadel-runtime-and-assets	same-name-current-deadlock-vpk-member-listed	game/citadel/pak01_dir.vpk!soundstacks/soundstack_citadel_reverb_send.vsndstck_c	1422456/9192361732058507254	65f70a6ebf465bb6cde99fa3e721a4797166e18cb041c887fc021cad250893b6
game/citadel/soundstacks/soundstack_citadel_seasonal_fireworks.vsndstck_c	2020	citadel-runtime-and-assets	same-name-current-deadlock-vpk-member-listed	game/citadel/pak01_dir.vpk!soundstacks/soundstack_citadel_seasonal_fireworks.vsndstck_c	1422456/9192361732058507254	1c39f427fcbbe79b757f8f1916947c5802b680dec68e25a3578b0949f5a5fa05
game/citadel/soundstacks/soundstack_citadel_source_reverb_send.vsndstck_c	2809	citadel-runtime-and-assets	same-name-current-deadlock-vpk-member-listed	game/citadel/pak01_dir.vpk!soundstacks/soundstack_citadel_source_reverb_send.vsndstck_c	1422456/9192361732058507254	9ab32141d8e7ba488596d80365c76b862b77e4362ceaddb25af6ceabd6c8d3c8
game/citadel/soundstacks/soundstack_citadel_track_shared_parameters.vsndstck_c	2375	citadel-runtime-and-assets	same-name-current-deadlock-vpk-member-listed	game/citadel/pak01_dir.vpk!soundstacks/soundstack_citadel_track_shared_parameters.vsndstck_c	1422456/9192361732058507254	a0744aa1eecefb7ce3db5d8e284b56ed1851ba3d22aca6fea6e4c10a512ea985
game/citadel/soundstacks/soundstack_citadel_ui_panner.vsndstck_c	3180	citadel-runtime-and-assets	same-name-current-deadlock-vpk-member-listed	game/citadel/pak01_dir.vpk!soundstacks/soundstack_citadel_ui_panner.vsndstck_c	1422456/9192361732058507254	10961be01065b9cbb898f4cdea9dfd7c65880b253014b05be68d9ee4ad47101a
game/citadel/soundstacks/soundstack_citadel_voip.vsndstck_c	1742	citadel-runtime-and-assets	same-name-current-deadlock-vpk-member-listed	game/citadel/pak01_dir.vpk!soundstacks/soundstack_citadel_voip.vsndstck_c	1422456/9192361732058507254	1fcfd0fb16eb35faa1a4a35e855f5821e56a46f26d2c63d796d13dc16bb44306
game/citadel/soundstacks/soundstack_citadel_weapons.vsndstck_c	4533	citadel-runtime-and-assets	same-name-current-deadlock-vpk-member-listed	game/citadel/pak01_dir.vpk!soundstacks/soundstack_citadel_weapons.vsndstck_c	1422456/9192361732058507254	098347250e9ee96c85f7c8f6046c6e7212f6b61e52d68d4fa3cd8f145b513750
game/citadel/source1import_blacklist.txt	11574	citadel-runtime-and-assets	no-current-path-match-in-checked-sources			d0da578cca610146a95bb8c68ce15be60869f351846cded705e4836ed6398b7d
game/citadel/source1import_materialsettings.txt	3150	citadel-runtime-and-assets	no-current-path-match-in-checked-sources			37f7bf9ce4394e399c3f8ae4a6b9e5fb21044faf319234983d414ae9bf5b9c31
game/citadel/source1import_settings.txt	820	citadel-runtime-and-assets	no-current-path-match-in-checked-sources			40c214fc03d7bd18e47c32ed9d59c947ee9a37d7472bc37d2414080589246b5c
game/citadel/source1import_txtmap.txt	19880	citadel-runtime-and-assets	no-current-path-match-in-checked-sources			bbc71d44756947804a42e080d6abfcbad00b0abb6d520aa77a36db0c8d13d3a8
game/citadel/surfaceproperties/surfaceproperties.vsurf_c	3990	citadel-runtime-and-assets	same-name-current-deadlock-vpk-member-listed	game/citadel/pak01_dir.vpk!surfaceproperties/surfaceproperties.vsurf_c	1422456/9192361732058507254	75095891440617d04f3c43dbbcfa3df4e75e195c59f0789cec4a8d0ebf72b8dc
game/citadel/tools/images/animgraphed_overlay.png	11846	citadel-runtime-and-assets	no-current-path-match-in-checked-sources			ff878c75cb6012634eec0db83a4746ce4a6f7b484ea6db756175419226c51434
game/citadel/tools/images/appicon_tools.ico	17376	citadel-runtime-and-assets	no-current-path-match-in-checked-sources			692ff969f04a86255e66ff249ae389cddf8b533311a652a57935cc2762976ae9
game/citadel/tools/images/assettypes/vdata_inc_lg.png	15573	citadel-runtime-and-assets	no-current-path-match-in-checked-sources			4b98118dd0173015104c3cc93344ba8f0d4ef90509a26af9cb9e25a82137b685
game/citadel/tools/images/assettypes/vdata_inc_lg.psd	273532	citadel-runtime-and-assets	no-current-path-match-in-checked-sources			86ea8514326f047b79e7e6efea5005b4cdbaa5216ad0ff503dd6b4015b975161
game/citadel/tools/images/assettypes/vdata_inc_sm.png	1042	citadel-runtime-and-assets	no-current-path-match-in-checked-sources			c2f2259a8d70e8ce2d7a50ad3471915be24f068a4df48538d2cdf7bde5f26e36
game/citadel/tools/images/assettypes/vpulse_lg.png	11612	citadel-runtime-and-assets	no-current-path-match-in-checked-sources			32a21334f5c35fdd9dfd104e685c0fce89bbcb2afb744ad24bd9723a04553c9f
game/citadel/tools/images/assettypes/vpulse_sm.png	742	citadel-runtime-and-assets	no-current-path-match-in-checked-sources			bc8130477675a114481d1efe5f479693003bb771033a3539e26fd365fa00f6fc
game/citadel/tools/images/assettypes/vsndevts_lg.png	12175	citadel-runtime-and-assets	no-current-path-match-in-checked-sources			9168cbfc781fdcd9f3ce4078eebfcebf36128d9c9822ce00368c7e0bba5b03f8
game/citadel/tools/images/assettypes/vsndevts_sm.png	571	citadel-runtime-and-assets	no-current-path-match-in-checked-sources			ec7224bfd935b094d26116d6b6d571e795d33d98a6734991f9c1291afae89117
game/citadel/tools/images/assettypes/vsndstck_lg.png	11515	citadel-runtime-and-assets	no-current-path-match-in-checked-sources			564f621c66503e8a4792b041b11377185f9be92b637e7770f8cdc14905fb771f
game/citadel/tools/images/assettypes/vsndstck_sm.png	621	citadel-runtime-and-assets	no-current-path-match-in-checked-sources			c32fa08e72eae820af2c26537cc4ce0d32683d02bf2a1ffdd37078546ff41b66
game/citadel/tools/images/assettypes/vsnd_lg.png	8400	citadel-runtime-and-assets	no-current-path-match-in-checked-sources			b3d7ba262428dd0c0dafe9d4e316e383a7d990db8d29810501c2785310c0ac4d
game/citadel/tools/images/assettypes/vsnd_sm.png	676	citadel-runtime-and-assets	no-current-path-match-in-checked-sources			0167b2e9243a6049f39825bbc4bd8e55fb3d7493995d71c3cc50f8b4d4967688
game/citadel/tools/images/common/workshop_banner.png	73365	citadel-runtime-and-assets	no-current-path-match-in-checked-sources			043261875cb7861b2df97f4de13881dc9456ba198148c330b5cd37819ab12e0e
game/citadel/tools/images/crash_prone_overlay.png	16499	citadel-runtime-and-assets	no-current-path-match-in-checked-sources			e158062d65c7425dd058891bfdbf37fc15cbd5f979e05a582813a34bda8de637
game/citadel/tools/images/high_poly.png	11298	citadel-runtime-and-assets	no-current-path-match-in-checked-sources			4fd827937e656130ea5310cc848611c6f15b15108afc0d1de879333031121f94
game/citadel/tools/images/multichunker.png	11443	citadel-runtime-and-assets	no-current-path-match-in-checked-sources			d60fe0371a06abb64e252314c57ab525c2cbf3bcfa3e9e5c10e4d58b54459e37
game/citadel/tools/images/splash_screen/splash_screen.png	237533	citadel-runtime-and-assets	same-name-current-deadlock-vpk-member-listed	game/citadel/pak01_dir.vpk!tools/images/splash_screen/splash_screen.png	1422456/9192361732058507254	f4463d74e1152dd587ee9d6ce14347db1cd64acaca3600b30f5197f86b288f2d
game/citadel/tools/images/unstable.png	2062	citadel-runtime-and-assets	no-current-path-match-in-checked-sources			0697641bdb7c09f5262e4a747ab7de327c7349893e3ff8259566277c5cb909b3
game/citadel/tools/images/very_high_poly.png	11950	citadel-runtime-and-assets	no-current-path-match-in-checked-sources			f772c825b6d1ee54453b43989f2c51a02802b06a02f989ec7726f25fb0c216ab
game/citadel/tools/images/weed.png	26831	citadel-runtime-and-assets	no-current-path-match-in-checked-sources			de8a843505409aa786fe16dd4b0fc6d6347965f27d3f97b4c7cf943732f0bb64
game/citadel/tools/import_settings.txt	3911	citadel-runtime-and-assets	same-name-current-deadlock-vpk-member-listed	game/citadel/pak01_dir.vpk!tools/import_settings.txt	1422456/9192361732058507254	b130bdacdcf6bf42673a7b7c6d8c4a49785239f0dc66bed541b0b0f8adc89106
game/citadel/tools/modeldoc_editor_presets.txt	480	citadel-runtime-and-assets	same-name-current-deadlock-vpk-member-listed	game/citadel/pak01_dir.vpk!tools/modeldoc_editor_presets.txt	1422456/9192361732058507254	e72a28d80fa628f67976663b06f023544fc282b359db6d51426d48a5acc42d3b
game/citadel/toolscenelightrigs.vdata_c	3689	citadel-runtime-and-assets	same-name-current-deadlock-vpk-member-listed	game/citadel/pak01_dir.vpk!toolscenelightrigs.vdata_c	1422456/9192361732058507254	f634f534cb9e9ae3f54a6c2f4bc5a58842b9dc62e4a7f7005b293c4732e2d348
game/citadel/toolscenevismodes.txt	3496	citadel-runtime-and-assets	same-name-current-deadlock-vpk-member-listed	game/citadel/pak01_dir.vpk!toolscenevismodes.txt	1422456/9192361732058507254	57e568b282a5da4d63ff10cdd11a5b4334914f7640466874140f88ca16d84132
game/citadel/tools_asset_info.bin	9626437	citadel-runtime-and-assets	no-current-path-match-in-checked-sources			e352f5c1b383d3a97eeb04b9d4ad857c0812b9aeb16536252ef51f34e5fc0638
game/citadel/tools_thumbnail_cache.bin	35502203	citadel-runtime-and-assets	no-current-path-match-in-checked-sources			ae7fb3b9b07a01cda436942301d09512d344434be699eb0f07849e20a0bf2200
game/citadel_addons/billy_audio_template/soundevents/hero/punkgoat.vsndevts_c	8626	sample-addons	no-current-path-match-in-checked-sources			46fe3d31712b06fdeb490185f540c959aa2194d7f56581ed7be39d413ae494fc
game/citadel_addons/billy_audio_template/sounds/abilities/punkgoat/a3/punkgoat_blasted_lp.vsnd_c	514482	sample-addons	no-current-path-match-in-checked-sources			e5e364999be7e75e492a44a9ced234175c9bd48858f09c16e4b76aeab9949dc9
game/citadel_addons/hero_image_template/panorama/images/heroes/archer_card_psd.vtex_c	427732	sample-addons	no-current-path-match-in-checked-sources			7f70128751732e396beba7f5d207e30688101ab3af8e805ef0f81775908954d4
game/citadel_addons/hero_image_template/panorama/images/heroes/archer_mm_psd.vtex_c	12132	sample-addons	no-current-path-match-in-checked-sources			6eb40de0f47ef124653be3a78828ea745cb442d1d97a0ace3ed79e906c1c7a1c
game/citadel_addons/hero_image_template/panorama/images/heroes/archer_psd.vtex_c	1050708	sample-addons	no-current-path-match-in-checked-sources			74c4ee4b8b04d29364f8236573b969b17d0965d086b020860e6cdd90383fe0bf
game/citadel_addons/hero_image_template/panorama/images/heroes/archer_sm_psd.vtex_c	67668	sample-addons	no-current-path-match-in-checked-sources			ad7717a9a5524a46de201c039c74d7d2e85abb673d3801066b55f1e7aa808f38
game/citadel_addons/hero_image_template/panorama/images/heroes/archer_vertical_psd.vtex_c	98132	sample-addons	no-current-path-match-in-checked-sources			95fd342df4733e984769599a3983c3d3eda8da8338c13432491a00d1aae5d0b2
game/citadel_addons/hero_image_template/panorama/image_compiler.vdata_c	2320	sample-addons	no-current-path-match-in-checked-sources			224775d345b7967f56d6a20b7faa39d2f56e6deb90dff41753892825c6a162e4
game/citadel_addons/hero_uipose_template/animgraphs/animgraph2/hero/hero_ui_custom.vnmgraph+bebop.vnmgraph_c	3524	sample-addons	no-current-path-match-in-checked-sources			70c2f2d0baab665607cb66569753263eafc254a6c373d4b4a6d0a7e2820d9f04
game/citadel_addons/hero_uipose_template/animgraphs/animgraph2/hero/hero_ui_custom.vnmgraph+boho.vnmgraph_c	3474	sample-addons	no-current-path-match-in-checked-sources			aa25601f9349815498a25ea25aa0dbe07987e4beaec056cd2855510215fd583b
game/citadel_addons/hero_uipose_template/animgraphs/animgraph2/hero/hero_ui_custom.vnmgraph+bookworm.vnmgraph_c	3524	sample-addons	no-current-path-match-in-checked-sources			563fbe00395b0e7c88ff26eab29e91a0e96dc212436ee07ae607ce1ec33312f7
game/citadel_addons/hero_uipose_template/animgraphs/animgraph2/hero/hero_ui_custom.vnmgraph+doorman.vnmgraph_c	3493	sample-addons	no-current-path-match-in-checked-sources			6290923d3bf82d7029931e2ad41c1220fc12d4bce00e1bc2ea48aac7eb3c5274
game/citadel_addons/hero_uipose_template/animgraphs/animgraph2/hero/hero_ui_custom.vnmgraph+drifter.vnmgraph_c	3670	sample-addons	no-current-path-match-in-checked-sources			f65f59bab16204fdfc5ae1c20e61228d923298b7638c01a19d4f8e85b8ad17a8
game/citadel_addons/hero_uipose_template/animgraphs/animgraph2/hero/hero_ui_custom.vnmgraph+druid.vnmgraph_c	3385	sample-addons	no-current-path-match-in-checked-sources			4d23ada0724f8252fc1f435313285066d3b62ff57134b8f85133e8ec31ab6f9c
game/citadel_addons/hero_uipose_template/animgraphs/animgraph2/hero/hero_ui_custom.vnmgraph+dynamo.vnmgraph_c	3474	sample-addons	no-current-path-match-in-checked-sources			e994a8c5207caaa7674bf34b418d6382ca5f9c5bdd54dbdfe3d0e236c8c25e4f
game/citadel_addons/hero_uipose_template/animgraphs/animgraph2/hero/hero_ui_custom.vnmgraph+fortuna.vnmgraph_c	3527	sample-addons	no-current-path-match-in-checked-sources			34b651d0ddc8cf9adbbc73aab0ee2cb99d40336409faabb375312f644aaac9fc
game/citadel_addons/hero_uipose_template/animgraphs/animgraph2/hero/hero_ui_custom.vnmgraph+frank.vnmgraph_c	3474	sample-addons	no-current-path-match-in-checked-sources			9b29324ff036153eb439a4801a4feefbc5da0b697bc5a344da5eb5d74d7b97c5
game/citadel_addons/hero_uipose_template/animgraphs/animgraph2/hero/hero_ui_custom.vnmgraph+geist.vnmgraph_c	3504	sample-addons	no-current-path-match-in-checked-sources			9c4ac1eb7934895b59aa14ac11df221ab5c6b36bfacbf34e97159d28b28f5c0b
game/citadel_addons/hero_uipose_template/animgraphs/animgraph2/hero/hero_ui_custom.vnmgraph+gigawatt.vnmgraph_c	3563	sample-addons	no-current-path-match-in-checked-sources			13087ddc545deca48a66ac71f20bc267c4b0ed726e0f4e1456f165310f1c7da3
game/citadel_addons/hero_uipose_template/animgraphs/animgraph2/hero/hero_ui_custom.vnmgraph+holliday.vnmgraph_c	3504	sample-addons	no-current-path-match-in-checked-sources			2c2fbe1112741b0b097415894787565722d94426701ff268dbcc4948e2a979db
game/citadel_addons/hero_uipose_template/animgraphs/animgraph2/hero/hero_ui_custom.vnmgraph+ivy.vnmgraph_c	3543	sample-addons	no-current-path-match-in-checked-sources			43b8ed79cb5428108dca4d97b339c3a7e46b07e30d0c950ea61d36d062e76104
game/citadel_addons/hero_uipose_template/animgraphs/animgraph2/hero/hero_ui_custom.vnmgraph+kelvin.vnmgraph_c	3525	sample-addons	no-current-path-match-in-checked-sources			ac717a7c51a070806b7cb3e0ccfe73948a01379768f6b30245d0bb10d9689183
game/citadel_addons/hero_uipose_template/animgraphs/animgraph2/hero/hero_ui_custom.vnmgraph+lash.vnmgraph_c	3501	sample-addons	no-current-path-match-in-checked-sources			eeddce675c1d64995a822c5eb23269b92819aca4a67b90a1bf6e032ba96d711f
game/citadel_addons/hero_uipose_template/animgraphs/animgraph2/hero/hero_ui_custom.vnmgraph+magician.vnmgraph_c	3569	sample-addons	no-current-path-match-in-checked-sources			9baafd5d6b2f171bf1e0db6f17c9b33b0bc4caed46523ca9c6bf935d471b20a9
game/citadel_addons/hero_uipose_template/animgraphs/animgraph2/hero/hero_ui_custom.vnmgraph+mirage.vnmgraph_c	3570	sample-addons	no-current-path-match-in-checked-sources			79809ceba9cd6968c84eaf75973560fffdf77c7763b2969b888adbfa3b7243e3
game/citadel_addons/hero_uipose_template/animgraphs/animgraph2/hero/hero_ui_custom.vnmgraph+mo_krill.vnmgraph_c	3524	sample-addons	no-current-path-match-in-checked-sources			c9396824ed7d1c43c352f975a7af457184fc9a3d766d3af0ebae21479ec4137c
game/citadel_addons/hero_uipose_template/animgraphs/animgraph2/hero/hero_ui_custom.vnmgraph+pocket.vnmgraph_c	3505	sample-addons	no-current-path-match-in-checked-sources			dbdac872d76d2ff17179867e4b5a2e2de7d2c0c8c0dc28b8ffd1dcd368cdd9d6
game/citadel_addons/hero_uipose_template/animgraphs/animgraph2/hero/hero_ui_custom.vnmgraph+priest.vnmgraph_c	3499	sample-addons	no-current-path-match-in-checked-sources			f31d824406e3678861a1cff2c8a40f194d7d24564b97396b600e2dae3cde2fe5
game/citadel_addons/hero_uipose_template/animgraphs/animgraph2/hero/hero_ui_custom.vnmgraph+punkgoat.vnmgraph_c	3404	sample-addons	no-current-path-match-in-checked-sources			9ffe5dfc2656e69ac3bde8b38a2ca5aa4114f407cdce7e04d09c80b8cb964f07
game/citadel_addons/hero_uipose_template/animgraphs/animgraph2/hero/hero_ui_custom.vnmgraph+vindicta.vnmgraph_c	3612	sample-addons	no-current-path-match-in-checked-sources			6638714ed3d738abe13e4f2d6e4e0d5499058b1da29bc50bfbd7ad567bd14356
game/citadel_addons/hero_uipose_template/animgraphs/animgraph2/hero/hero_ui_custom.vnmgraph+viper.vnmgraph_c	3686	sample-addons	no-current-path-match-in-checked-sources			1b118d828cdb3c51d7210449f5e2b847e4d6797573f217cb63cdaaf83ee8d5a0
game/citadel_addons/hero_uipose_template/animgraphs/animgraph2/hero/hero_ui_custom.vnmgraph+viscous.vnmgraph_c	3500	sample-addons	no-current-path-match-in-checked-sources			edd8491834078866c15102c0b9d02b81c6fd182f850731e43fd1ffe7198df9b4
game/citadel_addons/hero_uipose_template/animgraphs/animgraph2/hero/hero_ui_custom.vnmgraph+warden.vnmgraph_c	3514	sample-addons	no-current-path-match-in-checked-sources			e0a80dc5b6625064781ddc2bcf920813f85dc1f10f0a20ebd5f835faa4cd63de
game/citadel_addons/hero_uipose_template/animgraphs/animgraph2/hero/hero_ui_custom.vnmgraph_c	6017	sample-addons	no-current-path-match-in-checked-sources			278d92b37373bf7d39ae4cc634e66c0e61afb1cd0893c9170ee77acc25647124
game/citadel_addons/hero_uipose_template/models/heroes_staging/bebop/bebop_ui.vnmskel_c	8501	sample-addons	no-current-path-match-in-checked-sources			91f0af6cc30f6b110a947217e265908d4c89ed03c823b588bba7d35780c993b3
game/citadel_addons/hero_uipose_template/models/heroes_staging/bebop/clips_custom/ui_hero_select.vnmclip_c	53922	sample-addons	no-current-path-match-in-checked-sources			e55a9d89e3ccc18c7ade83c3b51c2cfa742153078019416651780ef2e55ac39d
game/citadel_addons/test/cache_157895421.soc	707	sample-addons	no-current-path-match-in-checked-sources			f4b2aceec35faf706a04031ed87854d7c4b8023c56c4d35fce804b7f345e1b86
game/citadel_addons/test/particles/abilities/abrams/abrams_charge_wall_impact_proj.vpcf_c	3539	sample-addons	no-current-path-match-in-checked-sources			18bd0947d714b8d21a29308ac804c1477e995ca60853d83f8a79082dd45a0cb0
game/citadel_addons/test/particles/hideout/findingmatch_old_woman.vpcf_c	4506	sample-addons	no-current-path-match-in-checked-sources			42b8769dd17c391beaf5d951bcb150c91f4ddb4cbb0985c781fb25f950c28b4f
game/citadel_addons/test/tools_asset_info.bin	1437	sample-addons	no-current-path-match-in-checked-sources			b384bc5a07c482b67f88dd889d118b9e71f3b41f85097ad60488a1376b65d11f
game/citadel_addons/test/tools_thumbnail_cache.bin	3248794	sample-addons	no-current-path-match-in-checked-sources			6bf70f1d76f937109d06492c5a6c438f6914f32e3de2d44edaf6302f42c4cece
game/citadel_addons/test/_bakeresourcecache/maps/editor/toolscene_default_baked/env_cubemap_47.vtex_c	525416	sample-addons	no-current-path-match-in-checked-sources			d60ccc3066086310f1f80827e4f4df3e9c190ccbc349040eda2c36747572fe52
game/citadel_addons/test/_bakeresourcecache/maps/editor/toolscene_default_baked/env_light_probe_volume_47.vtex_c	385032	sample-addons	no-current-path-match-in-checked-sources			907957f3ada6212996f3d2185d83e3353059c3a5a64120d95628710f4d6c44ab
game/citadel_addons/test/_bakeresourcecache/maps/editor/toolscene_thumbnail_baked/env_cubemap_47.vtex_c	525448	sample-addons	no-current-path-match-in-checked-sources			c12b2bc94adb2b4db171dbf9bfa4dd9c230e6cea03db76c64753a8008a93cc76
game/citadel_addons/test/_bakeresourcecache/maps/editor/toolscene_thumbnail_baked/env_light_probe_volume_47.vtex_c	385064	sample-addons	no-current-path-match-in-checked-sources			94cfebf051c9ed7fc797a9aae2c99ed0b08a04d2c83e90d3bd4bc195406d89dd
game/core/ai_basenpc.fgd	70952	core-runtime-and-editor-data	same-name-current-cs2-file-assembled	game/core/ai_basenpc.fgd	2347779/2145418671218218617	54c300018884e18e60d27b1744c8d642c98f43176cd48c49958c9d28462c14c3
game/core/ai_defaultnpc.fgd	39187	core-runtime-and-editor-data	same-name-current-cs2-file-assembled	game/core/ai_defaultnpc.fgd	2347779/2145418671218218617	5b97d03dca40081673ec949204d43e6e1302eb04708d77e82ae8d25afc672fcd
game/core/base.fgd	414255	core-runtime-and-editor-data	same-name-current-cs2-file-assembled	game/core/base.fgd	2347779/2145418671218218617	7ab3d45ffb0f8a18d70076e606efcb1f34f47ac981ac32542b8dfa255d128d61
game/core/cfg/machine_convars.vcfg	2136	core-runtime-and-editor-data	no-current-path-match-in-checked-sources			4bafa225e608eedd74ea9d1ab8f72b8b8c778d74fe6d52c87168640a8c1a48a4
game/core/cfg/user_convars_0_slot0.vcfg	545	core-runtime-and-editor-data	no-current-path-match-in-checked-sources			9af8725e8220305254a915a4b7e15b5d6ff485f7617a10b9e0b79d86e13cac59
game/core/cfg/user_convars_0_slot0.vcfg_lastclouded	545	core-runtime-and-editor-data	no-current-path-match-in-checked-sources			9af8725e8220305254a915a4b7e15b5d6ff485f7617a10b9e0b79d86e13cac59
game/core/cfg/user_keys_0_slot0.vcfg	62	core-runtime-and-editor-data	no-current-path-match-in-checked-sources			3be6497df0d1c17622e0fc7b614d15891d534bb9912fbe0ba3e873b06b69c9d2
game/core/cfg/user_keys_0_slot0.vcfg_lastclouded	62	core-runtime-and-editor-data	no-current-path-match-in-checked-sources			3be6497df0d1c17622e0fc7b614d15891d534bb9912fbe0ba3e873b06b69c9d2
game/core/cfg/video_tools.txt	587	core-runtime-and-editor-data	no-current-path-match-in-checked-sources			0d8725216cf84c7c9a2176643ea19ed96f166fae458ae93ffb9c0ae4f7cd49b2
game/core/cfg/video_tools.txt.bak	340	core-runtime-and-editor-data	no-current-path-match-in-checked-sources			687ebd47f9bc5aa2309e9514bd340f4d1018a51f365a945b6022afe9320b9742
game/core/lights.fgd	5079	core-runtime-and-editor-data	same-name-current-cs2-file-assembled	game/core/lights.fgd	2347779/2145418671218218617	2488a7c31fbc4201be9d1139acd5a726a7e23bc7159b638243ffef10a6dc4668
game/core/lights2.fgd	30664	core-runtime-and-editor-data	same-name-current-cs2-file-assembled	game/core/lights2.fgd	2347779/2145418671218218617	8f336e7396df5d1bee597c5731ab45c12ea389501ea1624ff7cfdda7a305bef2
game/core/lights_base.fgd	12186	core-runtime-and-editor-data	same-name-current-cs2-file-assembled	game/core/lights_base.fgd	2347779/2145418671218218617	9ad523452eea6b6f2225403bc033955985fc561b2ee6b211e1ea9e771f654b53
game/core/markup_volumes.fgd	3532	core-runtime-and-editor-data	same-name-current-cs2-file-assembled	game/core/markup_volumes.fgd	2347779/2145418671218218617	536b1a52815059bbb0c4c182ac426e7dc06ec64efec0ca03311b6121263110e3
game/core/materials/dev/colorcode_cyan.vmat_c	3085	core-runtime-and-editor-data	same-name-current-deadlock-vpk-member-listed	game/core/pak01_dir.vpk!materials/dev/colorcode_cyan.vmat_c	1422456/9192361732058507254	8458db73a2639d8a256206e751373255906603ffa9eacf1a7d0306dce97971e5
game/core/materials/dev/colorcode_green.vmat_c	3085	core-runtime-and-editor-data	same-name-current-deadlock-vpk-member-listed	game/core/pak01_dir.vpk!materials/dev/colorcode_green.vmat_c	1422456/9192361732058507254	6de0543a5cddc7993a6bf7bb7d4b41d04259512937b33bd7540059afdfc6becf
game/core/materials/dev/houmat_template.vmat_c	3941	core-runtime-and-editor-data	same-name-current-deadlock-vpk-member-listed	game/core/pak01_dir.vpk!materials/dev/houmat_template.vmat_c	1422456/9192361732058507254	fb5366c2aef1cbc848eeaf076419bbda1c17f313c951c85bbd63e3136242b2e2
game/core/materials/dev/reflectivity_10b.vmat_c	2885	core-runtime-and-editor-data	same-name-current-deadlock-vpk-member-listed	game/core/pak01_dir.vpk!materials/dev/reflectivity_10b.vmat_c	1422456/9192361732058507254	719706737d93e6169ecb81ff88e0e0c0f0122894cbc8d89658210a1a51103f59
game/core/materials/dev/reflectivity_30b.vmat_c	2885	core-runtime-and-editor-data	same-name-current-deadlock-vpk-member-listed	game/core/pak01_dir.vpk!materials/dev/reflectivity_30b.vmat_c	1422456/9192361732058507254	16155a71d8ac0ba453b9a9a4d69913969da99388e96a2928fd7ae349c87ef02a
game/core/models/dev/sphere.vmdl_c	97960	core-runtime-and-editor-data	same-name-current-deadlock-vpk-member-listed	game/core/pak01_dir.vpk!models/dev/sphere.vmdl_c	1422456/9192361732058507254	06a3216f393f19ff53ad141ff7464b4d68b0bc5fb5c562b0a162010d3cd8d842
game/core/models_base.fgd	15323	core-runtime-and-editor-data	same-name-current-cs2-file-assembled	game/core/models_base.fgd	2347779/2145418671218218617	ec9c889ba3817c7459d0e109df64645db3ff8f76539c6d56fe73752f4e1c75a4
game/core/models_base_breakables.fgd	7880	core-runtime-and-editor-data	same-name-current-cs2-file-assembled	game/core/models_base_breakables.fgd	2347779/2145418671218218617	9d31a23c2dd5949315da0533314da8c1cdf9f511f37d7cca9b568fa05f3677f1
game/core/panorama/layout/hud_perfstats_basics.vxml_c	2358	core-runtime-and-editor-data	same-name-current-deadlock-vpk-member-listed	game/core/pak01_dir.vpk!panorama/layout/hud_perfstats_basics.vxml_c	1422456/9192361732058507254	1f8c72f7bd15c00abe97178c8397cb477db2ef60a02a74a84c0ac351ea719618
game/core/panorama/layout/popups/popup_generic.vxml_c	1783	core-runtime-and-editor-data	same-name-current-deadlock-vpk-member-listed	game/core/pak01_dir.vpk!panorama/layout/popups/popup_generic.vxml_c	1422456/9192361732058507254	16703bd588feea14762cfb5b84f5eb588e61a3f5652bda7cfab278997485b74c
game/core/panorama/localization/core_tools_german.txt	13030	core-runtime-and-editor-data	same-name-current-loose-file-listed	game/core/panorama/localization/core_tools_german.txt	1422456/9192361732058507254	f2a8c3362058f377d4c62941bbcd1030d14cb70963ba6dcc996ad2b620643470
game/core/panorama/localization/core_tools_korean.txt	12916	core-runtime-and-editor-data	same-name-current-loose-file-listed	game/core/panorama/localization/core_tools_korean.txt	1422456/9192361732058507254	e1a5b091ecbb5ddbc601c08f33b7268991e4ac7f30d3c3c8474417fb146d484b
game/core/panorama/localization/core_tools_koreana.txt	12916	core-runtime-and-editor-data	same-name-current-loose-file-listed	game/core/panorama/localization/core_tools_koreana.txt	1422456/9192361732058507254	e1a5b091ecbb5ddbc601c08f33b7268991e4ac7f30d3c3c8474417fb146d484b
game/core/panorama/localization/panorama_french.txt	6706	core-runtime-and-editor-data	same-name-current-loose-file-listed	game/core/panorama/localization/panorama_french.txt	1422456/9192361732058507254	065b024a78588b751622a5620e1234fd39b985ccdc3f74407130562fa54149fb
game/core/panorama/localization/panorama_german.txt	6886	core-runtime-and-editor-data	same-name-current-loose-file-listed	game/core/panorama/localization/panorama_german.txt	1422456/9192361732058507254	6fdce6030bad354321426a151ac383da9c806988b216f3ad11b7d69433ff88e5
game/core/panorama/localization/panorama_russian.txt	8268	core-runtime-and-editor-data	same-name-current-loose-file-listed	game/core/panorama/localization/panorama_russian.txt	1422456/9192361732058507254	bf644393c91f2992a024ca1ce173fadd7eb953d016518a4f55ee4de4a025c771
game/core/panorama/styles/hud_perfstats_basics.vcss_c	3898	core-runtime-and-editor-data	same-name-current-deadlock-vpk-member-listed	game/core/pak01_dir.vpk!panorama/styles/hud_perfstats_basics.vcss_c	1422456/9192361732058507254	079c3f4de075debf5739d56895c4903d9b72e6b4ca7c5a0536bd1af8975a743c
game/core/panorama/styles/popups/popup_manager.vcss_c	2113	core-runtime-and-editor-data	same-name-current-deadlock-vpk-member-listed	game/core/pak01_dir.vpk!panorama/styles/popups/popup_manager.vcss_c	1422456/9192361732058507254	7caf9db07ac5d03327dfa7fdaa1b51a4aa533d9e4c2e21b735cc8977e61e8e61
game/core/panorama/styles/tooltips/tooltip_base.vcss_c	13319	core-runtime-and-editor-data	same-name-current-deadlock-vpk-member-listed	game/core/pak01_dir.vpk!panorama/styles/tooltips/tooltip_base.vcss_c	1422456/9192361732058507254	c07e92a058b80f7dd1942d6cc2de08e423dbe08cc7c5c41169927257cadb841c
game/core/panorama/styles/tooltips/tooltip_text.vcss_c	2571	core-runtime-and-editor-data	same-name-current-deadlock-vpk-member-listed	game/core/pak01_dir.vpk!panorama/styles/tooltips/tooltip_text.vcss_c	1422456/9192361732058507254	54d9d5e91a6c72d702bfc8ad6fdffa13c013de726197aef4608765d9a50dfdd6
game/core/particles/dev/dev_snapshot_preview_rope.vpcf_c	2253	core-runtime-and-editor-data	same-name-current-deadlock-vpk-member-listed	game/core/pak01_dir.vpk!particles/dev/dev_snapshot_preview_rope.vpcf_c	1422456/9192361732058507254	4fbb4d44e4961572a77e63c7be02a94eb2001ac3e76d20d5469df95af2ae74a5
game/core/readonly_tools_asset_info.bin	376002	core-runtime-and-editor-data	same-name-current-cs2-file-assembled	game/core/readonly_tools_asset_info.bin	2347779/2145418671218218617	fa9eb0362e1fab5ed35e00a5473b51fb0356bfc304df64f1f90dc7a3dd584dcd
game/core/resource/countries_brazilian.txt	9979	core-runtime-and-editor-data	same-name-current-loose-file-listed	game/core/resource/countries_brazilian.txt	1422456/9192361732058507254	06b8d0cc78f9a060866b1ff52d020ad1bbfefca131104d9d331898fc973a5295
game/core/resource/countries_bulgarian.txt	12350	core-runtime-and-editor-data	same-name-current-loose-file-listed	game/core/resource/countries_bulgarian.txt	1422456/9192361732058507254	f8a3e2110dd9289b3658515e73549d425e8fa93562c3cbdbd627139c9096095e
game/core/resource/countries_czech.txt	10073	core-runtime-and-editor-data	same-name-current-loose-file-listed	game/core/resource/countries_czech.txt	1422456/9192361732058507254	08d31316cd5dc3a8d1c03d3938e62b1b4211f1eaf6ee5aaf32461c21097d281d
game/core/resource/countries_danish.txt	9824	core-runtime-and-editor-data	same-name-current-loose-file-listed	game/core/resource/countries_danish.txt	1422456/9192361732058507254	c52901ea39e42884d7cf3b7cb2eeed82d31d41d683707a4371f72188929040ee
game/core/resource/countries_dutch.txt	9956	core-runtime-and-editor-data	same-name-current-loose-file-listed	game/core/resource/countries_dutch.txt	1422456/9192361732058507254	9c6711722f5c212d01ebb56e1324cf5b2cc0c7892e6f42dd52c53097d2a6fb00
game/core/resource/countries_finnish.txt	9826	core-runtime-and-editor-data	same-name-current-loose-file-listed	game/core/resource/countries_finnish.txt	1422456/9192361732058507254	ce95a34c48a873d161533ffcdd26b2ec764a825e86de526927dea5aae741feea
game/core/resource/countries_french.txt	10120	core-runtime-and-editor-data	same-name-current-loose-file-listed	game/core/resource/countries_french.txt	1422456/9192361732058507254	b5cbfa3d7d41a3a07505e7c28823e71b69fe2bcae43cb61492f199d64c802bc0
game/core/resource/countries_german.txt	10162	core-runtime-and-editor-data	same-name-current-loose-file-listed	game/core/resource/countries_german.txt	1422456/9192361732058507254	9d30ec489feb370e5a22ed66e930e35d63641cc7ca12ab17ee5e2066958ded76
game/core/resource/countries_greek.txt	12566	core-runtime-and-editor-data	same-name-current-loose-file-listed	game/core/resource/countries_greek.txt	1422456/9192361732058507254	e05ebf0b9f2824fe22c2a2253cfa2312ed38810a16d52540b7be9d642efdfa56
game/core/resource/countries_hungarian.txt	10234	core-runtime-and-editor-data	same-name-current-loose-file-listed	game/core/resource/countries_hungarian.txt	1422456/9192361732058507254	ef17ce92bf23237a9ddc553dd2d3a39d25556cacc5ea3e3d3e23da61eb71670d
game/core/resource/countries_italian.txt	10007	core-runtime-and-editor-data	same-name-current-loose-file-listed	game/core/resource/countries_italian.txt	1422456/9192361732058507254	b7d86a7f8ee82e24b8d6d9c76427bdec4283927c137113c6d37665bb5dadddb6
game/core/resource/countries_japanese.txt	11566	core-runtime-and-editor-data	same-name-current-loose-file-listed	game/core/resource/countries_japanese.txt	1422456/9192361732058507254	618d33d515d2e6a3cb6e73aac33d5c5f7e93c91d5171307f31afc1bfecd3a6cc
game/core/resource/countries_korean.txt	10675	core-runtime-and-editor-data	same-name-current-loose-file-listed	game/core/resource/countries_korean.txt	1422456/9192361732058507254	9e42cd1ac64fea5fef5bb7ed2b64fd59da91b15fc19ff26dda87810777b012f6
game/core/resource/countries_koreana.txt	10675	core-runtime-and-editor-data	same-name-current-loose-file-listed	game/core/resource/countries_koreana.txt	1422456/9192361732058507254	9e42cd1ac64fea5fef5bb7ed2b64fd59da91b15fc19ff26dda87810777b012f6
game/core/resource/countries_latam.txt	9918	core-runtime-and-editor-data	same-name-current-loose-file-listed	game/core/resource/countries_latam.txt	1422456/9192361732058507254	a15d4a9175ba4cb0167e235d7639c2311007cb64d5e4e6a04715c51d1be224b4
game/core/resource/countries_norwegian.txt	9793	core-runtime-and-editor-data	same-name-current-loose-file-listed	game/core/resource/countries_norwegian.txt	1422456/9192361732058507254	2ef6c979db6b7835f112eedc366ba6b7df10e532d418a5c1eaaefaa91c1a9916
game/core/resource/countries_polish.txt	10019	core-runtime-and-editor-data	same-name-current-loose-file-listed	game/core/resource/countries_polish.txt	1422456/9192361732058507254	bc94327e8fd35af2b5d17dc547fd9f5c7d5212241a63a8dc3bd936a2774cdcd1
game/core/resource/countries_portuguese.txt	10071	core-runtime-and-editor-data	same-name-current-loose-file-listed	game/core/resource/countries_portuguese.txt	1422456/9192361732058507254	e791188c6283a1f274c384df270e76dac376d40b9a2e6f77aef30c3578d9a730
game/core/resource/countries_romanian.txt	10009	core-runtime-and-editor-data	same-name-current-loose-file-listed	game/core/resource/countries_romanian.txt	1422456/9192361732058507254	d26377538ffee1e27083ac28f7befc088f147135a16620ca4cba69235718b872
game/core/resource/countries_russian.txt	12306	core-runtime-and-editor-data	same-name-current-loose-file-listed	game/core/resource/countries_russian.txt	1422456/9192361732058507254	9db1bd00756fe8159f5bf2f96271f70a7aebcc407d2d5e089f157ee4b8f08c5d
game/core/resource/countries_schinese.txt	10253	core-runtime-and-editor-data	same-name-current-loose-file-listed	game/core/resource/countries_schinese.txt	1422456/9192361732058507254	ba91fdad30fab0cada02ffd1c9f78026bdcad1d5d730c28c9f15ecb13580680c
game/core/resource/countries_spanish.txt	9877	core-runtime-and-editor-data	same-name-current-loose-file-listed	game/core/resource/countries_spanish.txt	1422456/9192361732058507254	ac142d5e0bcdf6141498b4530d9a9b6cf7597705ab0dd0bc457e57e251d61512
game/core/resource/countries_swedish.txt	9838	core-runtime-and-editor-data	same-name-current-loose-file-listed	game/core/resource/countries_swedish.txt	1422456/9192361732058507254	aeed5cbbb35bcb71b5e9818f983cf6263021d5ddb56062078d474fc11943a37b
game/core/resource/countries_tchinese.txt	10250	core-runtime-and-editor-data	same-name-current-loose-file-listed	game/core/resource/countries_tchinese.txt	1422456/9192361732058507254	51c40ff73c61f50467d82e3cd56bf42352650d06e35a92c1db196728cc77c03f
game/core/resource/countries_thai.txt	15005	core-runtime-and-editor-data	same-name-current-loose-file-listed	game/core/resource/countries_thai.txt	1422456/9192361732058507254	43d45a9617c058335eb33994bbdbfb694006b81ba07c9316c017ec1fb625bb91
game/core/resource/countries_turkish.txt	9991	core-runtime-and-editor-data	same-name-current-loose-file-listed	game/core/resource/countries_turkish.txt	1422456/9192361732058507254	6317ad916c76eff3da0a13f7cbba6908c9cbddf6360b4a57b706880271cd7084
game/core/resource/countries_ukrainian.txt	12433	core-runtime-and-editor-data	same-name-current-loose-file-listed	game/core/resource/countries_ukrainian.txt	1422456/9192361732058507254	d36ca7a181ca5cbbd840df78b71a1f764d5c03facbccdde7208b4d2f36a98c09
game/core/resource/countries_vietnamese.txt	10177	core-runtime-and-editor-data	same-name-current-loose-file-listed	game/core/resource/countries_vietnamese.txt	1422456/9192361732058507254	7f2912e2e77aa6c2880da0415e62d8491a93aa438d705b720a022c2a642ded77
game/core/resource/game.gameevents	13499	core-runtime-and-editor-data	no-current-path-match-in-checked-sources			8037e804713bf9a71e448b6c2a8ecb673c6d9b2fe36aded393cb8a19cdb3e312
game/core/resource/toolhelp_hammer_commands_english.txt	10743	core-runtime-and-editor-data	same-name-current-loose-file-listed	game/core/resource/toolhelp_hammer_commands_english.txt	1422456/9192361732058507254	f4179c84e7423e48fbc36e81ae83f83e87187583739ca52a6bd15c6bc63e4f43
game/core/resource/toolhelp_modeldoc_editor_english.txt	30803	core-runtime-and-editor-data	same-name-current-loose-file-listed	game/core/resource/toolhelp_modeldoc_editor_english.txt	1422456/9192361732058507254	afd1c64605728c27dc40a78c8c823e25c72d433c3c777353ebd68e7bad20bbf4
game/core/resource/toolhelp_particles_english.txt	97681	core-runtime-and-editor-data	same-name-current-loose-file-listed	game/core/resource/toolhelp_particles_english.txt	1422456/9192361732058507254	60ffa7e67b9a6c0781686db1b9b9b41284c5321e65247e7bd9899791b71c1ef4
game/core/resource/toolhelp_surfacepropertyeditor_english.txt	8215	core-runtime-and-editor-data	same-name-current-loose-file-listed	game/core/resource/toolhelp_surfacepropertyeditor_english.txt	1422456/9192361732058507254	ceb06cf220fb50caf132a2049498845a3d119c22d8a7788ce6a3bd8fd48270ef
game/core/resource/valve_brazilian.txt	51213	core-runtime-and-editor-data	same-name-current-loose-file-listed	game/core/resource/valve_brazilian.txt	1422456/9192361732058507254	85ca0e1a31d13f9e82dc5f8baed1c3389400ceaeb61d015072e89b50d4f45f70
game/core/resource/valve_bulgarian.txt	68316	core-runtime-and-editor-data	same-name-current-loose-file-listed	game/core/resource/valve_bulgarian.txt	1422456/9192361732058507254	7988cfc89d5aae05ffe437f0c3ab86005197bc742c5c0ba9ca3e7f03d9e65386
game/core/resource/valve_czech.txt	52096	core-runtime-and-editor-data	same-name-current-loose-file-listed	game/core/resource/valve_czech.txt	1422456/9192361732058507254	2b13d5a7e1872c6ccbae8547853e750584f8fee5cfa17502c3101bfc6983c9a0
game/core/resource/valve_danish.txt	50231	core-runtime-and-editor-data	same-name-current-loose-file-listed	game/core/resource/valve_danish.txt	1422456/9192361732058507254	b0802f7cea0b22afa608e67ce93346fb606414f84882d53dc3e785ccfd7449e7
game/core/resource/valve_dutch.txt	52189	core-runtime-and-editor-data	same-name-current-loose-file-listed	game/core/resource/valve_dutch.txt	1422456/9192361732058507254	83133e0b6d9700a1004bb74c2d0e3d1ab6347360fc007512c1631b2cfbd8be49
game/core/resource/valve_english.txt	51151	core-runtime-and-editor-data	same-name-current-loose-file-listed	game/core/resource/valve_english.txt	1422456/9192361732058507254	8b975b8e4dc356853a3ed613e1bd67dc624eac4660399d76c0ba5e84b3cc300c
game/core/resource/valve_finnish.txt	50844	core-runtime-and-editor-data	same-name-current-loose-file-listed	game/core/resource/valve_finnish.txt	1422456/9192361732058507254	017d1acae2e93d72fa5e53f9492005d12ae091eba19bd5efe6f565cf1bd60bd8
game/core/resource/valve_french.txt	53495	core-runtime-and-editor-data	same-name-current-loose-file-listed	game/core/resource/valve_french.txt	1422456/9192361732058507254	3ce33ec13a4b54199918ab36eb8c4068689a87b4d5adbf1f18d35669179b0304
game/core/resource/valve_german.txt	53283	core-runtime-and-editor-data	same-name-current-loose-file-listed	game/core/resource/valve_german.txt	1422456/9192361732058507254	388c1da930fc7ce85a5077a54c09a0ff0301faccab35186a9b83822edfac669a
game/core/resource/valve_greek.txt	68157	core-runtime-and-editor-data	same-name-current-loose-file-listed	game/core/resource/valve_greek.txt	1422456/9192361732058507254	ddf2db1ae6517fd71068b2fd3affc9dc2a1f0d3ef3a097260a6fc01d7c8a7056
game/core/resource/valve_hungarian.txt	52830	core-runtime-and-editor-data	same-name-current-loose-file-listed	game/core/resource/valve_hungarian.txt	1422456/9192361732058507254	0fda217b6c13c584ef1211a7c8d53385663b1c5b252907d8e24c048a94c9c940
game/core/resource/valve_indonesian.txt	50639	core-runtime-and-editor-data	same-name-current-loose-file-listed	game/core/resource/valve_indonesian.txt	1422456/9192361732058507254	db0ab2fdb1cfe6c71a255b8b262b4572e0d7fd5949d82e68f5413b7c805eb307
game/core/resource/valve_italian.txt	52292	core-runtime-and-editor-data	same-name-current-loose-file-listed	game/core/resource/valve_italian.txt	1422456/9192361732058507254	3d39ee2e2a90306d2cac49774007e4b89969e18961caf812d3951ad50caa36d7
game/core/resource/valve_japanese.txt	58159	core-runtime-and-editor-data	same-name-current-loose-file-listed	game/core/resource/valve_japanese.txt	1422456/9192361732058507254	9e19f260072a18dcfa0a68af95c16c0fc178c476846fccfbffa815428614e5b6
game/core/resource/valve_korean.txt	53866	core-runtime-and-editor-data	same-name-current-loose-file-listed	game/core/resource/valve_korean.txt	1422456/9192361732058507254	4542ddda4e22bc0f74be41025ecfda41efa956243634de7238e1db90ad6d6da8
game/core/resource/valve_koreana.txt	53866	core-runtime-and-editor-data	same-name-current-loose-file-listed	game/core/resource/valve_koreana.txt	1422456/9192361732058507254	4542ddda4e22bc0f74be41025ecfda41efa956243634de7238e1db90ad6d6da8
game/core/resource/valve_latam.txt	53007	core-runtime-and-editor-data	same-name-current-loose-file-listed	game/core/resource/valve_latam.txt	1422456/9192361732058507254	ceac937dea6234a7b823d108a4af7d17a4459f183966cc4c5a4ec789b3f0cff4
game/core/resource/valve_norwegian.txt	50054	core-runtime-and-editor-data	same-name-current-loose-file-listed	game/core/resource/valve_norwegian.txt	1422456/9192361732058507254	1c859fe517ab25ee8879637505f7aecb51a80ee0bdc8cb7ba9f6f89158bf3863
game/core/resource/valve_polish.txt	52189	core-runtime-and-editor-data	same-name-current-loose-file-listed	game/core/resource/valve_polish.txt	1422456/9192361732058507254	b917cc68238f39eb0043bdbebbba9d33adb57c0691b54a6c7a383e30747f3f0a
game/core/resource/valve_portuguese.txt	51813	core-runtime-and-editor-data	same-name-current-loose-file-listed	game/core/resource/valve_portuguese.txt	1422456/9192361732058507254	9fd6d0fad8468d9f624511859fb66af4e8e3a68bb44097b7ca8485738a9a0a94
game/core/resource/valve_romanian.txt	54047	core-runtime-and-editor-data	same-name-current-loose-file-listed	game/core/resource/valve_romanian.txt	1422456/9192361732058507254	8877f09f9a447005296886c7eec343370d43b349cfa6fd4b7ccf622bff14f69c
game/core/resource/valve_russian.txt	64865	core-runtime-and-editor-data	same-name-current-loose-file-listed	game/core/resource/valve_russian.txt	1422456/9192361732058507254	e700bb54f5db719958ac774371660dfe0c37350703b23959308e8f7b9752b92e
game/core/resource/valve_schinese.txt	48384	core-runtime-and-editor-data	same-name-current-loose-file-listed	game/core/resource/valve_schinese.txt	1422456/9192361732058507254	db69606b78b89c6ecb69d0cd66ff60d5703e2d87dd899e300d8ad6c8e0e70caf
game/core/resource/valve_spanish.txt	53480	core-runtime-and-editor-data	same-name-current-loose-file-listed	game/core/resource/valve_spanish.txt	1422456/9192361732058507254	b3e2ece359d73a904d40e9be3f488d9af6e11a2f6781f0352653ed19998b771e
game/core/resource/valve_swedish.txt	50636	core-runtime-and-editor-data	same-name-current-loose-file-listed	game/core/resource/valve_swedish.txt	1422456/9192361732058507254	0657c86d9f376c69059094bf5b74a191060eb53a5a45972fc564d93003727261
game/core/resource/valve_tchinese.txt	49029	core-runtime-and-editor-data	same-name-current-loose-file-listed	game/core/resource/valve_tchinese.txt	1422456/9192361732058507254	f68544dce5f4acb446db33773838308749fcb58697d19d858b3ddd0259cfa1ba
game/core/resource/valve_thai.txt	77265	core-runtime-and-editor-data	same-name-current-loose-file-listed	game/core/resource/valve_thai.txt	1422456/9192361732058507254	0cec6209662fefed154cde1e9d86c5cab73f411ded9c32e93a62e58e390e5c08
game/core/resource/valve_turkish.txt	51722	core-runtime-and-editor-data	same-name-current-loose-file-listed	game/core/resource/valve_turkish.txt	1422456/9192361732058507254	8dc37f8f0e98bc4fd8076173f28ec295fb3ffbeaf28be3a7173aab14980fa40b
game/core/resource/valve_ukrainian.txt	63949	core-runtime-and-editor-data	same-name-current-loose-file-listed	game/core/resource/valve_ukrainian.txt	1422456/9192361732058507254	f8a7cacce4e57a851dda4821c15277e13d8fd56956a3b16ce308a9a9c08c67f1
game/core/resource/valve_vietnamese.txt	54830	core-runtime-and-editor-data	same-name-current-loose-file-listed	game/core/resource/valve_vietnamese.txt	1422456/9192361732058507254	3a90082f2107786cbd1e95fa01723d0841bfbf9a02636c837234a609408b5be9
game/core/resource/vgui_brazilian.txt	17087	core-runtime-and-editor-data	no-current-path-match-in-checked-sources			840a229216acac629845a5bd9799af6c6e1bfa0ad2f321359a647f439295d223
game/core/resource/vgui_bulgarian.txt	19916	core-runtime-and-editor-data	no-current-path-match-in-checked-sources			b24755af9bc49438325420844048bd38c9b3839ced2dcb6b19ea3de8fc7609c6
game/core/resource/vgui_czech.txt	17056	core-runtime-and-editor-data	no-current-path-match-in-checked-sources			245e098eefd5f55df157a2a6cfcc71530f1afbddfe7cf8a1887912fbdf49f5cc
game/core/resource/vgui_danish.txt	16821	core-runtime-and-editor-data	no-current-path-match-in-checked-sources			4415ed7e5500ab6d4da8b715403887ea909e398da93d2d610213f7ec9a75c04e
game/core/resource/vgui_dutch.txt	16881	core-runtime-and-editor-data	no-current-path-match-in-checked-sources			61eb7f08898f7251fdd3a34eb9eec226551afda83d541f61b563747b86533603
game/core/resource/vgui_english.txt	7854	core-runtime-and-editor-data	no-current-path-match-in-checked-sources			7ba4e5253e321139997013ed2cde84b7fdc1038d440b044c4596c880c1027f76
game/core/resource/vgui_finnish.txt	16803	core-runtime-and-editor-data	no-current-path-match-in-checked-sources			86eec5daed244ff1c516307a80a0170d67fc0cc92f45e507d77ab67f20f88660
game/core/resource/vgui_french.txt	17333	core-runtime-and-editor-data	no-current-path-match-in-checked-sources			e89ec91ee2f20dcb3c2897a6a2748f7f48ebf5345bed98145da154d92a84f33d
game/core/resource/vgui_german.txt	16804	core-runtime-and-editor-data	no-current-path-match-in-checked-sources			2ea958c19aadf1618f4e9fcca39934c439ce0ae0e1de9fa989c7da1b069063aa
game/core/resource/vgui_greek.txt	19676	core-runtime-and-editor-data	no-current-path-match-in-checked-sources			8913174fa00f2624f6ea82dc21b046aefe259d44030507797929707e4e955779
game/core/resource/vgui_hungarian.txt	17157	core-runtime-and-editor-data	no-current-path-match-in-checked-sources			623fc7a3b21dec5e280fd93fed096ecb792d10a3b161f859f65ab365ee0a267c
game/core/resource/vgui_italian.txt	16967	core-runtime-and-editor-data	no-current-path-match-in-checked-sources			19f4cde65dc6a06926647fc14cd6e89201b18edfcb6d0bc2e2452f8f6ef62213
game/core/resource/vgui_japanese.txt	13519	core-runtime-and-editor-data	no-current-path-match-in-checked-sources			9b87175a2253c059682b6424efc230335239ac2f6dee87b126e9f241965ce640
game/core/resource/vgui_korean.txt	16928	core-runtime-and-editor-data	no-current-path-match-in-checked-sources			5b055f8c507da529c4c6323031c92fb84b661238b63916e79cc2eb6a755be9e3
game/core/resource/vgui_koreana.txt	16928	core-runtime-and-editor-data	no-current-path-match-in-checked-sources			5b055f8c507da529c4c6323031c92fb84b661238b63916e79cc2eb6a755be9e3
game/core/resource/vgui_norwegian.txt	17018	core-runtime-and-editor-data	no-current-path-match-in-checked-sources			9b551b38cbe2375f03e31d79178325cb6cab6bb033099700a44820f279f69188
game/core/resource/vgui_polish.txt	16755	core-runtime-and-editor-data	no-current-path-match-in-checked-sources			e79c8b6d75aeb1ac598f267df94801477fadd9c0d84dea95b7fac91004fe4a5b
game/core/resource/vgui_portuguese.txt	17110	core-runtime-and-editor-data	no-current-path-match-in-checked-sources			761688311cf43ec694ec03714ef0472b16428a2d547024395da923f66510ab55
game/core/resource/vgui_romanian.txt	16759	core-runtime-and-editor-data	no-current-path-match-in-checked-sources			c06dc4b7b61b88db518faeffd75af18d0a8021c65e8215cf50904acc513ef676
game/core/resource/vgui_russian.txt	19428	core-runtime-and-editor-data	no-current-path-match-in-checked-sources			0f107d4a68bfdcb68bb1eeeaddbf0f6bd57efde3b8b29b506690dff0b4bc1d05
game/core/resource/vgui_schinese.txt	16242	core-runtime-and-editor-data	no-current-path-match-in-checked-sources			7f2f4c6bb6a65464e5f5a718acca0a0738682e08b93a479b1e8da662d31ff448
game/core/resource/vgui_spanish.txt	17119	core-runtime-and-editor-data	no-current-path-match-in-checked-sources			e7a3de34182af4c3a03165323496d121da573365a35cfd476210006b1191d079
game/core/resource/vgui_swedish.txt	16835	core-runtime-and-editor-data	no-current-path-match-in-checked-sources			024d1e9c7a5da928e977fecfe8276a41ea30899fb8062740dc9b1b0e2ca23e07
game/core/resource/vgui_tchinese.txt	16348	core-runtime-and-editor-data	no-current-path-match-in-checked-sources			a3a322114a861120edcfa908eff7125df57bf86ef7014c44ea117f76282a2eda
game/core/resource/vgui_thai.txt	15126	core-runtime-and-editor-data	no-current-path-match-in-checked-sources			e3ad2b84d9a62e6889443518220731583e2eb80943a6860bbe552bce26b12460
game/core/resource/vgui_turkish.txt	16779	core-runtime-and-editor-data	no-current-path-match-in-checked-sources			d0938ed6491087b328054e994ab054f25ebf6d869ea15cdf5d1f635851eb2aee
game/core/resource/vgui_ukrainian.txt	19161	core-runtime-and-editor-data	no-current-path-match-in-checked-sources			932b699be66e089e1120dfb8628bd5680c6a1e37f5dd366e9946e39681409969
game/core/scripts/detail_prop_types.vdata_c	1879	core-runtime-and-editor-data	same-name-current-deadlock-vpk-member-listed	game/core/pak01_dir.vpk!scripts/detail_prop_types.vdata_c	1422456/9192361732058507254	147fbdab849a73f208367ad3ac95960b21e472adb1d80c822904aadf1948fb0e
game/core/scripts/replay_compatability_settings.txt	4082	core-runtime-and-editor-data	same-name-current-deadlock-vpk-member-listed	game/core/pak01_dir.vpk!scripts/replay_compatability_settings.txt	1422456/9192361732058507254	8eb2dc3dc6ed1506a5bd89b61da953fc4fa7368e5c593898e5576687daca7d5c
game/core/scripts/tools/animgrapheditor/graph_view_styles.vdata_c	4277	core-runtime-and-editor-data	same-name-current-deadlock-vpk-member-listed	game/core/pak01_dir.vpk!scripts/tools/animgrapheditor/graph_view_styles.vdata_c	1422456/9192361732058507254	bf6e522651e75489c0fb4f0730ee16b072d21f32fdd05cf2ecd94bfd7ad80a45
game/core/scripts/tools/asset_graph_view_styles.vdata_c	2642	core-runtime-and-editor-data	same-name-current-deadlock-vpk-member-listed	game/core/pak01_dir.vpk!scripts/tools/asset_graph_view_styles.vdata_c	1422456/9192361732058507254	6f1a0f8c86b7400783c1b85eb38b24c2cda11036468ea79d1a65ce6804194764
game/core/scripts/tools/pulse_scene_styles_v2.vdata_c	16699	core-runtime-and-editor-data	same-name-current-deadlock-vpk-member-listed	game/core/pak01_dir.vpk!scripts/tools/pulse_scene_styles_v2.vdata_c	1422456/9192361732058507254	41e09d7fa4c8d5ae31fe29d3fb3f0e93efa5402c8dc2756e03d7b1239983b0dc
game/core/ServerConfig.vdf	489	core-runtime-and-editor-data	no-current-path-match-in-checked-sources			74869d4b320691e5cd97a797ba7b1eb87652330eb004024fb5c84ca3d3f9d4b4
game/core/shaders_pc_000.vpk	15503528	core-runtime-and-editor-data	same-name-current-cs2-file-assembled	game/core/shaders_pc_000.vpk	1422452/1334199870863440742;2347771/5806169188224907599	f261b89ab78e0f02df471f7aee99336c14c18f0115a7a3df834c70d82676c920
game/core/shaders_pc_dir.vpk	24051	core-runtime-and-editor-data	same-name-current-cs2-file-assembled	game/core/shaders_pc_dir.vpk	1422452/1334199870863440742;2347771/5806169188224907599	b7c1f3c7248ab5f11689767e44247b5248d92fd2ef41a3dd2e5cb25116afbabd
game/core/shaders_vulkan_000.vpk	17567139	core-runtime-and-editor-data	same-name-current-cs2-file-assembled	game/core/shaders_vulkan_000.vpk	1422452/1334199870863440742;2347770/2053759441494650084	3366e3d0c4d2cb2add4f2ec014a37b7c3a32393739ab3c3a03f3104cb9e4f3f4
game/core/shaders_vulkan_dir.vpk	26502	core-runtime-and-editor-data	same-name-current-cs2-file-assembled	game/core/shaders_vulkan_dir.vpk	1422452/1334199870863440742;2347770/2053759441494650084	d534d6ed1ca40a56f8205ab4c718e5c206bf1fef87b3b5021803c2c84dcff17a
game/core/soundevents/soundevents_addon.vsndevts_c	901	core-runtime-and-editor-data	same-name-current-deadlock-vpk-member-listed	game/core/pak01_dir.vpk!soundevents/soundevents_addon.vsndevts_c	1422456/9192361732058507254	90d8ecc1151e3cfe36158901924beeb4bfc52a6fdcdfe0cee7b3bc8f45d1e1ad
game/core/soundevents/soundevents_containers_test.vsndevts_c	1598	core-runtime-and-editor-data	same-name-current-deadlock-vpk-member-listed	game/core/pak01_dir.vpk!soundevents/soundevents_containers_test.vsndevts_c	1422456/9192361732058507254	5f4bed22c5b14b50c2bc49fb2e1c3d15c3478b8885808c699ed6ec61ce1361be
game/core/soundevents/soundevents_core.vsndevts_c	3156	core-runtime-and-editor-data	same-name-current-deadlock-vpk-member-listed	game/core/pak01_dir.vpk!soundevents/soundevents_core.vsndevts_c	1422456/9192361732058507254	2e7b5bb325e7b3bc2f9899dbf51745694e9942ce9cc4b53ac9821c30dad1be64
game/core/soundevents/soundevents_core_setters.vsndevts_c	1614	core-runtime-and-editor-data	same-name-current-deadlock-vpk-member-listed	game/core/pak01_dir.vpk!soundevents/soundevents_core_setters.vsndevts_c	1422456/9192361732058507254	75e18ebe21bb8b16c099a54754a25e98526068a521f6d439ed355cc45a96cfc0
game/core/soundevents/soundevents_diagnostics.vsndevts_c	9354	core-runtime-and-editor-data	same-name-current-deadlock-vpk-member-listed	game/core/pak01_dir.vpk!soundevents/soundevents_diagnostics.vsndevts_c	1422456/9192361732058507254	d3cee3871bfe504f88526f82e251756afdbd05febcceeeaf271d349fc3c957a6
game/core/soundevents/soundevents_examples.vsndevts_c	1373	core-runtime-and-editor-data	same-name-current-deadlock-vpk-member-listed	game/core/pak01_dir.vpk!soundevents/soundevents_examples.vsndevts_c	1422456/9192361732058507254	35ccf18388d8e3a7e68209f6350efde6eac3757a340ce54c01a46d230067822d
game/core/soundevents/soundevents_import_opvars_test.vsndevts_c	2112	core-runtime-and-editor-data	same-name-current-deadlock-vpk-member-listed	game/core/pak01_dir.vpk!soundevents/soundevents_import_opvars_test.vsndevts_c	1422456/9192361732058507254	81529a6b0b63b2366cee8f5c4ba40e6010bb291e1603fa31f39c87afef92a981
game/core/soundevents/soundevents_soundscapes_core.vsndevts_c	4710	core-runtime-and-editor-data	same-name-current-deadlock-vpk-member-listed	game/core/pak01_dir.vpk!soundevents/soundevents_soundscapes_core.vsndevts_c	1422456/9192361732058507254	e5c16b0c02a87b925c7ae1a49a1fb4d975c35e030d16e2fb928d9c52114c2e69
game/core/soundevents/testkv3_soundevents_diagnostics.vsndevts_c	4593	core-runtime-and-editor-data	same-name-current-deadlock-vpk-member-listed	game/core/pak01_dir.vpk!soundevents/testkv3_soundevents_diagnostics.vsndevts_c	1422456/9192361732058507254	8f857e482ac150fc9870c4cebb2b36dd79773a03275d152ee7e302c3e8b2dbfe
game/core/sounds/diagnostics/abcd.vsnd_c	222085	core-runtime-and-editor-data	same-name-current-deadlock-vpk-member-listed	game/core/pak01_dir.vpk!sounds/diagnostics/abcd.vsnd_c	1422456/9192361732058507254	43940bc338fdc736aa1a2ec1fb6275e151ad33ec2e17ad198170a7a99c271a8f
game/core/sounds/diagnostics/beep.vsnd_c	5765	core-runtime-and-editor-data	same-name-current-deadlock-vpk-member-listed	game/core/pak01_dir.vpk!sounds/diagnostics/beep.vsnd_c	1422456/9192361732058507254	bc926d9c246e4e16ba0cd567ce922cfcdb50ead02bf2c916f5151ccfa50a9c69
game/core/sounds/diagnostics/beep_10sec_restart_9sec.vsnd_c	72012	core-runtime-and-editor-data	same-name-current-deadlock-vpk-member-listed	game/core/pak01_dir.vpk!sounds/diagnostics/beep_10sec_restart_9sec.vsnd_c	1422456/9192361732058507254	7dfe385d72dec3006f1990b54760eaab456efebf4b94329b76d79a44eb5a6e21
game/core/sounds/diagnostics/beep_headtail_10sec_restart_9sec.vsnd_c	104561	core-runtime-and-editor-data	same-name-current-deadlock-vpk-member-listed	game/core/pak01_dir.vpk!sounds/diagnostics/beep_headtail_10sec_restart_9sec.vsnd_c	1422456/9192361732058507254	edf7bfef6a749d526e80cd4f9ebd7714debf551b26e9d7f5127cda61b8ad5b82
game/core/sounds/diagnostics/bell.vsnd_c	22341	core-runtime-and-editor-data	same-name-current-deadlock-vpk-member-listed	game/core/pak01_dir.vpk!sounds/diagnostics/bell.vsnd_c	1422456/9192361732058507254	7b2ebc4a28f6d5e07dc2753f9b1addb625d8684a8d7f04b551a1d7daebb06bbb
game/core/sounds/diagnostics/counting.vsnd_c	133681	core-runtime-and-editor-data	same-name-current-deadlock-vpk-member-listed	game/core/pak01_dir.vpk!sounds/diagnostics/counting.vsnd_c	1422456/9192361732058507254	69421e48f036721725cdffadd6c319efcb1e6105a80c35cea5cdd46b69841c2c
game/core/sounds/diagnostics/counting_120.vsnd_c	1775722	core-runtime-and-editor-data	same-name-current-deadlock-vpk-member-listed	game/core/pak01_dir.vpk!sounds/diagnostics/counting_120.vsnd_c	1422456/9192361732058507254	5d3edc13f047e41989348c6996214d1ada404dcb4f4aa2395baab252c6bf8b17
game/core/sounds/diagnostics/enveloped_noise_01.vsnd_c	101389	core-runtime-and-editor-data	same-name-current-deadlock-vpk-member-listed	game/core/pak01_dir.vpk!sounds/diagnostics/enveloped_noise_01.vsnd_c	1422456/9192361732058507254	d2064ea7d8b3429bac40285e0aa20a05a024c2fae31f42f82cde1004bbb3bb3f
game/core/sounds/diagnostics/impulse.vsnd_c	5360	core-runtime-and-editor-data	same-name-current-deadlock-vpk-member-listed	game/core/pak01_dir.vpk!sounds/diagnostics/impulse.vsnd_c	1422456/9192361732058507254	e08f7f1c236581d9f13e3c8ef83b476206a571ab4b52551e256234fa56dc9a00
game/core/sounds/diagnostics/ozymandias.vsnd_c	107742	core-runtime-and-editor-data	same-name-current-deadlock-vpk-member-listed	game/core/pak01_dir.vpk!sounds/diagnostics/ozymandias.vsnd_c	1422456/9192361732058507254	b8d1540d11ea6949027ebad5b20466140eff57d055ce475f7afc767a3afc9455
game/core/sounds/diagnostics/pinknoise.vsnd_c	22862	core-runtime-and-editor-data	same-name-current-deadlock-vpk-member-listed	game/core/pak01_dir.vpk!sounds/diagnostics/pinknoise.vsnd_c	1422456/9192361732058507254	dcb398b7909111815601b2c404fefd8d32ac7861530818e72ca60d9357b71ffe
game/core/sounds/diagnostics/rain_heavy_lp_01.vsnd_c	482573	core-runtime-and-editor-data	same-name-current-deadlock-vpk-member-listed	game/core/pak01_dir.vpk!sounds/diagnostics/rain_heavy_lp_01.vsnd_c	1422456/9192361732058507254	1ac1ca58e76a61df54f78ffd2f136ba3f3c17e8878fc53f5b49304c7593d9879
game/core/sounds/diagnostics/rain_light_lp_01.vsnd_c	514556	core-runtime-and-editor-data	same-name-current-deadlock-vpk-member-listed	game/core/pak01_dir.vpk!sounds/diagnostics/rain_light_lp_01.vsnd_c	1422456/9192361732058507254	5ff404219e7735d535b29722f865388963832741c8f181d738f01f12774c7235
game/core/sounds/diagnostics/singing_bowl_lp_01.vsnd_c	259842	core-runtime-and-editor-data	same-name-current-deadlock-vpk-member-listed	game/core/pak01_dir.vpk!sounds/diagnostics/singing_bowl_lp_01.vsnd_c	1422456/9192361732058507254	5cc7222cbcaf83aa797537b3edb46ed4b093b2c002660531792369384b778cf8
game/core/sounds/diagnostics/sin_1024hz_-3db_lp.vsnd_c	513167	core-runtime-and-editor-data	same-name-current-deadlock-vpk-member-listed	game/core/pak01_dir.vpk!sounds/diagnostics/sin_1024hz_-3db_lp.vsnd_c	1422456/9192361732058507254	fbf9c81f344b5ff0e2fd3e0fd2e3c43c7974369fa98028029f7bfba15ccecd2f
game/core/sounds/diagnostics/tones.vsnd_c	14731	core-runtime-and-editor-data	same-name-current-deadlock-vpk-member-listed	game/core/pak01_dir.vpk!sounds/diagnostics/tones.vsnd_c	1422456/9192361732058507254	81b4b0c2511ce9d993113cf0a098d90aeed14629d77eabda70a4cfb449a12ac2
game/core/sounds/diagnostics/wind_light_foliage_lp_01.vsnd_c	758173	core-runtime-and-editor-data	same-name-current-deadlock-vpk-member-listed	game/core/pak01_dir.vpk!sounds/diagnostics/wind_light_foliage_lp_01.vsnd_c	1422456/9192361732058507254	6b8c4aab391a50c12816c4afb00470052fccf1da23425386915a03a1f9a41bf2
game/core/sounds/diagnostics/wind_med_foliage_lp_01.vsnd_c	608181	core-runtime-and-editor-data	same-name-current-deadlock-vpk-member-listed	game/core/pak01_dir.vpk!sounds/diagnostics/wind_med_foliage_lp_01.vsnd_c	1422456/9192361732058507254	cf820e97f3aacc8f212e8aa68be692e6aca3d9b104f8f84fb9a99f0a16bb726c
game/core/sounds/diagnostics/wpn_shotgun_fire_head_test_01.vsnd_c	56155	core-runtime-and-editor-data	same-name-current-deadlock-vpk-member-listed	game/core/pak01_dir.vpk!sounds/diagnostics/wpn_shotgun_fire_head_test_01.vsnd_c	1422456/9192361732058507254	8d9b3710dfa47c1f73e0b88f2990c10d2976a228deb8c4430783837b9f012c8e
game/core/soundstacks/base.vmix_c	6460	core-runtime-and-editor-data	same-name-current-deadlock-vpk-member-listed	game/core/pak01_dir.vpk!soundstacks/base.vmix_c	1422456/9192361732058507254	1e83b036b7cff8e372870c4ddb596850a6317c232e2c243fc3d5487749254085
game/core/soundstacks/mixgraph.vmix_c	7677	core-runtime-and-editor-data	same-name-current-deadlock-vpk-member-listed	game/core/pak01_dir.vpk!soundstacks/mixgraph.vmix_c	1422456/9192361732058507254	2b184d922611101b60862e0c979e495bcb4e1e323b80c6febc5f22415546e472
game/core/soundstacks/soundeventgroups.vsndgrps	25298	core-runtime-and-editor-data	no-current-path-match-in-checked-sources			2106739e351bc6a56e5c8eb55a2fea952b6731acd8d46c155474568af6488674
game/core/soundstacks/soundstacks_containers_test.vsndstck_c	1556	core-runtime-and-editor-data	same-name-current-deadlock-vpk-member-listed	game/core/pak01_dir.vpk!soundstacks/soundstacks_containers_test.vsndstck_c	1422456/9192361732058507254	f1a3602f7115efb97941fecf3a6fc966ffdb8a7cef864423261ab3bd5c486d41
game/core/soundstacks/soundstacks_diagnostics.vsndstck_c	17279	core-runtime-and-editor-data	same-name-current-deadlock-vpk-member-listed	game/core/pak01_dir.vpk!soundstacks/soundstacks_diagnostics.vsndstck_c	1422456/9192361732058507254	eca29b16ebea5b1626ccdc0a863ac91534b080b5e743539024a429d6f5415aad
game/core/soundstacks/soundstacks_import_opvars_test.vsndstck_c	2286	core-runtime-and-editor-data	same-name-current-deadlock-vpk-member-listed	game/core/pak01_dir.vpk!soundstacks/soundstacks_import_opvars_test.vsndstck_c	1422456/9192361732058507254	fbb93dc0fbe207a2844caad9790bd6d4485c1be0e84e08d04bf8af2c3952c084
game/core/soundstacks/soundstacks_soundscapes_core.vsndstck_c	13750	core-runtime-and-editor-data	same-name-current-deadlock-vpk-member-listed	game/core/pak01_dir.vpk!soundstacks/soundstacks_soundscapes_core.vsndstck_c	1422456/9192361732058507254	902a0d25a17d82cb6281d0ea87d317ff0b003265856bdd6150e78f9b71e20e88
game/core/soundstacks/subgraph_default.vmix_c	8181	core-runtime-and-editor-data	same-name-current-deadlock-vpk-member-listed	game/core/pak01_dir.vpk!soundstacks/subgraph_default.vmix_c	1422456/9192361732058507254	4e17f29b276f5474dce0e5cd56d06db8b9415c7d6cbe45ddea903a9ea42e4e4d
game/core/soundstacks/unit_test.vmix_c	11143	core-runtime-and-editor-data	same-name-current-deadlock-vpk-member-listed	game/core/pak01_dir.vpk!soundstacks/unit_test.vmix_c	1422456/9192361732058507254	bd163144b97055f5eb9099aa8265f97893c5526f9909ed3f81a29dfcf0864a74
game/core/source1import_txtmap.txt	19880	core-runtime-and-editor-data	same-name-current-deadlock-vpk-member-listed	game/core/pak01_dir.vpk!source1import_txtmap.txt	1422456/9192361732058507254	bbc71d44756947804a42e080d6abfcbad00b0abb6d520aa77a36db0c8d13d3a8
game/core/tools/faceposer/default_channels_template.txt	450	core-runtime-and-editor-data	no-current-path-match-in-checked-sources			0f2940f551c5677d72b2f9faf551ab99c5dbedcdbe61d08ca1ffe0cd92848a14
game/core/tools/faceposer/faceposer.fgd	6691	core-runtime-and-editor-data	no-current-path-match-in-checked-sources			2ac26180327eaa36ff1a9ab3082f5eaf7213a64e4419a3b390f1d15e152cd098
game/core/tools/images/animation/ikrig_editor_open_appicon.ico	27404	core-runtime-and-editor-data	no-current-path-match-in-checked-sources			076c62c7c0fc712b7db90a81307ef10700120972d02f8446a2be8e6facc34791
game/core/tools/images/assettypes/vpulse_lg.png	11612	core-runtime-and-editor-data	no-current-path-match-in-checked-sources			32a21334f5c35fdd9dfd104e685c0fce89bbcb2afb744ad24bd9723a04553c9f
game/core/tools/images/assettypes/vpulse_sm.png	742	core-runtime-and-editor-data	no-current-path-match-in-checked-sources			bc8130477675a114481d1efe5f479693003bb771033a3539e26fd365fa00f6fc
game/core/tools/images/common/breakme_asset.png	2706	core-runtime-and-editor-data	same-name-current-cs2-file-assembled	game/core/tools/images/common/breakme_asset.png	1422456/9192361732058507254;2347770/2053759441494650084	95d71953f96142901bfda7ed07434e0ca678b6961aff0fd05bf7995c3ee76a6a
game/core/tools/images/common/electronics.png	4860	core-runtime-and-editor-data	same-name-current-cs2-file-assembled	game/core/tools/images/common/electronics.png	1422456/9192361732058507254;2347770/2053759441494650084	ffedbfbad0caeb35e623152b41ee0a68b1c4350f7852271ae0c52c602c0bb2a9
game/core/tools/images/common/trash_asset.png	2881	core-runtime-and-editor-data	same-name-current-cs2-file-assembled	game/core/tools/images/common/trash_asset.png	1422456/9192361732058507254;2347770/2053759441494650084	f97dd914917ff23e8595cc7bf8a4a516c7846c4b1217ad9fe8f493dd82ca1095
game/core/tools/images/common/vista_asset.png	2523	core-runtime-and-editor-data	same-name-current-cs2-file-assembled	game/core/tools/images/common/vista_asset.png	1422456/9192361732058507254;2347770/2053759441494650084	1167fff6bb8ba7dff5773af9c8f0c711264fb69eff3e84c267577a7190f20947
game/core/tools/images/spawndebugger/appicon.png	3822	core-runtime-and-editor-data	no-current-path-match-in-checked-sources			43a0867b15e7bcdcdb625a237bdfb9d279d63bc93e327005e205ce50dd2e1f27
game/core/tools/images/spawndebugger/spawndebugger_debug_disabled.png	2998	core-runtime-and-editor-data	no-current-path-match-in-checked-sources			af0c9a9d85feec836a9099202c3b631b40855e629de172ab823184dea80c6cbb
game/core/tools/images/spawndebugger/spawndebugger_debug_enabled.png	3001	core-runtime-and-editor-data	no-current-path-match-in-checked-sources			bcb5301497b424c795fe45669bbe7f01ea29ebb294fef55f61099b7d8a68c504
game/core/tools/images/spawndebugger/spawndebugger_game_disabled.png	2873	core-runtime-and-editor-data	no-current-path-match-in-checked-sources			498d9782ce17c913cb0413405cfac7c49a2f1fc81168f442151a75b6cdecc4e5
game/core/tools/images/spawndebugger/spawndebugger_game_enabled.png	2888	core-runtime-and-editor-data	no-current-path-match-in-checked-sources			55a11b095cff71a28ef4881be22b9085f30c4e6b31cbb63905c3ad1b12ae773f
game/core/tools/images/spawndebugger/tree_icon_constraint.png	2981	core-runtime-and-editor-data	no-current-path-match-in-checked-sources			a916f9a55feb1c898edfc1e05c7580da37ec59c6f84dd821f9009ec2c7f2aded
game/core/tools/images/spawndebugger/tree_icon_manager.png	3327	core-runtime-and-editor-data	no-current-path-match-in-checked-sources			2bdfec27e92b84b1472bd6b633be034e1e5cbfdf73c1a4bdc9ed5926ad5dd183
game/core/tools/images/spawndebugger/tree_icon_subgroup.png	2975	core-runtime-and-editor-data	no-current-path-match-in-checked-sources			34f5a69c42ba146019c53fda88314f167eacd4d16dd770bfe9167d19aa793a93
game/core/tools/images/spawndebugger/tree_icon_template.png	2974	core-runtime-and-editor-data	no-current-path-match-in-checked-sources			eec99f6c94d2ae1e9b3836db0d848f5418d3297ee64bb824b23dc2b13eaefbf7
game/core/tools/keybindings/animclip_editor_key_bindings.txt	3275	core-runtime-and-editor-data	same-name-current-loose-file-listed	game/core/tools/keybindings/animclip_editor_key_bindings.txt	1422456/9192361732058507254	58eb777394cba5395f4d3053e47bdbb983c12ab4a755d790d34f91943ba47dc0
game/core/tools/keybindings/animgraph2_editor_key_bindings.txt	4058	core-runtime-and-editor-data	same-name-current-loose-file-listed	game/core/tools/keybindings/animgraph2_editor_key_bindings.txt	1422456/9192361732058507254	fa8b559d6136e771a388aa67b6896f43e4780b4bb2610be4d6f47adba0fc06ac
game/core/tools/keybindings/faceposer_key_bindings.txt	5208	core-runtime-and-editor-data	same-name-current-loose-file-listed	game/core/tools/keybindings/faceposer_key_bindings.txt	1422456/9192361732058507254	3133883cfec592e7398b096b2fb0c98303fd88dd1f28d975799cbe7677752d36
game/core/tools/keybindings/hammer_key_bindings.txt	79702	core-runtime-and-editor-data	same-name-current-cs2-file-assembled	game/core/tools/keybindings/hammer_key_bindings.txt	1422456/9192361732058507254;2347770/2053759441494650084	5dc1b22afa9ff66ea3019a290007561391c5bf1cb3620968535c3ca1471d4a49
game/core/tools/keybindings/shared_tool_key_bindings.txt	4580	core-runtime-and-editor-data	same-name-current-cs2-file-assembled	game/core/tools/keybindings/shared_tool_key_bindings.txt	1422456/9192361732058507254;2347770/2053759441494650084	5ea966717355528c513b609dca349545d1c873096c78ac96aa6a54512cbdcb54
game/core/tools/layout/assetbrowser/asset_graph_view.vqlayout	5592	core-runtime-and-editor-data	same-name-current-cs2-file-assembled	game/core/tools/layout/assetbrowser/asset_graph_view.vqlayout	1422456/9192361732058507254;2347770/2053759441494650084	bb7559837060e924cb6cf17fbd42a369e1d8b278687d9b887947ebeb53534b01
game/core/tools/sdk_vconsole_subtools.txt	3476	core-runtime-and-editor-data	same-name-current-cs2-file-assembled	game/core/tools/sdk_vconsole_subtools.txt	1422456/9192361732058507254;2347770/2053759441494650084	5e050b5ac2d4b0bf8c9e4100172283f273fdb9ac6ca2eabea94ef9176f58c76c
game/core/tools/vconsole_subtools.txt	8565	core-runtime-and-editor-data	same-name-current-loose-file-listed	game/core/tools/vconsole_subtools.txt	1422456/9192361732058507254	a331eff7e7d5a1212bbafdeb5f8afcfc543a4834c8ab434837d1d3d9bd17aec4
game/core/toolscenelightrigs.txt	5170	core-runtime-and-editor-data	no-current-path-match-in-checked-sources			750593df2e6fb61a7e03aa476d84c51b0841bcf4b98ef0b841f01034392d933a
game/core/tools_asset_info.bin	324365	core-runtime-and-editor-data	no-current-path-match-in-checked-sources			6fad75f6dde59a3c1c9428a45ef9ed8c4c47be89b4da8cd1f02725f0bb990852
game/core/vdata_base.fgd	4871	core-runtime-and-editor-data	same-name-current-cs2-file-assembled	game/core/vdata_base.fgd	2347779/2145418671218218617	7e124ebc9e5ebcfaf116e5011c2abffbdc8b9ee327df29462dcb07d8099d6100
game/_toolsettings/asset_browser/settings.txt	3338	helpers-and-local-settings	no-current-path-match-in-checked-sources			a4933960fee77ee5f03ea042631393651c4713cf903bde9a9a89ad74c305436e
game/_toolsettings/cs2_workshop_manager/settings.txt	404	helpers-and-local-settings	no-current-path-match-in-checked-sources			0b9c4e21ddbbcccc8d1032e9a05b0c8b024f9844bee81958e69c74950f43b398
game/_toolsettings/hammer/settings.txt	10509	helpers-and-local-settings	no-current-path-match-in-checked-sources			598c0c922bfd66ffdb3d5cb981f84fff15cb8e78eb4bca94e570025b0a105a17
game/_toolsettings/modeldoc_editor/settings.txt	7498	helpers-and-local-settings	no-current-path-match-in-checked-sources			70302994a2324846512fe7ab9459845368c4cc8c4448f5e26e9cec5d700d63c4
game/_toolsettings/mru_asset_set/citadel_settings.txt	402	helpers-and-local-settings	no-current-path-match-in-checked-sources			225a2e801745f34de8a547f567e7754c548385cbaef467c85402c38426cfcafd
game/_toolsettings/pet/settings.txt	1618	helpers-and-local-settings	no-current-path-match-in-checked-sources			df2ef4c23d2a0935098df14b5a91aaff7a0133fe60f141714d11bed643b26c22
game/_toolsettings/postprocessingeditor/settings.txt	1390	helpers-and-local-settings	no-current-path-match-in-checked-sources			5096c6a9c9c05ce2af08d3a3cc4278a5e6efdf05ba4a2922549f94190ee55507
game/_toolsettings/working_sets/citadel_settings.txt	402	helpers-and-local-settings	no-current-path-match-in-checked-sources			6d5f719c8ed1b776495f59c14c5eb6ef0fb01f6155ec1bcbb18fdde311761d9a
GUIMapCompiler/CS2MapCompiler.exe	44544	helpers-and-local-settings	no-current-path-match-in-checked-sources			1fce0e71e24c0e65f732e1c7ce592d8e5be85acae50e02e3a194c42cb9a2bef4
GUIMapCompiler/CS2MapCompiler.exe.config	187	helpers-and-local-settings	no-current-path-match-in-checked-sources			f82338e8e9c746b5d95cd2ccc7bf94dd5de2b9b8982fffddf2118e475de50e15
READ ME FIRST.txt	3819	helpers-and-local-settings	no-current-path-match-in-checked-sources			6c3344c268e57a0e9b0c2da3815d029bd1fc2ea2eb422fcad5bfed89747cea9d
